reporting_period,firm_name,firm_group,joint_reporting,product_group,complaints_opened,complaints_closed,pct_closed_3days,pct_closed_3to8weeks,uphold_rate,denominator,source_file
2024H1,AIB Group (uk) PLC,AIB GROUP PUBLIC LIMITED COMPANY,no,Banking and credit cards,537.0,552.0,0.3007,0.6975,0.5888,1.01,firm-level-complaints-data-2024-h1.xlsx
2024H1,AIB Group (uk) PLC,AIB GROUP PUBLIC LIMITED COMPANY,no,Home finance,27.0,28.0,0.3214,0.6786,0.5,,firm-level-complaints-data-2024-h1.xlsx
2024H1,AIB Group (uk) PLC,AIB GROUP PUBLIC LIMITED COMPANY,no,Insurance & pure protection,2.0,1.0,0.0,1.0,0.0,,firm-level-complaints-data-2024-h1.xlsx
2024H1,AIB Group (uk) PLC,AIB GROUP PUBLIC LIMITED COMPANY,no,Investments,2.0,1.0,0.0,1.0,0.0,,firm-level-complaints-data-2024-h1.xlsx
2024H1,Accord Mortgages Limited,YORKSHIRE BUILDING SOCIETY,no,Banking and credit cards,17.0,17.0,0.0588,0.8824,0.7059,2.0,firm-level-complaints-data-2024-h1.xlsx
2024H1,Accord Mortgages Limited,YORKSHIRE BUILDING SOCIETY,no,Home finance,975.0,1022.0,0.2867,0.5744,0.6448,4.73,firm-level-complaints-data-2024-h1.xlsx
2024H1,Accredited Insurance (europe) LTD,NO GROUP,no,Insurance & pure protection,5609.0,5831.0,0.2307,0.5956,0.3687,2.44,firm-level-complaints-data-2024-h1.xlsx
2024H1,Acm Ulr Limited,MARKERSTUDY GROUP,no,Insurance & pure protection,1247.0,,0.1121,0.8713,0.472,15.13,firm-level-complaints-data-2024-h1.xlsx
2024H1,Acorn Insurance & Financial Services LTD,NO GROUP,no,Insurance & pure protection,633.0,686.0,0.1953,0.8032,0.5583,1.51,firm-level-complaints-data-2024-h1.xlsx
2024H1,Action 365 LTD,NO GROUP,no,Insurance & pure protection,997.0,1127.0,0.1109,0.638,0.3531,20.4,firm-level-complaints-data-2024-h1.xlsx
2024H1,Adrian Flux Insurance Services Group,NO GROUP,no,Insurance & pure protection,1271.0,1272.0,0.9552,0.0448,0.2225,1.44,firm-level-complaints-data-2024-h1.xlsx
2024H1,Advisory Insurance Brokers Limited,ARDONAGH GROUP LIMITED,no,Insurance & pure protection,758.0,744.0,0.3132,0.6331,0.6102,,firm-level-complaints-data-2024-h1.xlsx
2024H1,Affinity Insurance Solutions Limited,MARKERSTUDY GROUP,no,Insurance & pure protection,1121.0,,0.7666,0.2325,0.229,3.14,firm-level-complaints-data-2024-h1.xlsx
2024H1,Ageas Insurance Limited,AGEAS SA-NV,no,Insurance & pure protection,6073.0,6297.0,0.2662,0.6228,0.4661,1.31,firm-level-complaints-data-2024-h1.xlsx
2024H1,Ageas Retail Limited,AGEAS SA-NV,no,Insurance & pure protection,1096.0,1083.0,0.4561,0.5355,0.4792,1.39,firm-level-complaints-data-2024-h1.xlsx
2024H1,Aig Life Limited,AVIVA PLC,no,Insurance & pure protection,633.0,,0.0988,0.6048,0.4274,0.49,firm-level-complaints-data-2024-h1.xlsx
2024H1,Aioi Nissay Dowa Insurance UK Limited,AIOI NISSAY DOWA EUROPE LIMITED,yes,Insurance & pure protection,2542.0,2465.0,0.1201,0.8483,0.4592,6.62,firm-level-complaints-data-2024-h1.xlsx
2024H1,Aj Bell Management Limited,AJ BELL GROUP,yes,Decumulation & pensions,763.0,772.0,0.4417,0.5557,0.4741,3.4,firm-level-complaints-data-2024-h1.xlsx
2024H1,Aj Bell Securities Limited,AJ BELL GROUP,no,Banking and credit cards,23.0,27.0,0.2593,0.7407,0.5926,7.26,firm-level-complaints-data-2024-h1.xlsx
2024H1,Aj Bell Securities Limited,AJ BELL GROUP,no,Decumulation & pensions,132.0,130.0,0.2692,0.7308,0.5462,1.12,firm-level-complaints-data-2024-h1.xlsx
2024H1,Aj Bell Securities Limited,AJ BELL GROUP,no,Investments,537.0,545.0,0.356,0.644,0.5009,1.1,firm-level-complaints-data-2024-h1.xlsx
2024H1,Aldermore Bank PLC,FIRSTRAND LIMITED,no,Banking and credit cards,872.0,814.0,0.5528,0.4373,0.6609,2.07,firm-level-complaints-data-2024-h1.xlsx
2024H1,Aldermore Bank PLC,FIRSTRAND LIMITED,no,Home finance,924.0,881.0,0.2599,0.7287,0.6243,20.5,firm-level-complaints-data-2024-h1.xlsx
2024H1,Allianz Insurance PLC,ALLIANZ SE,no,Insurance & pure protection,3395.0,3411.0,0.2911,0.6848,0.613,0.69,firm-level-complaints-data-2024-h1.xlsx
2024H1,American Express Services Europe Limited (aesel),AMERICAN EXPRESS,no,Banking and credit cards,8716.0,8564.0,0.1447,0.8542,0.3392,3.0,firm-level-complaints-data-2024-h1.xlsx
2024H1,American Express Services Europe Limited (aesel),AMERICAN EXPRESS,no,Insurance & pure protection,71.0,69.0,0.058,0.9275,0.1739,0.03,firm-level-complaints-data-2024-h1.xlsx
2024H1,American International Group UK Limited,"AMERICAN INTERNATIONAL GROUP, INC. (AIG)",yes,Insurance & pure protection,3167.0,3147.0,0.2371,0.7582,0.5399,0.86,firm-level-complaints-data-2024-h1.xlsx
2024H1,Amtrust Europe Limited,AMTRUST FINANCIAL SERVICES INC,yes,Insurance & pure protection,2046.0,2243.0,0.1734,0.6625,0.4008,0.45,firm-level-complaints-data-2024-h1.xlsx
2024H1,Animal Friends Insurance Services LTD,NO GROUP,no,Insurance & pure protection,3888.0,3657.0,0.2316,0.7678,0.3147,,firm-level-complaints-data-2024-h1.xlsx
2024H1,Arnold Clark Automobiles Limited,NO GROUP,no,Insurance & pure protection,21.0,22.0,0.4545,0.5455,0.0909,,firm-level-complaints-data-2024-h1.xlsx
2024H1,Arthur J. Gallagher Insurance Brokers Limited,ARTHUR J GALLAGHER (UK) LTD,yes,Insurance & pure protection,1082.0,,0.2706,0.7083,0.5752,,firm-level-complaints-data-2024-h1.xlsx
2024H1,Assurant General Insurance Limited,ASSURANT INC,no,Insurance & pure protection,6202.0,6733.0,0.3431,0.5696,0.4566,1.45,firm-level-complaints-data-2024-h1.xlsx
2024H1,Astrenska Insurance Limited,NO GROUP,no,Insurance & pure protection,1911.0,2387.0,0.0855,0.7834,0.5786,0.53,firm-level-complaints-data-2024-h1.xlsx
2024H1,Asurion Europe Limited,ASURION,no,Insurance & pure protection,1586.0,1741.0,0.251,0.7438,0.2211,2.4,firm-level-complaints-data-2024-h1.xlsx
2024H1,Atlanta Insurance Intermediaries Limited,MARKERSTUDY GROUP,no,Insurance & pure protection,12140.0,,0.6553,0.3349,0.4636,6.2,firm-level-complaints-data-2024-h1.xlsx
2024H1,Automobile Association Insurance Services Limited,AUTOMOBILE ASSOCIATION (AA),no,Insurance & pure protection,11667.0,12312.0,0.3409,0.6577,0.319,,firm-level-complaints-data-2024-h1.xlsx
2024H1,Avantia Insurance Limited,NO GROUP,no,Insurance & pure protection,1764.0,1679.0,0.7147,0.2841,0.3645,5.87,firm-level-complaints-data-2024-h1.xlsx
2024H1,Aviva Health UK Limited,AVIVA PLC,no,Insurance & pure protection,1606.0,,0.4328,0.4655,0.4873,,firm-level-complaints-data-2024-h1.xlsx
2024H1,Aviva Insurance Limited,AVIVA PLC,no,Insurance & pure protection,48518.0,49278.0,0.2904,0.646,0.613,3.04,firm-level-complaints-data-2024-h1.xlsx
2024H1,Aviva Life Services UK Limited,AVIVA PLC,yes,Decumulation & pensions,16375.0,15918.0,0.3313,0.5298,0.6523,1.96,firm-level-complaints-data-2024-h1.xlsx
2024H1,Aviva Life Services UK Limited,AVIVA PLC,yes,Home finance,1115.0,1065.0,0.3859,0.4751,0.3089,11.32,firm-level-complaints-data-2024-h1.xlsx
2024H1,Aviva Life Services UK Limited,AVIVA PLC,yes,Insurance & pure protection,3869.0,3745.0,0.3837,0.5196,0.5151,1.05,firm-level-complaints-data-2024-h1.xlsx
2024H1,Aviva Life Services UK Limited,AVIVA PLC,yes,Investments,3032.0,3018.0,0.3565,0.4417,0.671,2.77,firm-level-complaints-data-2024-h1.xlsx
2024H1,Awp Assistance UK LTD,ALLIANZ SE,yes,Insurance & pure protection,2493.0,2282.0,0.1507,0.8344,0.833,0.39,firm-level-complaints-data-2024-h1.xlsx
2024H1,Awp P&c S.a.,ALLIANZ SE,no,Insurance & pure protection,1698.0,,0.1215,0.8681,0.4066,0.27,firm-level-complaints-data-2024-h1.xlsx
2024H1,Axa Insurance Designated Activity Company,AXA GROUP,no,Insurance & pure protection,2167.0,2172.0,0.8435,0.1275,0.5437,8.45,firm-level-complaints-data-2024-h1.xlsx
2024H1,Axa Insurance UK PLC,AXA GROUP,no,Insurance & pure protection,28525.0,30358.0,0.2662,0.5126,0.5931,9.45,firm-level-complaints-data-2024-h1.xlsx
2024H1,Axa Ppp Healthcare Limited,AXA GROUP,no,Insurance & pure protection,41657.0,41555.0,0.7817,0.2095,0.4799,36.75,firm-level-complaints-data-2024-h1.xlsx
2024H1,Bank Of Ireland (uk) PLC,BANK OF IRELAND GROUP,yes,Banking and credit cards,3059.0,3100.0,0.4342,0.4835,0.4555,2.72,firm-level-complaints-data-2024-h1.xlsx
2024H1,Bank Of Ireland (uk) PLC,BANK OF IRELAND GROUP,yes,Home finance,794.0,1155.0,0.1593,0.2918,0.3203,7.8,firm-level-complaints-data-2024-h1.xlsx
2024H1,Bank Of Ireland (uk) PLC,BANK OF IRELAND GROUP,yes,Insurance & pure protection,35.0,32.0,,1.0,,,firm-level-complaints-data-2024-h1.xlsx
2024H1,Bank Of Ireland (uk) PLC,BANK OF IRELAND GROUP,yes,Investments,1.0,1.0,1.0,,,,firm-level-complaints-data-2024-h1.xlsx
2024H1,Bank Of Scotland PLC,LLOYDS BANKING GROUP PLC,no,Banking and credit cards,63896.0,64791.0,0.6118,0.3451,0.6449,1.8,firm-level-complaints-data-2024-h1.xlsx
2024H1,Bank Of Scotland PLC,LLOYDS BANKING GROUP PLC,no,Decumulation & pensions,9.0,10.0,0.1,0.7,0.5,0.06,firm-level-complaints-data-2024-h1.xlsx
2024H1,Bank Of Scotland PLC,LLOYDS BANKING GROUP PLC,no,Home finance,14104.0,14010.0,0.4274,0.5374,0.5214,6.59,firm-level-complaints-data-2024-h1.xlsx
2024H1,Bank Of Scotland PLC,LLOYDS BANKING GROUP PLC,no,Insurance & pure protection,291.0,280.0,0.2464,0.7107,0.0929,0.4,firm-level-complaints-data-2024-h1.xlsx
2024H1,Bank Of Scotland PLC,LLOYDS BANKING GROUP PLC,no,Investments,57.0,53.0,0.0755,0.8302,0.2453,0.37,firm-level-complaints-data-2024-h1.xlsx
2024H1,Barclays Bank PLC,BARCLAYS PLC,yes,Banking and credit cards,9600.0,9568.0,0.7183,0.2594,0.6823,7.62,firm-level-complaints-data-2024-h1.xlsx
2024H1,Barclays Bank PLC,BARCLAYS PLC,yes,Decumulation & pensions,32.0,40.0,0.275,0.625,0.7,,firm-level-complaints-data-2024-h1.xlsx
2024H1,Barclays Bank PLC,BARCLAYS PLC,yes,Home finance,2.0,2.0,,1.0,,,firm-level-complaints-data-2024-h1.xlsx
2024H1,Barclays Bank PLC,BARCLAYS PLC,yes,Investments,1206.0,1454.0,0.3088,0.478,0.6747,2.42,firm-level-complaints-data-2024-h1.xlsx
2024H1,Barclays Bank UK PLC,BARCLAYS PLC,yes,Banking and credit cards,71096.0,75713.0,0.605,0.3424,0.6635,1.94,firm-level-complaints-data-2024-h1.xlsx
2024H1,Barclays Bank UK PLC,BARCLAYS PLC,yes,Decumulation & pensions,11.0,16.0,0.25,0.25,0.4375,0.0,firm-level-complaints-data-2024-h1.xlsx
2024H1,Barclays Bank UK PLC,BARCLAYS PLC,yes,Home finance,8557.0,9099.0,0.4951,0.4313,0.6993,9.86,firm-level-complaints-data-2024-h1.xlsx
2024H1,Barclays Bank UK PLC,BARCLAYS PLC,yes,Insurance & pure protection,245.0,282.0,0.4007,0.4255,0.2021,1.11,firm-level-complaints-data-2024-h1.xlsx
2024H1,Barclays Bank UK PLC,BARCLAYS PLC,yes,Investments,46.0,74.0,0.0405,0.3649,0.4054,0.0,firm-level-complaints-data-2024-h1.xlsx
2024H1,Bisl Limited,MARKERSTUDY GROUP,no,Insurance & pure protection,11260.0,,0.619,0.3785,0.4096,4.5,firm-level-complaints-data-2024-h1.xlsx
2024H1,Black Horse Limited,LLOYDS BANKING GROUP PLC,no,Home finance,374.0,2.0,0.0,1.0,0.0,,firm-level-complaints-data-2024-h1.xlsx
2024H1,Black Horse Limited,LLOYDS BANKING GROUP PLC,no,Insurance & pure protection,38.0,36.0,0.5833,0.3889,0.0,,firm-level-complaints-data-2024-h1.xlsx
2024H1,Brightside Insurance Services Limited,MARKERSTUDY GROUP,no,Insurance & pure protection,723.0,,0.7237,0.2709,0.3912,3.15,firm-level-complaints-data-2024-h1.xlsx
2024H1,British Gas Services Limited,CENTRICA PLC,yes,Insurance & pure protection,55282.0,55872.0,0.755,0.2067,0.9636,9.94,firm-level-complaints-data-2024-h1.xlsx
2024H1,Bspoke Underwriting LTD,NO GROUP,no,Insurance & pure protection,526.0,520.0,0.2135,0.775,0.5346,,firm-level-complaints-data-2024-h1.xlsx
2024H1,Bupa Insurance Services Limited,BUPA GROUP,yes,Insurance & pure protection,33137.0,34166.0,0.4765,0.5158,0.5663,10.08,firm-level-complaints-data-2024-h1.xlsx
2024H1,Cabot Credit Management Group Limited,NO GROUP,no,Home finance,24.0,26.0,0.0769,0.7692,0.3846,,firm-level-complaints-data-2024-h1.xlsx
2024H1,Call Assist LTD,CALL ASSIST LIMITED,yes,Insurance & pure protection,852.0,909.0,0.1936,0.8064,0.4103,,firm-level-complaints-data-2024-h1.xlsx
2024H1,Canada Life Limited,NO GROUP,yes,Decumulation & pensions,886.0,1232.0,0.0682,0.6721,0.9481,,firm-level-complaints-data-2024-h1.xlsx
2024H1,Canada Life Limited,NO GROUP,yes,Insurance & pure protection,156.0,147.0,0.3333,0.619,0.551,,firm-level-complaints-data-2024-h1.xlsx
2024H1,Canada Life Limited,NO GROUP,yes,Investments,65.0,64.0,0.0938,0.7969,0.6563,,firm-level-complaints-data-2024-h1.xlsx
2024H1,Capital One (europe) PLC,CAPITAL ONE FINANCIAL CORPORATION,no,Banking and credit cards,24807.0,24932.0,0.1827,0.8019,0.3477,5.01,firm-level-complaints-data-2024-h1.xlsx
2024H1,Capital One (europe) PLC,CAPITAL ONE FINANCIAL CORPORATION,no,Insurance & pure protection,12.0,14.0,0.1429,0.7143,0.3571,,firm-level-complaints-data-2024-h1.xlsx
2024H1,Car Care Plan Limited,NO GROUP,yes,Insurance & pure protection,978.0,980.0,0.3684,0.6255,0.2786,1.04,firm-level-complaints-data-2024-h1.xlsx
2024H1,Carfinance247 Limited,NO GROUP,no,Insurance & pure protection,146.0,140.0,0.0,1.0,0.3929,,firm-level-complaints-data-2024-h1.xlsx
2024H1,Carole Nash Insurance Consultants LTD,MARKERSTUDY GROUP,no,Insurance & pure protection,4413.0,,0.6848,0.313,0.4707,8.31,firm-level-complaints-data-2024-h1.xlsx
2024H1,Charter Court Financial Services Limited,CHARTER COURT FINANCIAL SERVICES GROUP PLC,no,Banking and credit cards,772.0,767.0,0.3729,0.6271,0.4811,2.39,firm-level-complaints-data-2024-h1.xlsx
2024H1,Charter Court Financial Services Limited,CHARTER COURT FINANCIAL SERVICES GROUP PLC,no,Home finance,1420.0,1495.0,0.208,0.7552,0.3906,18.54,firm-level-complaints-data-2024-h1.xlsx
2024H1,Chetwood Financial Limited,NO GROUP,no,Banking and credit cards,354.0,334.0,0.0299,0.9701,0.1916,,firm-level-complaints-data-2024-h1.xlsx
2024H1,Chubb European Group Se,CHUBB LIMITED,yes,Insurance & pure protection,4575.0,4476.0,0.0827,0.9097,0.6562,0.71,firm-level-complaints-data-2024-h1.xlsx
2024H1,Citibank UK Limited,CITI GROUP,no,Banking and credit cards,1808.0,1807.0,0.6342,0.3658,0.1085,55.79,firm-level-complaints-data-2024-h1.xlsx
2024H1,Citibank UK Limited,CITI GROUP,no,Investments,34.0,39.0,0.1795,0.8205,0.4103,4.89,firm-level-complaints-data-2024-h1.xlsx
2024H1,Clearbank Limited,NO GROUP,no,Banking and credit cards,3239.0,3176.0,0.4424,0.5551,0.5186,2.41,firm-level-complaints-data-2024-h1.xlsx
2024H1,Close Brothers Limited,CLOSE BROTHERS GROUP PLC,no,Banking and credit cards,347.0,349.0,0.2006,0.7994,0.596,,firm-level-complaints-data-2024-h1.xlsx
2024H1,Close Brothers Limited,CLOSE BROTHERS GROUP PLC,no,Insurance & pure protection,1.0,1.0,0.0,0.0,1.0,,firm-level-complaints-data-2024-h1.xlsx
2024H1,Clydesdale Bank PLC,VIRGIN MONEY UK PLC,yes,Banking and credit cards,32221.0,31343.0,0.4278,0.5413,0.7194,3.84,firm-level-complaints-data-2024-h1.xlsx
2024H1,Clydesdale Bank PLC,VIRGIN MONEY UK PLC,yes,Decumulation & pensions,2.0,2.0,0.5,0.5,1.0,0.0,firm-level-complaints-data-2024-h1.xlsx
2024H1,Clydesdale Bank PLC,VIRGIN MONEY UK PLC,yes,Home finance,2126.0,2020.0,0.1342,0.801,0.6,6.31,firm-level-complaints-data-2024-h1.xlsx
2024H1,Clydesdale Bank PLC,VIRGIN MONEY UK PLC,yes,Insurance & pure protection,16.0,15.0,0.1333,0.5333,0.2667,0.07,firm-level-complaints-data-2024-h1.xlsx
2024H1,Clydesdale Bank PLC,VIRGIN MONEY UK PLC,yes,Investments,12.0,11.0,0.0909,0.5455,0.7273,0.0,firm-level-complaints-data-2024-h1.xlsx
2024H1,Cofunds Limited,AEGON N.V.,no,Decumulation & pensions,109.0,115.0,0.0261,0.2,0.5652,5.08,firm-level-complaints-data-2024-h1.xlsx
2024H1,Cofunds Limited,AEGON N.V.,no,Investments,962.0,1221.0,0.0377,0.3325,0.62,1.18,firm-level-complaints-data-2024-h1.xlsx
2024H1,Columbia Threadneedle Management Limited,NO GROUP,no,Investments,637.0,640.0,0.2125,0.7547,0.3266,5.18,firm-level-complaints-data-2024-h1.xlsx
2024H1,Compare The Market Limited,NO GROUP,no,Banking and credit cards,0.0,0.0,,,,0.0,firm-level-complaints-data-2024-h1.xlsx
2024H1,Compare The Market Limited,NO GROUP,no,Insurance & pure protection,505.0,506.0,0.1759,0.8241,0.0909,,firm-level-complaints-data-2024-h1.xlsx
2024H1,Complete Cover Group LTD,NO GROUP,no,Insurance & pure protection,900.0,835.0,0.1593,0.8371,0.7317,12.04,firm-level-complaints-data-2024-h1.xlsx
2024H1,Connells Limited,SKIPTON BUILDING SOCIETY,no,Home finance,466.0,484.0,0.0248,0.9401,0.4174,,firm-level-complaints-data-2024-h1.xlsx
2024H1,Connells Limited,SKIPTON BUILDING SOCIETY,no,Insurance & pure protection,106.0,111.0,0.0991,0.8468,0.3153,,firm-level-complaints-data-2024-h1.xlsx
2024H1,Corgi Homeplan LTD,OVO GROUP,no,Insurance & pure protection,1956.0,2128.0,0.0757,0.8999,0.7383,7.58,firm-level-complaints-data-2024-h1.xlsx
2024H1,Coutts & Company,NATWEST GROUP,no,Banking and credit cards,1368.0,1386.0,0.487,0.5022,0.513,4.78,firm-level-complaints-data-2024-h1.xlsx
2024H1,Coutts & Company,NATWEST GROUP,no,Decumulation & pensions,13.0,10.0,0.0,1.0,0.8,2.47,firm-level-complaints-data-2024-h1.xlsx
2024H1,Coutts & Company,NATWEST GROUP,no,Home finance,131.0,129.0,0.1395,0.7132,0.6589,11.06,firm-level-complaints-data-2024-h1.xlsx
2024H1,Coutts & Company,NATWEST GROUP,no,Insurance & pure protection,11.0,11.0,0.6364,0.3636,0.4545,0.74,firm-level-complaints-data-2024-h1.xlsx
2024H1,Coutts & Company,NATWEST GROUP,no,Investments,66.0,56.0,,0.7857,0.7679,1.41,firm-level-complaints-data-2024-h1.xlsx
2024H1,Covea Insurance PLC,COVEA GROUP,yes,Insurance & pure protection,2243.0,2240.0,0.1759,0.7866,0.4063,1.53,firm-level-complaints-data-2024-h1.xlsx
2024H1,Coventry Building Society,NO GROUP,yes,Banking and credit cards,3224.0,3224.0,0.5282,0.4705,0.6563,1.22,firm-level-complaints-data-2024-h1.xlsx
2024H1,Coventry Building Society,NO GROUP,yes,Home finance,738.0,741.0,0.4696,0.5196,0.722,2.09,firm-level-complaints-data-2024-h1.xlsx
2024H1,Coventry Building Society,NO GROUP,yes,Insurance & pure protection,2.0,2.0,0.5,0.5,0.5,,firm-level-complaints-data-2024-h1.xlsx
2024H1,Creation Consumer Finance LTD,BNP PARIBAS GROUP,no,Banking and credit cards,6333.0,4554.0,0.0736,0.7418,0.2934,2.63,firm-level-complaints-data-2024-h1.xlsx
2024H1,Creation Consumer Finance LTD,BNP PARIBAS GROUP,no,Insurance & pure protection,0.0,0.0,,,,0.0,firm-level-complaints-data-2024-h1.xlsx
2024H1,Creation Financial Services Limited,BNP PARIBAS GROUP,no,Banking and credit cards,667.0,713.0,0.0827,0.6704,0.4614,9.05,firm-level-complaints-data-2024-h1.xlsx
2024H1,Creation Financial Services Limited,BNP PARIBAS GROUP,no,Insurance & pure protection,0.0,0.0,,,,,firm-level-complaints-data-2024-h1.xlsx
2024H1,Cynergy Bank PLC,CYNERGY CAPITAL LTD,no,Banking and credit cards,701.0,619.0,0.4023,0.5977,0.8595,4.08,firm-level-complaints-data-2024-h1.xlsx
2024H1,Cynergy Bank PLC,CYNERGY CAPITAL LTD,no,Home finance,3.0,3.0,,1.0,0.3333,1.83,firm-level-complaints-data-2024-h1.xlsx
2024H1,Das Legal Expenses Insurance Company Limited,ERGO GROUP,no,Insurance & pure protection,1947.0,1964.0,0.0891,0.8406,0.6782,0.32,firm-level-complaints-data-2024-h1.xlsx
2024H1,Devitt Insurance Services LTD,NO GROUP,no,Insurance & pure protection,486.0,486.0,0.8601,0.1132,0.2654,,firm-level-complaints-data-2024-h1.xlsx
2024H1,Domestic & General Insurance PLC,CVC CAPITAL PARTNERS ADVISORY GROUP HOLDING FOUNDATION,no,Insurance & pure protection,48821.0,48304.0,0.5382,0.4463,0.5494,4.47,firm-level-complaints-data-2024-h1.xlsx
2024H1,Elavon Financial Services Designated Activity Company,NO GROUP,no,Banking and credit cards,2221.0,2217.0,0.4375,0.5557,0.1768,25.34,firm-level-complaints-data-2024-h1.xlsx
2024H1,Elderbridge Limited,TECH MAHINDRA LIMITED,no,Home finance,974.0,957.0,0.069,0.6531,0.5475,50.08,firm-level-complaints-data-2024-h1.xlsx
2024H1,Embark Investment Services Limited,LLOYDS BANKING GROUP PLC,no,Decumulation & pensions,530.0,,0.2142,0.6151,0.7467,5.17,firm-level-complaints-data-2024-h1.xlsx
2024H1,Embark Investment Services Limited,LLOYDS BANKING GROUP PLC,no,Investments,571.0,,0.1826,0.639,0.7548,1.86,firm-level-complaints-data-2024-h1.xlsx
2024H1,Equiniti Financial Services Limited,EQUINITI GROUP PLC,no,Decumulation & pensions,18.0,19.0,0.1579,0.8421,0.5263,40.09,firm-level-complaints-data-2024-h1.xlsx
2024H1,Equiniti Financial Services Limited,EQUINITI GROUP PLC,no,Investments,3237.0,3045.0,0.4102,0.5829,0.3701,0.51,firm-level-complaints-data-2024-h1.xlsx
2024H1,Ergo Travel Insurance Services LTD,NO GROUP,no,Insurance & pure protection,2921.0,3047.0,0.1726,0.6567,0.4582,1.46,firm-level-complaints-data-2024-h1.xlsx
2024H1,Esure Insurance Limited,ESURE GROUP PLC,yes,Insurance & pure protection,20386.0,23636.0,0.2248,0.4083,0.817,4.82,firm-level-complaints-data-2024-h1.xlsx
2024H1,Eui Limited,ADMIRAL GROUP PLC,yes,Insurance & pure protection,66719.0,66310.0,0.5178,0.4454,0.6421,4.17,firm-level-complaints-data-2024-h1.xlsx
2024H1,Exeter Friendly Society Limited,EXETER FRIENDLY SOCIETY LIMITED,no,Insurance & pure protection,509.0,509.0,0.8566,0.1434,0.1395,1.74,firm-level-complaints-data-2024-h1.xlsx
2024H1,Experian Limited,EXPERIAN PLC,no,Home finance,0.0,0.0,,,,,firm-level-complaints-data-2024-h1.xlsx
2024H1,Experian Limited,EXPERIAN PLC,no,Insurance & pure protection,3.0,3.0,0.0,1.0,0.0,,firm-level-complaints-data-2024-h1.xlsx
2024H1,Experian Limited,EXPERIAN PLC,no,Investments,0.0,0.0,,,,,firm-level-complaints-data-2024-h1.xlsx
2024H1,Extracover Limited,NO GROUP,no,Banking and credit cards,0.0,0.0,,,,0.0,firm-level-complaints-data-2024-h1.xlsx
2024H1,Extracover Limited,NO GROUP,no,Decumulation & pensions,0.0,0.0,,,,0.0,firm-level-complaints-data-2024-h1.xlsx
2024H1,Extracover Limited,NO GROUP,no,Home finance,0.0,0.0,,,,0.0,firm-level-complaints-data-2024-h1.xlsx
2024H1,Extracover Limited,NO GROUP,no,Insurance & pure protection,561.0,557.0,0.4919,0.5081,0.289,0.08,firm-level-complaints-data-2024-h1.xlsx
2024H1,Extracover Limited,NO GROUP,no,Investments,0.0,0.0,,,,0.0,firm-level-complaints-data-2024-h1.xlsx
2024H1,Family Equity Plan Limited,FAMILY ASSURANCE FRIENDLY SOCIETY LTD,no,Banking and credit cards,480.0,483.0,0.5942,0.4058,0.4803,2.13,firm-level-complaints-data-2024-h1.xlsx
2024H1,Family Equity Plan Limited,FAMILY ASSURANCE FRIENDLY SOCIETY LTD,no,Decumulation & pensions,0.0,0.0,,,,0.0,firm-level-complaints-data-2024-h1.xlsx
2024H1,Family Equity Plan Limited,FAMILY ASSURANCE FRIENDLY SOCIETY LTD,no,Home finance,0.0,0.0,,,,0.0,firm-level-complaints-data-2024-h1.xlsx
2024H1,Family Equity Plan Limited,FAMILY ASSURANCE FRIENDLY SOCIETY LTD,no,Insurance & pure protection,0.0,0.0,,,,0.0,firm-level-complaints-data-2024-h1.xlsx
2024H1,Family Equity Plan Limited,FAMILY ASSURANCE FRIENDLY SOCIETY LTD,no,Investments,727.0,755.0,0.298,0.702,0.4742,0.68,firm-level-complaints-data-2024-h1.xlsx
2024H1,Fce Bank PLC,FORD MOTOR CO,no,Banking and credit cards,94.0,115.0,0.1391,0.8609,0.3478,,firm-level-complaints-data-2024-h1.xlsx
2024H1,Financial Administration Services Limited,FIDELITY HOLDINGS LIMITED,no,Decumulation & pensions,654.0,725.0,0.0841,0.5228,0.6166,3.9,firm-level-complaints-data-2024-h1.xlsx
2024H1,Financial Administration Services Limited,FIDELITY HOLDINGS LIMITED,no,Investments,1693.0,1938.0,0.1548,0.582,0.5052,1.75,firm-level-complaints-data-2024-h1.xlsx
2024H1,First Central Insurance Management Limited,FIRST CENTRAL GROUP LIMITED,no,Insurance & pure protection,10584.0,10408.0,0.6845,0.2993,0.4416,7.42,firm-level-complaints-data-2024-h1.xlsx
2024H1,Firstrand Bank Limited,FIRSTRAND LIMITED,no,Insurance & pure protection,31.0,22.0,0.3182,0.6364,0.2273,,firm-level-complaints-data-2024-h1.xlsx
2024H1,Fish Administration Limited,PIB GROUP,no,Insurance & pure protection,530.0,481.0,0.5301,0.4012,0.8087,,firm-level-complaints-data-2024-h1.xlsx
2024H1,Forester Life Limited,FORESTER HOLDINGS (EUROPE) LIMITED,no,Decumulation & pensions,39.0,40.0,0.375,0.375,0.475,2.67,firm-level-complaints-data-2024-h1.xlsx
2024H1,Forester Life Limited,FORESTER HOLDINGS (EUROPE) LIMITED,no,Insurance & pure protection,51.0,51.0,0.4314,0.2745,0.3529,1.12,firm-level-complaints-data-2024-h1.xlsx
2024H1,Forester Life Limited,FORESTER HOLDINGS (EUROPE) LIMITED,no,Investments,622.0,626.0,0.3946,0.4489,0.4201,0.52,firm-level-complaints-data-2024-h1.xlsx
2024H1,Fortegra Europe Insurance Company LTD,NO GROUP,no,Insurance & pure protection,4001.0,2944.0,0.2561,0.6963,0.5132,0.99,firm-level-complaints-data-2024-h1.xlsx
2024H1,Frasers Group Financial Services Limited,NO GROUP,no,Insurance & pure protection,1.0,2.0,0.0,0.5,0.5,,firm-level-complaints-data-2024-h1.xlsx
2024H1,Funding Circle LTD,NO GROUP,no,Investments,36.0,35.0,0.0571,0.9429,0.2571,,firm-level-complaints-data-2024-h1.xlsx
2024H1,HSBC UK Bank PLC,HSBC HOLDINGS PLC,no,Banking and credit cards,101003.0,103743.0,0.6447,0.351,0.6015,3.69,firm-level-complaints-data-2024-h1.xlsx
2024H1,HSBC UK Bank PLC,HSBC HOLDINGS PLC,no,Decumulation & pensions,48.0,49.0,0.1633,0.5102,0.5918,0.15,firm-level-complaints-data-2024-h1.xlsx
2024H1,HSBC UK Bank PLC,HSBC HOLDINGS PLC,no,Home finance,6144.0,6302.0,0.4118,0.5787,0.6077,6.39,firm-level-complaints-data-2024-h1.xlsx
2024H1,HSBC UK Bank PLC,HSBC HOLDINGS PLC,no,Insurance & pure protection,581.0,595.0,0.2235,0.7395,0.4471,0.08,firm-level-complaints-data-2024-h1.xlsx
2024H1,HSBC UK Bank PLC,HSBC HOLDINGS PLC,no,Investments,1402.0,1411.0,0.1914,0.7583,0.7123,1.29,firm-level-complaints-data-2024-h1.xlsx
2024H1,Halifax Share Dealing Limited,LLOYDS BANKING GROUP PLC,no,Decumulation & pensions,17.0,14.0,0.3571,0.5714,0.4286,3.12,firm-level-complaints-data-2024-h1.xlsx
2024H1,Halifax Share Dealing Limited,LLOYDS BANKING GROUP PLC,no,Investments,689.0,679.0,0.4993,0.4404,0.5258,1.04,firm-level-complaints-data-2024-h1.xlsx
2024H1,Hargreaves Lansdown Asset Management Limited,HARGREAVES LANSDOWN PLC,yes,Decumulation & pensions,1245.0,1358.0,0.1598,0.8181,0.6878,1.56,firm-level-complaints-data-2024-h1.xlsx
2024H1,Hargreaves Lansdown Asset Management Limited,HARGREAVES LANSDOWN PLC,yes,Insurance & pure protection,2.0,2.0,0.0,0.0,0.0,,firm-level-complaints-data-2024-h1.xlsx
2024H1,Hargreaves Lansdown Asset Management Limited,HARGREAVES LANSDOWN PLC,yes,Investments,4100.0,3812.0,0.2204,0.7529,0.495,1.31,firm-level-complaints-data-2024-h1.xlsx
2024H1,Hastings Insurance Services Limited,HASTINGS GROUP,yes,Insurance & pure protection,18217.0,17900.0,0.3265,0.6545,0.5318,,firm-level-complaints-data-2024-h1.xlsx
2024H1,Hbos Investment Fund Managers Limited,LLOYDS BANKING GROUP PLC,no,Banking and credit cards,0.0,0.0,,,,0.0,firm-level-complaints-data-2024-h1.xlsx
2024H1,Hbos Investment Fund Managers Limited,LLOYDS BANKING GROUP PLC,no,Decumulation & pensions,0.0,0.0,,,,0.0,firm-level-complaints-data-2024-h1.xlsx
2024H1,Hbos Investment Fund Managers Limited,LLOYDS BANKING GROUP PLC,no,Home finance,0.0,0.0,,,,0.0,firm-level-complaints-data-2024-h1.xlsx
2024H1,Hbos Investment Fund Managers Limited,LLOYDS BANKING GROUP PLC,no,Insurance & pure protection,0.0,0.0,,,,0.0,firm-level-complaints-data-2024-h1.xlsx
2024H1,Hbos Investment Fund Managers Limited,LLOYDS BANKING GROUP PLC,no,Investments,754.0,757.0,0.502,0.4557,0.8071,2.35,firm-level-complaints-data-2024-h1.xlsx
2024H1,Helvetia Global Solutions LTD,NO GROUP,no,Insurance & pure protection,1363.0,1358.0,0.3616,0.6009,0.3748,0.53,firm-level-complaints-data-2024-h1.xlsx
2024H1,Hiscox Insurance Company Limited,HISCOX LTD.,yes,Insurance & pure protection,630.0,586.0,0.1126,0.872,0.4966,1.18,firm-level-complaints-data-2024-h1.xlsx
2024H1,Home Retail Group Card Services Limited,J SAINSBURY PLC,no,Banking and credit cards,4398.0,4006.0,0.2863,0.7089,0.2426,1.46,firm-level-complaints-data-2024-h1.xlsx
2024H1,Homeserve Membership Limited,HOMESERVE PLC,no,Insurance & pure protection,2864.0,2744.0,0.1778,0.8083,0.3327,,firm-level-complaints-data-2024-h1.xlsx
2024H1,Hood Travel Limited,NO GROUP,no,Insurance & pure protection,566.0,478.0,0.5439,0.4519,0.5063,0.97,firm-level-complaints-data-2024-h1.xlsx
2024H1,Howserv Limited,STAYSURE HOLDINGS LTD,no,Insurance & pure protection,2045.0,2045.0,0.3423,0.6572,0.2968,,firm-level-complaints-data-2024-h1.xlsx
2024H1,Hyundai Capital UK Limited,NO GROUP,no,Insurance & pure protection,0.0,,,,,,firm-level-complaints-data-2024-h1.xlsx
2024H1,I Go 4 Ltd.,MARKERSTUDY GROUP,no,Insurance & pure protection,1208.0,,0.338,0.6488,0.3174,3.43,firm-level-complaints-data-2024-h1.xlsx
2024H1,Ikano Bank Ab (publ),NO GROUP,no,Banking and credit cards,1732.0,1745.0,0.2338,0.6762,0.3857,4.62,firm-level-complaints-data-2024-h1.xlsx
2024H1,Insurance Factory LTD,MARKERSTUDY GROUP,no,Insurance & pure protection,3805.0,3848.0,0.3067,0.6871,0.6143,5.39,firm-level-complaints-data-2024-h1.xlsx
2024H1,Integra Insurance Solutions Limited,NO GROUP,no,Insurance & pure protection,535.0,608.0,0.097,0.7878,0.472,1.3,firm-level-complaints-data-2024-h1.xlsx
2024H1,Inter Partner Assistance Sa,,no,Insurance & pure protection,7928.0,,,,,,firm-level-complaints-data-2024-h1.xlsx
2024H1,Interactive Brokers (u.k.) Limited,NO GROUP,no,Investments,673.0,643.0,0.2519,0.7107,0.182,2.12,firm-level-complaints-data-2024-h1.xlsx
2024H1,Interactive Investor Services Limited,INTERACTIVE INVESTOR SERVICES LIMITED,no,Decumulation & pensions,212.0,179.0,0.1285,0.5978,0.5363,2.77,firm-level-complaints-data-2024-h1.xlsx
2024H1,Interactive Investor Services Limited,INTERACTIVE INVESTOR SERVICES LIMITED,no,Investments,2378.0,2353.0,0.2014,0.6536,0.4025,2.92,firm-level-complaints-data-2024-h1.xlsx
2024H1,Invesco Fund Managers Limited,INVESCO LTD,no,Investments,650.0,627.0,0.051,0.9155,0.7161,3.36,firm-level-complaints-data-2024-h1.xlsx
2024H1,Investec Bank PLC,INVESTEC PLC,no,Banking and credit cards,467.0,445.0,0.3213,0.6787,0.609,1.97,firm-level-complaints-data-2024-h1.xlsx
2024H1,Investec Bank PLC,INVESTEC PLC,no,Home finance,11.0,9.0,,1.0,0.3333,4.15,firm-level-complaints-data-2024-h1.xlsx
2024H1,Investec Bank PLC,INVESTEC PLC,no,Investments,28.0,28.0,0.0357,0.9286,0.2857,5.72,firm-level-complaints-data-2024-h1.xlsx
2024H1,Investment Funds Direct Limited,M&G PLC,no,Decumulation & pensions,286.0,375.0,0.0693,0.576,0.8933,3.34,firm-level-complaints-data-2024-h1.xlsx
2024H1,Investment Funds Direct Limited,M&G PLC,no,Investments,320.0,396.0,0.0556,0.5505,0.8687,2.35,firm-level-complaints-data-2024-h1.xlsx
2024H1,J D Williams & Company Limited,J D WILLIAMS & COMPANY LIMITED,no,Insurance & pure protection,10.0,9.0,0.0,1.0,0.0,,firm-level-complaints-data-2024-h1.xlsx
2024H1,J.p. Morgan Europe Limited,JPMORGAN CHASE & CO,no,Banking and credit cards,12121.0,12056.0,0.2974,0.7021,0.3704,1.82,firm-level-complaints-data-2024-h1.xlsx
2024H1,James Hay Administration Company LTD,NO GROUP,no,Decumulation & pensions,734.0,688.0,0.0349,0.9186,0.7398,14.36,firm-level-complaints-data-2024-h1.xlsx
2024H1,Janus Henderson Fund Management UK Limited,JANUS HENDERSON GROUP PLC,no,Investments,792.0,769.0,0.4564,0.5241,0.3862,,firm-level-complaints-data-2024-h1.xlsx
2024H1,Kensington Mortgage Company Limited,NO GROUP,no,Home finance,1055.0,1030.0,0.3243,0.6612,0.2981,15.93,firm-level-complaints-data-2024-h1.xlsx
2024H1,Kroo Bank LTD,NO GROUP,no,Banking and credit cards,1083.0,1099.0,0.0264,0.9636,0.3148,5.97,firm-level-complaints-data-2024-h1.xlsx
2024H1,Landmark Mortgages Limited,NO GROUP,no,Home finance,782.0,945.0,0.1365,0.8042,0.4794,32.92,firm-level-complaints-data-2024-h1.xlsx
2024H1,Leaseplan UK Limited,LP GROUP B.V.,no,Insurance & pure protection,3.0,2.0,0.5,0.5,1.0,,firm-level-complaints-data-2024-h1.xlsx
2024H1,Leeds Building Society,LEEDS BUILDING SOCIETY,no,Banking and credit cards,1951.0,2003.0,0.5796,0.4199,0.6191,2.04,firm-level-complaints-data-2024-h1.xlsx
2024H1,Leeds Building Society,LEEDS BUILDING SOCIETY,no,Home finance,1334.0,1320.0,0.4205,0.5758,0.572,6.87,firm-level-complaints-data-2024-h1.xlsx
2024H1,Leeds Building Society,LEEDS BUILDING SOCIETY,no,Insurance & pure protection,19.0,20.0,0.55,0.45,0.1,0.0,firm-level-complaints-data-2024-h1.xlsx
2024H1,Leeds Building Society,LEEDS BUILDING SOCIETY,no,Investments,1.0,1.0,,1.0,1.0,,firm-level-complaints-data-2024-h1.xlsx
2024H1,Legal & General (portfolio Management Services) LTD,LEGAL & GENERAL GROUP PLC,no,Decumulation & pensions,565.0,590.0,0.5712,0.422,0.7492,0.24,firm-level-complaints-data-2024-h1.xlsx
2024H1,Legal & General (portfolio Management Services) LTD,LEGAL & GENERAL GROUP PLC,no,Investments,6.0,5.0,0.6,0.4,0.8,1.22,firm-level-complaints-data-2024-h1.xlsx
2024H1,Legal And General Assurance Society Limited,LEGAL & GENERAL GROUP PLC,no,Decumulation & pensions,1742.0,1704.0,0.1244,0.3011,0.8333,1.62,firm-level-complaints-data-2024-h1.xlsx
2024H1,Legal And General Assurance Society Limited,LEGAL & GENERAL GROUP PLC,no,Insurance & pure protection,3074.0,3230.0,0.3337,0.4672,0.5393,0.7,firm-level-complaints-data-2024-h1.xlsx
2024H1,Lenvi Servicing Limited,NO GROUP,no,Home finance,1380.0,939.0,0.2567,0.5176,0.476,,firm-level-complaints-data-2024-h1.xlsx
2024H1,Liverpool Victoria Financial Services Limited,ALLIANZ SE,no,Decumulation & pensions,679.0,,0.3918,0.5579,0.7973,3.94,firm-level-complaints-data-2024-h1.xlsx
2024H1,Liverpool Victoria Financial Services Limited,ALLIANZ SE,no,Insurance & pure protection,1283.0,,0.682,0.3072,0.6322,1.32,firm-level-complaints-data-2024-h1.xlsx
2024H1,Liverpool Victoria Financial Services Limited,ALLIANZ SE,no,Investments,383.0,,0.6189,0.3581,0.8645,7.69,firm-level-complaints-data-2024-h1.xlsx
2024H1,Liverpool Victoria Insurance Company Limited,ALLIANZ SE,no,Insurance & pure protection,10678.0,11297.0,0.3543,0.4754,0.4819,2.37,firm-level-complaints-data-2024-h1.xlsx
2024H1,Lloyds Bank General Insurance Limited,LLOYDS BANKING GROUP PLC,no,Banking and credit cards,0.0,0.0,,,,0.0,firm-level-complaints-data-2024-h1.xlsx
2024H1,Lloyds Bank General Insurance Limited,LLOYDS BANKING GROUP PLC,no,Decumulation & pensions,0.0,0.0,,,,0.0,firm-level-complaints-data-2024-h1.xlsx
2024H1,Lloyds Bank General Insurance Limited,LLOYDS BANKING GROUP PLC,no,Home finance,0.0,0.0,,,,0.0,firm-level-complaints-data-2024-h1.xlsx
2024H1,Lloyds Bank General Insurance Limited,LLOYDS BANKING GROUP PLC,no,Insurance & pure protection,6428.0,6348.0,0.3307,0.6363,0.6807,2.62,firm-level-complaints-data-2024-h1.xlsx
2024H1,Lloyds Bank General Insurance Limited,LLOYDS BANKING GROUP PLC,no,Investments,0.0,0.0,,,,0.0,firm-level-complaints-data-2024-h1.xlsx
2024H1,Lloyds Bank PLC,LLOYDS BANKING GROUP PLC,yes,Banking and credit cards,69299.0,69777.0,0.597,0.3561,0.6495,1.99,firm-level-complaints-data-2024-h1.xlsx
2024H1,Lloyds Bank PLC,LLOYDS BANKING GROUP PLC,yes,Decumulation & pensions,57.0,58.0,0.0862,0.8103,0.1207,0.28,firm-level-complaints-data-2024-h1.xlsx
2024H1,Lloyds Bank PLC,LLOYDS BANKING GROUP PLC,yes,Home finance,2984.0,2957.0,0.4278,0.5205,0.532,7.55,firm-level-complaints-data-2024-h1.xlsx
2024H1,Lloyds Bank PLC,LLOYDS BANKING GROUP PLC,yes,Insurance & pure protection,556.0,550.0,0.2218,0.7145,0.0909,0.68,firm-level-complaints-data-2024-h1.xlsx
2024H1,Lloyds Bank PLC,LLOYDS BANKING GROUP PLC,yes,Investments,53.0,50.0,0.1,0.72,0.28,0.19,firm-level-complaints-data-2024-h1.xlsx
2024H1,London And Country Mortgages LTD,NO GROUP,no,Home finance,581.0,601.0,0.1864,0.807,0.6705,,firm-level-complaints-data-2024-h1.xlsx
2024H1,London And Country Mortgages LTD,NO GROUP,no,Insurance & pure protection,34.0,34.0,0.2647,0.7353,0.4412,,firm-level-complaints-data-2024-h1.xlsx
2024H1,M & G Securities Limited,M&G PLC,no,Investments,852.0,848.0,0.3007,0.6651,0.52,,firm-level-complaints-data-2024-h1.xlsx
2024H1,MBNA Limited,LLOYDS BANKING GROUP PLC,no,Banking and credit cards,10614.0,10620.0,0.6088,0.3776,0.4398,3.5,firm-level-complaints-data-2024-h1.xlsx
2024H1,MBNA Limited,LLOYDS BANKING GROUP PLC,no,Decumulation & pensions,0.0,0.0,,,,0.0,firm-level-complaints-data-2024-h1.xlsx
2024H1,MBNA Limited,LLOYDS BANKING GROUP PLC,no,Home finance,0.0,0.0,,,,0.0,firm-level-complaints-data-2024-h1.xlsx
2024H1,MBNA Limited,LLOYDS BANKING GROUP PLC,no,Insurance & pure protection,76.0,75.0,0.2133,0.7867,0.0133,2.84,firm-level-complaints-data-2024-h1.xlsx
2024H1,MBNA Limited,LLOYDS BANKING GROUP PLC,no,Investments,0.0,0.0,,,,0.0,firm-level-complaints-data-2024-h1.xlsx
2024H1,Manypets LTD,NO GROUP,no,Insurance & pure protection,6653.0,6234.0,0.0175,0.8393,0.7302,20.33,firm-level-complaints-data-2024-h1.xlsx
2024H1,Marks & Spencer Financial Services PLC,HSBC HOLDINGS PLC,no,Banking and credit cards,9336.0,8975.0,0.5426,0.4411,0.6806,3.3,firm-level-complaints-data-2024-h1.xlsx
2024H1,Marks & Spencer Financial Services PLC,HSBC HOLDINGS PLC,no,Decumulation & pensions,0.0,0.0,,,,0.0,firm-level-complaints-data-2024-h1.xlsx
2024H1,Marks & Spencer Financial Services PLC,HSBC HOLDINGS PLC,no,Home finance,0.0,0.0,,,,0.0,firm-level-complaints-data-2024-h1.xlsx
2024H1,Marks & Spencer Financial Services PLC,HSBC HOLDINGS PLC,no,Insurance & pure protection,143.0,160.0,0.6063,0.3875,0.4063,0.17,firm-level-complaints-data-2024-h1.xlsx
2024H1,Marks & Spencer Financial Services PLC,HSBC HOLDINGS PLC,no,Investments,0.0,0.0,,,,0.0,firm-level-complaints-data-2024-h1.xlsx
2024H1,Marshmallow Financial Services LTD,NO GROUP,yes,Insurance & pure protection,2918.0,2049.0,0.0254,0.7975,0.3333,,firm-level-complaints-data-2024-h1.xlsx
2024H1,Metlife Europe D.a.c.,NO GROUP,no,Insurance & pure protection,501.0,468.0,0.1859,0.703,0.3184,1.18,firm-level-complaints-data-2024-h1.xlsx
2024H1,Metro Bank PLC,METRO BANK PLC,no,Banking and credit cards,9003.0,9312.0,0.3319,0.667,0.4544,3.23,firm-level-complaints-data-2024-h1.xlsx
2024H1,Metro Bank PLC,METRO BANK PLC,no,Home finance,243.0,241.0,0.2531,0.6971,0.7718,8.69,firm-level-complaints-data-2024-h1.xlsx
2024H1,Monzo Bank LTD,MONZO BANK LIMITED,no,Banking and credit cards,42016.0,39742.0,0.0041,0.8717,0.33,3.59,firm-level-complaints-data-2024-h1.xlsx
2024H1,Monzo Bank LTD,MONZO BANK LIMITED,no,Investments,73.0,60.0,0.0333,0.9667,0.3167,0.55,firm-level-complaints-data-2024-h1.xlsx
2024H1,Moorcroft Debt Recovery Limited,NO GROUP,no,Banking and credit cards,551.0,453.0,0.2053,0.7947,0.4945,0.7,firm-level-complaints-data-2024-h1.xlsx
2024H1,Motonovo Finance Limited,NO GROUP,no,Insurance & pure protection,41.0,39.0,0.2308,0.7179,0.3077,,firm-level-complaints-data-2024-h1.xlsx
2024H1,Munich Re Digital Partners LTD,NO GROUP,no,Insurance & pure protection,1000.0,1159.0,0.4193,0.5695,0.4487,,firm-level-complaints-data-2024-h1.xlsx
2024H1,National Westminster Bank PLC,THE ROYAL BANK OF SCOTLAND GROUP,no,Banking and credit cards,80269.0,83548.0,0.3836,0.5624,0.6579,2.75,firm-level-complaints-data-2024-h1.xlsx
2024H1,National Westminster Bank PLC,THE ROYAL BANK OF SCOTLAND GROUP,no,Decumulation & pensions,37.0,39.0,0.0256,0.4615,0.5641,3.31,firm-level-complaints-data-2024-h1.xlsx
2024H1,National Westminster Bank PLC,THE ROYAL BANK OF SCOTLAND GROUP,no,Home finance,7245.0,7325.0,0.2808,0.6386,0.6531,6.44,firm-level-complaints-data-2024-h1.xlsx
2024H1,National Westminster Bank PLC,THE ROYAL BANK OF SCOTLAND GROUP,no,Insurance & pure protection,115.0,129.0,0.1008,0.7674,0.155,0.71,firm-level-complaints-data-2024-h1.xlsx
2024H1,National Westminster Bank PLC,THE ROYAL BANK OF SCOTLAND GROUP,no,Investments,134.0,147.0,0.0272,0.6667,0.6463,0.66,firm-level-complaints-data-2024-h1.xlsx
2024H1,Nationwide Building Society,NATIONWIDE BUILDING SOCIETY,no,Banking and credit cards,56809.0,55806.0,0.5502,0.447,0.5278,1.85,firm-level-complaints-data-2024-h1.xlsx
2024H1,Nationwide Building Society,NATIONWIDE BUILDING SOCIETY,no,Decumulation & pensions,3.0,3.0,0.0,1.0,0.0,,firm-level-complaints-data-2024-h1.xlsx
2024H1,Nationwide Building Society,NATIONWIDE BUILDING SOCIETY,no,Home finance,4617.0,4433.0,0.372,0.6253,0.4852,2.88,firm-level-complaints-data-2024-h1.xlsx
2024H1,Nationwide Building Society,NATIONWIDE BUILDING SOCIETY,no,Insurance & pure protection,178.0,185.0,0.2865,0.5351,0.4378,,firm-level-complaints-data-2024-h1.xlsx
2024H1,Nationwide Building Society,NATIONWIDE BUILDING SOCIETY,no,Investments,171.0,188.0,0.2128,0.7872,0.4468,0.46,firm-level-complaints-data-2024-h1.xlsx
2024H1,Newcastle Building Society,NO GROUP,no,Banking and credit cards,345.0,349.0,0.5874,0.4126,0.6218,0.88,firm-level-complaints-data-2024-h1.xlsx
2024H1,Newcastle Building Society,NO GROUP,no,Decumulation & pensions,0.0,0.0,,,,71.43,firm-level-complaints-data-2024-h1.xlsx
2024H1,Newcastle Building Society,NO GROUP,no,Home finance,191.0,190.0,0.6421,0.3579,0.4211,5.18,firm-level-complaints-data-2024-h1.xlsx
2024H1,Newcastle Building Society,NO GROUP,no,Insurance & pure protection,0.0,0.0,,,,0.0,firm-level-complaints-data-2024-h1.xlsx
2024H1,Newcastle Building Society,NO GROUP,no,Investments,7.0,7.0,0.4286,0.5714,0.8571,0.0,firm-level-complaints-data-2024-h1.xlsx
2024H1,Northern Bank Limited,DANSKE BANK A/S,no,Banking and credit cards,1608.0,1527.0,0.5632,0.4361,0.3857,1.82,firm-level-complaints-data-2024-h1.xlsx
2024H1,Northern Bank Limited,DANSKE BANK A/S,no,Decumulation & pensions,0.0,0.0,,,,,firm-level-complaints-data-2024-h1.xlsx
2024H1,Northern Bank Limited,DANSKE BANK A/S,no,Home finance,75.0,69.0,0.2464,0.7536,0.4928,2.25,firm-level-complaints-data-2024-h1.xlsx
2024H1,Northern Bank Limited,DANSKE BANK A/S,no,Insurance & pure protection,4.0,4.0,0.0,1.0,0.0,,firm-level-complaints-data-2024-h1.xlsx
2024H1,Northern Bank Limited,DANSKE BANK A/S,no,Investments,0.0,0.0,,,,,firm-level-complaints-data-2024-h1.xlsx
2024H1,Nutmeg Saving And Investment Limited,NO GROUP,no,Decumulation & pensions,185.0,185.0,0.1081,0.8919,0.6541,8.6,firm-level-complaints-data-2024-h1.xlsx
2024H1,Nutmeg Saving And Investment Limited,NO GROUP,no,Investments,474.0,474.0,0.2131,0.7869,0.6709,1.73,firm-level-complaints-data-2024-h1.xlsx
2024H1,One Call Insurance Services Limited,NO GROUP,no,Insurance & pure protection,3202.0,3199.0,0.7956,0.2035,0.1494,1.23,firm-level-complaints-data-2024-h1.xlsx
2024H1,Onesavings Bank PLC,ONESAVINGS BANK PLC,no,Banking and credit cards,1308.0,1273.0,0.5797,0.414,0.5805,2.91,firm-level-complaints-data-2024-h1.xlsx
2024H1,Onesavings Bank PLC,ONESAVINGS BANK PLC,no,Home finance,1089.0,1220.0,0.2369,0.6402,0.5361,17.61,firm-level-complaints-data-2024-h1.xlsx
2024H1,Paragon Bank PLC,PARAGON BANKING GROUP PLC,yes,Banking and credit cards,800.0,924.0,0.1461,0.8344,0.6818,1.99,firm-level-complaints-data-2024-h1.xlsx
2024H1,Paragon Bank PLC,PARAGON BANKING GROUP PLC,yes,Home finance,237.0,228.0,0.3465,0.6184,0.5219,2.99,firm-level-complaints-data-2024-h1.xlsx
2024H1,Paragon Bank PLC,PARAGON BANKING GROUP PLC,yes,Insurance & pure protection,2.0,,,,,,firm-level-complaints-data-2024-h1.xlsx
2024H1,Pendragon Finance And Insurance Services Limited,NO GROUP,no,Insurance & pure protection,34.0,34.0,0.2941,0.7059,0.2353,,firm-level-complaints-data-2024-h1.xlsx
2024H1,People's Administration Services Limited,NO GROUP,no,Decumulation & pensions,4246.0,4246.0,0.4407,0.5483,0.1133,0.52,firm-level-complaints-data-2024-h1.xlsx
2024H1,Pepper (uk) Limited,PEPPER FINANCIAL SERVICES GROUP,no,Home finance,763.0,776.0,0.2075,0.7796,0.4884,29.4,firm-level-complaints-data-2024-h1.xlsx
2024H1,Phoenix Life Limited,PHOENIX GROUP,no,Decumulation & pensions,10333.0,9632.0,0.3798,0.5288,0.6839,1.7,firm-level-complaints-data-2024-h1.xlsx
2024H1,Phoenix Life Limited,PHOENIX GROUP,no,Home finance,7.0,9.0,0.1111,0.5556,0.4444,11.59,firm-level-complaints-data-2024-h1.xlsx
2024H1,Phoenix Life Limited,PHOENIX GROUP,no,Insurance & pure protection,2682.0,2455.0,0.3324,0.5678,0.7479,1.43,firm-level-complaints-data-2024-h1.xlsx
2024H1,Phoenix Life Limited,PHOENIX GROUP,no,Investments,952.0,900.0,0.2856,0.6011,0.7578,3.63,firm-level-complaints-data-2024-h1.xlsx
2024H1,Pinnacle Insurance PLC,BNP PARIBAS GROUP,no,Insurance & pure protection,2528.0,2533.0,0.4054,0.5914,0.2223,4.83,firm-level-complaints-data-2024-h1.xlsx
2024H1,Prestige Underwriting Services LTD,NO GROUP,no,Insurance & pure protection,507.0,528.0,0.1534,0.8447,0.5587,,firm-level-complaints-data-2024-h1.xlsx
2024H1,Principality Building Society,PRINCIPALITY BUILDING SOCIETY,no,Banking and credit cards,768.0,809.0,0.5093,0.4808,0.597,1.18,firm-level-complaints-data-2024-h1.xlsx
2024H1,Principality Building Society,PRINCIPALITY BUILDING SOCIETY,no,Home finance,466.0,480.0,0.45,0.5354,0.5354,4.9,firm-level-complaints-data-2024-h1.xlsx
2024H1,Principality Building Society,PRINCIPALITY BUILDING SOCIETY,no,Insurance & pure protection,2.0,2.0,0.0,1.0,0.5,,firm-level-complaints-data-2024-h1.xlsx
2024H1,Principality Building Society,PRINCIPALITY BUILDING SOCIETY,no,Investments,1.0,1.0,0.0,1.0,0.0,,firm-level-complaints-data-2024-h1.xlsx
2024H1,Qbe UK Limited,QBE INSURANCE GROUP,no,Insurance & pure protection,944.0,918.0,0.2102,0.6503,0.4891,,firm-level-complaints-data-2024-h1.xlsx
2024H1,Qmetric Group Limited,NO GROUP,no,Insurance & pure protection,3280.0,3038.0,0.1814,0.7699,0.3015,,firm-level-complaints-data-2024-h1.xlsx
2024H1,Quilter Investment Platform Limited,QUILTER GROUP,no,Investments,610.0,680.0,0.0059,0.9926,0.7632,1.8,firm-level-complaints-data-2024-h1.xlsx
2024H1,Quilter Life & Pensions Limited,QUILTER GROUP,no,Decumulation & pensions,655.0,714.0,0.0042,0.9944,0.7535,2.72,firm-level-complaints-data-2024-h1.xlsx
2024H1,Quilter Life & Pensions Limited,QUILTER GROUP,no,Investments,144.0,151.0,0.0,1.0,0.8146,3.47,firm-level-complaints-data-2024-h1.xlsx
2024H1,RBS Collective Investment Funds Limited,NO GROUP,no,Investments,1430.0,1398.0,0.5107,0.4807,0.3691,2.21,firm-level-complaints-data-2024-h1.xlsx
2024H1,Rac Motoring Services,RAC GROUP (HOLDINGS) LIMITED,yes,Insurance & pure protection,9218.0,10413.0,0.1489,0.836,0.3226,0.77,firm-level-complaints-data-2024-h1.xlsx
2024H1,Reassure Life Limited,PHOENIX GROUP,no,Decumulation & pensions,280.0,274.0,0.2372,0.7044,0.9124,5.35,firm-level-complaints-data-2024-h1.xlsx
2024H1,Reassure Life Limited,PHOENIX GROUP,no,Insurance & pure protection,467.0,451.0,0.337,0.6075,0.8958,10.03,firm-level-complaints-data-2024-h1.xlsx
2024H1,Reassure Life Limited,PHOENIX GROUP,no,Investments,232.0,210.0,0.3905,0.5714,0.881,9.02,firm-level-complaints-data-2024-h1.xlsx
2024H1,Reassure Limited,PHOENIX GROUP,no,Decumulation & pensions,3505.0,3171.0,0.3213,0.6462,0.8161,1.96,firm-level-complaints-data-2024-h1.xlsx
2024H1,Reassure Limited,PHOENIX GROUP,no,Insurance & pure protection,744.0,694.0,0.2262,0.745,0.5793,3.25,firm-level-complaints-data-2024-h1.xlsx
2024H1,Reassure Limited,PHOENIX GROUP,no,Investments,757.0,743.0,0.4482,0.5303,0.8425,4.52,firm-level-complaints-data-2024-h1.xlsx
2024H1,Reassured LTD,NO GROUP,no,Insurance & pure protection,607.0,616.0,0.5812,0.4172,0.4497,,firm-level-complaints-data-2024-h1.xlsx
2024H1,Rock Insurance Services Limited,NO GROUP,no,Insurance & pure protection,818.0,790.0,0.3304,0.6671,0.4329,1.3,firm-level-complaints-data-2024-h1.xlsx
2024H1,Royal & Sun Alliance Insurance Limited,RSA INSURANCE UK,no,Insurance & pure protection,15116.0,17052.0,0.4382,0.3599,0.5765,2.59,firm-level-complaints-data-2024-h1.xlsx
2024H1,Sabre Insurance Company Limited,SABRE INSURANCE GROUP PLC,no,Insurance & pure protection,681.0,695.0,0.5655,0.4201,0.4863,,firm-level-complaints-data-2024-h1.xlsx
2024H1,Saga Services Limited,SAGA PLC,no,Insurance & pure protection,16349.0,16459.0,0.8303,0.1654,0.4675,10.65,firm-level-complaints-data-2024-h1.xlsx
2024H1,Sainsbury's Bank PLC,J SAINSBURY PLC,no,Banking and credit cards,3440.0,3838.0,0.3671,0.5714,0.5586,2.75,firm-level-complaints-data-2024-h1.xlsx
2024H1,Sainsbury's Bank PLC,J SAINSBURY PLC,no,Home finance,67.0,93.0,0.0323,0.8602,0.7527,31.69,firm-level-complaints-data-2024-h1.xlsx
2024H1,Sainsbury's Bank PLC,J SAINSBURY PLC,no,Insurance & pure protection,877.0,1378.0,0.0602,0.6466,0.7112,3.16,firm-level-complaints-data-2024-h1.xlsx
2024H1,Santander Consumer (uk) PLC,SANTANDER UK GROUP,no,Insurance & pure protection,1.0,0.0,,,,,firm-level-complaints-data-2024-h1.xlsx
2024H1,Santander UK PLC,SANTANDER UK GROUP,yes,Banking and credit cards,60720.0,60610.0,0.5554,0.4296,0.4893,2.52,firm-level-complaints-data-2024-h1.xlsx
2024H1,Santander UK PLC,SANTANDER UK GROUP,yes,Decumulation & pensions,25.0,22.0,0.0909,0.5909,0.3182,,firm-level-complaints-data-2024-h1.xlsx
2024H1,Santander UK PLC,SANTANDER UK GROUP,yes,Home finance,6932.0,7130.0,0.5732,0.4243,0.6247,6.15,firm-level-complaints-data-2024-h1.xlsx
2024H1,Santander UK PLC,SANTANDER UK GROUP,yes,Insurance & pure protection,105.0,186.0,0.3925,0.4355,0.1075,0.28,firm-level-complaints-data-2024-h1.xlsx
2024H1,Santander UK PLC,SANTANDER UK GROUP,yes,Investments,34.0,31.0,,0.5161,0.0968,0.15,firm-level-complaints-data-2024-h1.xlsx
2024H1,Scottish Equitable PLC,AEGON N.V.,no,Decumulation & pensions,4586.0,5713.0,0.1859,0.3651,0.5908,1.46,firm-level-complaints-data-2024-h1.xlsx
2024H1,Scottish Equitable PLC,AEGON N.V.,no,Insurance & pure protection,239.0,242.0,0.4132,0.5702,0.3388,0.63,firm-level-complaints-data-2024-h1.xlsx
2024H1,Scottish Equitable PLC,AEGON N.V.,no,Investments,74.0,77.0,0.3506,0.6104,0.5195,4.52,firm-level-complaints-data-2024-h1.xlsx
2024H1,Scottish Friendly Assurance Society Limited,NO GROUP,yes,Decumulation & pensions,406.0,407.0,0.1057,0.8206,0.7715,4.19,firm-level-complaints-data-2024-h1.xlsx
2024H1,Scottish Friendly Assurance Society Limited,NO GROUP,yes,Insurance & pure protection,390.0,410.0,0.1366,0.8488,0.5268,0.31,firm-level-complaints-data-2024-h1.xlsx
2024H1,Scottish Friendly Assurance Society Limited,NO GROUP,yes,Investments,570.0,575.0,0.1722,0.8226,0.7704,2.97,firm-level-complaints-data-2024-h1.xlsx
2024H1,Scottish Widows Administration Services Limited,NO GROUP,no,Banking and credit cards,0.0,0.0,,,,0.0,firm-level-complaints-data-2024-h1.xlsx
2024H1,Scottish Widows Administration Services Limited,NO GROUP,no,Decumulation & pensions,537.0,631.0,0.0507,0.8447,0.6656,0.87,firm-level-complaints-data-2024-h1.xlsx
2024H1,Scottish Widows Administration Services Limited,NO GROUP,no,Home finance,0.0,0.0,,,,0.0,firm-level-complaints-data-2024-h1.xlsx
2024H1,Scottish Widows Administration Services Limited,NO GROUP,no,Insurance & pure protection,0.0,0.0,,,,0.0,firm-level-complaints-data-2024-h1.xlsx
2024H1,Scottish Widows Administration Services Limited,NO GROUP,no,Investments,1.0,1.0,0.0,1.0,1.0,1.29,firm-level-complaints-data-2024-h1.xlsx
2024H1,Scottish Widows Limited,LLOYDS BANKING GROUP PLC,no,Banking and credit cards,0.0,0.0,,,,0.0,firm-level-complaints-data-2024-h1.xlsx
2024H1,Scottish Widows Limited,LLOYDS BANKING GROUP PLC,no,Decumulation & pensions,9160.0,9037.0,0.2091,0.6602,0.8689,1.75,firm-level-complaints-data-2024-h1.xlsx
2024H1,Scottish Widows Limited,LLOYDS BANKING GROUP PLC,no,Home finance,0.0,0.0,,,,0.0,firm-level-complaints-data-2024-h1.xlsx
2024H1,Scottish Widows Limited,LLOYDS BANKING GROUP PLC,no,Insurance & pure protection,1472.0,1518.0,0.3564,0.5514,0.7549,1.39,firm-level-complaints-data-2024-h1.xlsx
2024H1,Scottish Widows Limited,LLOYDS BANKING GROUP PLC,no,Investments,2102.0,2157.0,0.2017,0.6963,0.8989,9.77,firm-level-complaints-data-2024-h1.xlsx
2024H1,Scottish Widows Unit Trust Managers Limited,LLOYDS BANKING GROUP PLC,no,Banking and credit cards,0.0,0.0,,,,0.0,firm-level-complaints-data-2024-h1.xlsx
2024H1,Scottish Widows Unit Trust Managers Limited,LLOYDS BANKING GROUP PLC,no,Decumulation & pensions,0.0,0.0,,,,0.0,firm-level-complaints-data-2024-h1.xlsx
2024H1,Scottish Widows Unit Trust Managers Limited,LLOYDS BANKING GROUP PLC,no,Home finance,0.0,0.0,,,,0.0,firm-level-complaints-data-2024-h1.xlsx
2024H1,Scottish Widows Unit Trust Managers Limited,LLOYDS BANKING GROUP PLC,no,Insurance & pure protection,0.0,0.0,,,,0.0,firm-level-complaints-data-2024-h1.xlsx
2024H1,Scottish Widows Unit Trust Managers Limited,LLOYDS BANKING GROUP PLC,no,Investments,631.0,632.0,0.4604,0.5063,0.7991,1.91,firm-level-complaints-data-2024-h1.xlsx
2024H1,Secure Trust Bank PLC,SECURE TRUST BANK PLC,no,Banking and credit cards,320.0,354.0,0.0763,0.8814,0.435,,firm-level-complaints-data-2024-h1.xlsx
2024H1,Secure Trust Bank PLC,SECURE TRUST BANK PLC,no,Home finance,3.0,2.0,0.0,0.5,1.0,,firm-level-complaints-data-2024-h1.xlsx
2024H1,Shawbrook Bank Limited,SHAWBROOK GROUP PLC,no,Banking and credit cards,1251.0,1465.0,0.2942,0.6355,0.656,2.81,firm-level-complaints-data-2024-h1.xlsx
2024H1,Shawbrook Bank Limited,SHAWBROOK GROUP PLC,no,Home finance,516.0,554.0,0.1408,0.8032,0.5199,12.72,firm-level-complaints-data-2024-h1.xlsx
2024H1,Shop Direct Finance Company Limited,THE VERY GROUP,no,Insurance & pure protection,418.0,451.0,0.0044,0.9579,0.6275,,firm-level-complaints-data-2024-h1.xlsx
2024H1,Simplyhealth Access,SIMPLYHEALTH GROUP LIMITED,no,Insurance & pure protection,1997.0,1991.0,0.3551,0.6444,0.3214,0.88,firm-level-complaints-data-2024-h1.xlsx
2024H1,Skipton Building Society,SKIPTON BUILDING SOCIETY,no,Banking and credit cards,2837.0,2809.0,0.5785,0.4155,0.8498,1.96,firm-level-complaints-data-2024-h1.xlsx
2024H1,Skipton Building Society,SKIPTON BUILDING SOCIETY,no,Decumulation & pensions,51.0,53.0,0.0377,0.9623,0.6604,,firm-level-complaints-data-2024-h1.xlsx
2024H1,Skipton Building Society,SKIPTON BUILDING SOCIETY,no,Home finance,630.0,621.0,0.3929,0.6023,0.6135,3.12,firm-level-complaints-data-2024-h1.xlsx
2024H1,Skipton Building Society,SKIPTON BUILDING SOCIETY,no,Insurance & pure protection,14.0,10.0,0.7,0.3,0.6,1.16,firm-level-complaints-data-2024-h1.xlsx
2024H1,Skipton Building Society,SKIPTON BUILDING SOCIETY,no,Investments,147.0,139.0,0.1799,0.8201,0.6978,,firm-level-complaints-data-2024-h1.xlsx
2024H1,Society Of Lloyd's,SOCIETY OF LLOYD'S,no,Insurance & pure protection,5309.0,5361.0,0.2953,0.681,0.4492,0.62,firm-level-complaints-data-2024-h1.xlsx
2024H1,Somerset Bridge Insurance Services Limited,NO GROUP,no,Insurance & pure protection,519.0,472.0,0.4386,0.5551,0.464,,firm-level-complaints-data-2024-h1.xlsx
2024H1,St James's Place Investment Administration Limited,ST. JAMES'S PLACE PLC,no,Investments,508.0,509.0,0.0118,0.945,0.664,0.91,firm-level-complaints-data-2024-h1.xlsx
2024H1,St James's Place UK PLC,ST. JAMES'S PLACE PLC,no,Decumulation & pensions,1066.0,966.0,0.0031,0.9213,0.7588,1.9,firm-level-complaints-data-2024-h1.xlsx
2024H1,St James's Place UK PLC,ST. JAMES'S PLACE PLC,no,Insurance & pure protection,10.0,8.0,0.0,0.875,0.5,0.95,firm-level-complaints-data-2024-h1.xlsx
2024H1,St James's Place UK PLC,ST. JAMES'S PLACE PLC,no,Investments,270.0,215.0,0.0047,0.9628,0.7953,1.39,firm-level-complaints-data-2024-h1.xlsx
2024H1,St. James's Place Wealth Management PLC,ST. JAMES'S PLACE PLC,no,Banking and credit cards,0.0,0.0,,,,,firm-level-complaints-data-2024-h1.xlsx
2024H1,St. James's Place Wealth Management PLC,ST. JAMES'S PLACE PLC,no,Decumulation & pensions,8323.0,3251.0,0.0009,0.0692,0.4509,,firm-level-complaints-data-2024-h1.xlsx
2024H1,St. James's Place Wealth Management PLC,ST. JAMES'S PLACE PLC,no,Home finance,18.0,6.0,0.0,0.0,0.3333,,firm-level-complaints-data-2024-h1.xlsx
2024H1,St. James's Place Wealth Management PLC,ST. JAMES'S PLACE PLC,no,Insurance & pure protection,206.0,39.0,0.0,0.0513,0.1026,,firm-level-complaints-data-2024-h1.xlsx
2024H1,St. James's Place Wealth Management PLC,ST. JAMES'S PLACE PLC,no,Investments,6828.0,3052.0,0.001,0.0731,0.4731,,firm-level-complaints-data-2024-h1.xlsx
2024H1,Standard Life Savings Limited,NO GROUP,no,Investments,665.0,671.0,0.1103,0.8718,0.7049,1.78,firm-level-complaints-data-2024-h1.xlsx
2024H1,Starling Bank Limited,NO GROUP,no,Banking and credit cards,20482.0,19426.0,0.0962,0.8984,0.5247,5.07,firm-level-complaints-data-2024-h1.xlsx
2024H1,Starr International (europe) Limited,"STARR INTERNATIONAL COMPANY, INC.",no,Insurance & pure protection,1681.0,1682.0,0.1314,0.865,0.3829,5.15,firm-level-complaints-data-2024-h1.xlsx
2024H1,Suffolk Life Pensions Limited,NO GROUP,yes,Decumulation & pensions,536.0,530.0,0.1868,0.5509,0.734,11.02,firm-level-complaints-data-2024-h1.xlsx
2024H1,Sun Life Assurance Company Of Canada (u.k.) Limited,PHOENIX GROUP,no,Decumulation & pensions,714.0,750.0,0.18,0.7653,0.5627,2.12,firm-level-complaints-data-2024-h1.xlsx
2024H1,Sun Life Assurance Company Of Canada (u.k.) Limited,PHOENIX GROUP,no,Insurance & pure protection,367.0,379.0,0.1266,0.8522,0.5515,5.16,firm-level-complaints-data-2024-h1.xlsx
2024H1,Sun Life Assurance Company Of Canada (u.k.) Limited,PHOENIX GROUP,no,Investments,96.0,98.0,0.1939,0.8061,0.5204,10.81,firm-level-complaints-data-2024-h1.xlsx
2024H1,Swift 1st Limited,NO GROUP,no,Home finance,912.0,879.0,0.504,0.4937,0.1479,124.06,firm-level-complaints-data-2024-h1.xlsx
2024H1,TSB Bank PLC,BANCO DE SABADELL SA,no,Banking and credit cards,23784.0,23831.0,0.6762,0.3185,0.6495,2.59,firm-level-complaints-data-2024-h1.xlsx
2024H1,TSB Bank PLC,BANCO DE SABADELL SA,no,Home finance,1920.0,1997.0,0.5734,0.4136,0.5533,7.56,firm-level-complaints-data-2024-h1.xlsx
2024H1,TSB Bank PLC,BANCO DE SABADELL SA,no,Insurance & pure protection,30.0,28.0,0.6071,0.3214,0.5714,,firm-level-complaints-data-2024-h1.xlsx
2024H1,Telefonica Seguros Y Reaseguros Compania Aseguradora S.a.u.,NO GROUP,no,Insurance & pure protection,3102.0,3110.0,0.1974,0.7859,0.6293,3.8,firm-level-complaints-data-2024-h1.xlsx
2024H1,Telefonica UK Limited,NO GROUP,no,Insurance & pure protection,29.0,16.0,0.1875,0.5,0.625,,firm-level-complaints-data-2024-h1.xlsx
2024H1,Tesco Personal Finance PLC,TESCO BANK (TESCO PLC),no,Banking and credit cards,14290.0,14388.0,0.5261,0.4719,0.4067,3.82,firm-level-complaints-data-2024-h1.xlsx
2024H1,Tesco Personal Finance PLC,TESCO BANK (TESCO PLC),no,Insurance & pure protection,3659.0,3634.0,0.3448,0.6544,0.3481,2.46,firm-level-complaints-data-2024-h1.xlsx
2024H1,Tesco Underwriting Limited,TESCO BANK (TESCO PLC),no,Insurance & pure protection,2740.0,2827.0,0.2423,0.5094,0.5518,1.71,firm-level-complaints-data-2024-h1.xlsx
2024H1,The Co-operative Bank PLC,CO-OPERATIVE BANK HOLDINGS (THE),no,Banking and credit cards,12595.0,12016.0,0.806,0.153,0.655,3.67,firm-level-complaints-data-2024-h1.xlsx
2024H1,The Co-operative Bank PLC,CO-OPERATIVE BANK HOLDINGS (THE),no,Decumulation & pensions,2.0,1.0,0.0,1.0,0.0,,firm-level-complaints-data-2024-h1.xlsx
2024H1,The Co-operative Bank PLC,CO-OPERATIVE BANK HOLDINGS (THE),no,Home finance,3548.0,3051.0,0.3019,0.3281,0.821,25.78,firm-level-complaints-data-2024-h1.xlsx
2024H1,The Co-operative Bank PLC,CO-OPERATIVE BANK HOLDINGS (THE),no,Insurance & pure protection,6.0,6.0,0.0,0.8333,0.3333,,firm-level-complaints-data-2024-h1.xlsx
2024H1,The Co-operative Bank PLC,CO-OPERATIVE BANK HOLDINGS (THE),no,Investments,1.0,1.0,0.0,0.0,0.0,,firm-level-complaints-data-2024-h1.xlsx
2024H1,The Mortgage Works (uk) PLC,NATIONWIDE BUILDING SOCIETY,no,Home finance,1534.0,1465.0,0.2491,0.7392,0.5338,5.36,firm-level-complaints-data-2024-h1.xlsx
2024H1,The National Farmers' Union Mutual Insurance Society Limited,NFU MUTUAL INSURANCE SOCIETY LIMITED,yes,Decumulation & pensions,80.0,77.0,0.039,0.961,0.3766,0.73,firm-level-complaints-data-2024-h1.xlsx
2024H1,The National Farmers' Union Mutual Insurance Society Limited,NFU MUTUAL INSURANCE SOCIETY LIMITED,yes,Insurance & pure protection,6635.0,6769.0,0.3996,0.5632,0.6251,3.56,firm-level-complaints-data-2024-h1.xlsx
2024H1,The National Farmers' Union Mutual Insurance Society Limited,NFU MUTUAL INSURANCE SOCIETY LIMITED,yes,Investments,59.0,54.0,0.037,0.963,0.2037,0.89,firm-level-complaints-data-2024-h1.xlsx
2024H1,The Prudential Assurance Company Limited,M&G PLC,yes,Decumulation & pensions,6734.0,6117.0,0.1579,0.7899,0.7891,2.74,firm-level-complaints-data-2024-h1.xlsx
2024H1,The Prudential Assurance Company Limited,M&G PLC,yes,Home finance,33.0,37.0,0.0541,0.8919,0.2432,4.3,firm-level-complaints-data-2024-h1.xlsx
2024H1,The Prudential Assurance Company Limited,M&G PLC,yes,Insurance & pure protection,704.0,628.0,0.1736,0.7866,0.8041,0.43,firm-level-complaints-data-2024-h1.xlsx
2024H1,The Prudential Assurance Company Limited,M&G PLC,yes,Investments,2696.0,2627.0,0.2143,0.7457,0.8215,4.14,firm-level-complaints-data-2024-h1.xlsx
2024H1,The Royal Bank Of Scotland PLC,NATWEST GROUP,no,Banking and credit cards,18625.0,19282.0,0.3801,0.5626,0.6625,2.81,firm-level-complaints-data-2024-h1.xlsx
2024H1,The Royal Bank Of Scotland PLC,NATWEST GROUP,no,Decumulation & pensions,6.0,7.0,0.0,0.1429,0.5714,1.52,firm-level-complaints-data-2024-h1.xlsx
2024H1,The Royal Bank Of Scotland PLC,NATWEST GROUP,no,Home finance,1583.0,1643.0,0.2538,0.6318,0.5794,11.41,firm-level-complaints-data-2024-h1.xlsx
2024H1,The Royal Bank Of Scotland PLC,NATWEST GROUP,no,Insurance & pure protection,35.0,36.0,0.0556,0.6389,0.2778,0.88,firm-level-complaints-data-2024-h1.xlsx
2024H1,The Royal Bank Of Scotland PLC,NATWEST GROUP,no,Investments,37.0,36.0,0.0,0.5833,0.6111,0.64,firm-level-complaints-data-2024-h1.xlsx
2024H1,The Royal London Mutual Insurance Society Limited,ROYAL LONDON GROUP,no,Decumulation & pensions,6145.0,,0.3457,0.5791,0.6347,1.71,firm-level-complaints-data-2024-h1.xlsx
2024H1,The Royal London Mutual Insurance Society Limited,ROYAL LONDON GROUP,no,Insurance & pure protection,2029.0,,0.2921,0.6629,0.5057,0.58,firm-level-complaints-data-2024-h1.xlsx
2024H1,The Royal London Mutual Insurance Society Limited,ROYAL LONDON GROUP,no,Investments,288.0,,0.2724,0.6923,0.5096,0.38,firm-level-complaints-data-2024-h1.xlsx
2024H1,Topaz Finance Limited,NO GROUP,no,Home finance,2693.0,3222.0,0.1738,0.7874,0.3802,24.08,firm-level-complaints-data-2024-h1.xlsx
2024H1,Tradex Insurance Company PLC,NO GROUP,no,Insurance & pure protection,1588.0,1430.0,0.3601,0.6196,0.6755,1.36,firm-level-complaints-data-2024-h1.xlsx
2024H1,Triodos Bank UK Limited,NO GROUP,no,Banking and credit cards,590.0,579.0,0.4508,0.5492,0.3523,5.82,firm-level-complaints-data-2024-h1.xlsx
2024H1,Triodos Bank UK Limited,NO GROUP,no,Investments,97.0,96.0,0.3646,0.6354,0.2083,4.81,firm-level-complaints-data-2024-h1.xlsx
2024H1,U K Insurance Limited,DIRECT LINE INSURANCE GROUP PLC,no,Insurance & pure protection,53474.0,54621.0,0.4844,0.4748,0.7029,5.51,firm-level-complaints-data-2024-h1.xlsx
2024H1,UK Mortgage Lending LTD,NO GROUP,no,Home finance,656.0,693.0,0.3896,0.6003,0.5772,13.44,firm-level-complaints-data-2024-h1.xlsx
2024H1,Unum LTD,NO GROUP,no,Insurance & pure protection,581.0,466.0,0.0515,0.8133,0.5279,19.12,firm-level-complaints-data-2024-h1.xlsx
2024H1,Usay Business Limited,NO GROUP,no,Insurance & pure protection,688.0,650.0,0.0354,0.9615,0.18,,firm-level-complaints-data-2024-h1.xlsx
2024H1,Utility Warehouse Limited,NO GROUP,no,Insurance & pure protection,609.0,578.0,0.6003,0.3997,0.4221,2.54,firm-level-complaints-data-2024-h1.xlsx
2024H1,"Vanguard Asset Management, LTD",NO GROUP,no,Decumulation & pensions,805.0,759.0,0.0527,0.1238,0.8287,6.08,firm-level-complaints-data-2024-h1.xlsx
2024H1,"Vanguard Asset Management, LTD",NO GROUP,no,Investments,1330.0,1216.0,0.0987,0.3092,0.7344,1.95,firm-level-complaints-data-2024-h1.xlsx
2024H1,Vanquis Bank Limited,PROVIDENT FINANCIAL PLC,no,Banking and credit cards,33775.0,39974.0,0.0682,0.3487,0.1507,24.08,firm-level-complaints-data-2024-h1.xlsx
2024H1,Vitality Corporate Services Limited,DISCOVERY LIMITED,yes,Insurance & pure protection,9239.0,9285.0,0.384,0.5468,0.5393,5.27,firm-level-complaints-data-2024-h1.xlsx
2024H1,Vodafone Limited,NO GROUP,no,Insurance & pure protection,377.0,377.0,0.7798,0.2202,0.5119,1.05,firm-level-complaints-data-2024-h1.xlsx
2024H1,Volkswagen Financial Services (uk) Limited,NO GROUP,no,Insurance & pure protection,3.0,3.0,0.0,1.0,0.0,,firm-level-complaints-data-2024-h1.xlsx
2024H1,Wesleyan Assurance Society,NO GROUP,no,Decumulation & pensions,352.0,336.0,0.2292,0.753,0.8661,4.23,firm-level-complaints-data-2024-h1.xlsx
2024H1,Wesleyan Assurance Society,NO GROUP,no,Insurance & pure protection,138.0,139.0,0.3237,0.6475,0.7986,0.18,firm-level-complaints-data-2024-h1.xlsx
2024H1,Wesleyan Assurance Society,NO GROUP,no,Investments,395.0,415.0,0.3542,0.6217,0.8747,6.59,firm-level-complaints-data-2024-h1.xlsx
2024H1,Xbridge Limited,NO GROUP,no,Insurance & pure protection,1061.0,1040.0,0.1904,0.8019,0.4346,,firm-level-complaints-data-2024-h1.xlsx
2024H1,Yorkshire Building Society,YORKSHIRE BUILDING SOCIETY,yes,Banking and credit cards,2491.0,2623.0,0.3054,0.6748,0.7408,0.73,firm-level-complaints-data-2024-h1.xlsx
2024H1,Yorkshire Building Society,YORKSHIRE BUILDING SOCIETY,yes,Decumulation & pensions,2.0,1.0,0.0,1.0,0.0,,firm-level-complaints-data-2024-h1.xlsx
2024H1,Yorkshire Building Society,YORKSHIRE BUILDING SOCIETY,yes,Home finance,746.0,785.0,0.2344,0.6701,0.6127,9.92,firm-level-complaints-data-2024-h1.xlsx
2024H1,Yorkshire Building Society,YORKSHIRE BUILDING SOCIETY,yes,Insurance & pure protection,16.0,13.0,0.2308,0.7692,0.3846,0.33,firm-level-complaints-data-2024-h1.xlsx
2024H1,Yorkshire Building Society,YORKSHIRE BUILDING SOCIETY,yes,Investments,4.0,3.0,0.3333,0.6667,0.3333,,firm-level-complaints-data-2024-h1.xlsx
2024H1,Zempler Bank Limited,NO GROUP,no,Banking and credit cards,1769.0,1624.0,0.2272,0.7722,0.455,3.2,firm-level-complaints-data-2024-h1.xlsx
2024H1,Zopa Bank Limited,NO GROUP,yes,Banking and credit cards,3092.0,2927.0,0.3468,0.6498,0.5009,4.48,firm-level-complaints-data-2024-h1.xlsx
2024H1,Zurich Assurance LTD,ZURICH INSURANCE GROUP AG,no,Banking and credit cards,0.0,0.0,,,,0.0,firm-level-complaints-data-2024-h1.xlsx
2024H1,Zurich Assurance LTD,ZURICH INSURANCE GROUP AG,no,Decumulation & pensions,1337.0,1313.0,0.2285,0.7502,0.4387,4.13,firm-level-complaints-data-2024-h1.xlsx
2024H1,Zurich Assurance LTD,ZURICH INSURANCE GROUP AG,no,Home finance,1.0,1.0,0.0,0.0,0.0,0.0,firm-level-complaints-data-2024-h1.xlsx
2024H1,Zurich Assurance LTD,ZURICH INSURANCE GROUP AG,no,Insurance & pure protection,2387.0,2430.0,0.2412,0.7527,0.4885,0.82,firm-level-complaints-data-2024-h1.xlsx
2024H1,Zurich Assurance LTD,ZURICH INSURANCE GROUP AG,no,Investments,440.0,443.0,0.2889,0.7088,0.5124,5.6,firm-level-complaints-data-2024-h1.xlsx
2024H1,Zurich Insurance Company LTD,ZURICH INSURANCE GROUP AG,no,Insurance & pure protection,3455.0,3473.0,0.1857,0.7924,0.6663,1.5,firm-level-complaints-data-2024-h1.xlsx
2024H2,Accord Mortgages Limited,YORKSHIRE BUILDING SOCIETY,no,Banking and credit cards,27.0,25.0,0.32,0.68,0.88,3.03,firm-level-complaints-data-2024-h2.xlsx
2024H2,Accord Mortgages Limited,YORKSHIRE BUILDING SOCIETY,no,Home finance,865.0,855.0,0.324,0.6526,0.6503,4.17,firm-level-complaints-data-2024-h2.xlsx
2024H2,Accredited Insurance (europe) LTD,NO GROUP,no,Insurance & pure protection,4219.0,4005.0,0.2787,0.6979,0.3885,1.42,firm-level-complaints-data-2024-h2.xlsx
2024H2,Acm Ulr Limited,MARKERSTUDY GROUP,no,Insurance & pure protection,865.0,837.0,0.086,0.8984,0.4265,11.74,firm-level-complaints-data-2024-h2.xlsx
2024H2,Acorn Insurance & Financial Services LTD,NO GROUP,no,Insurance & pure protection,823.0,770.0,0.274,0.7247,0.5169,1.5,firm-level-complaints-data-2024-h2.xlsx
2024H2,Action 365 LTD,NO GROUP,no,Insurance & pure protection,966.0,998.0,0.2124,0.6984,0.3136,15.0,firm-level-complaints-data-2024-h2.xlsx
2024H2,Adrian Flux Insurance Services Group,NO GROUP,no,Insurance & pure protection,1665.0,1665.0,0.9369,0.0619,0.2012,1.87,firm-level-complaints-data-2024-h2.xlsx
2024H2,Advisory Insurance Brokers Limited,ARDONAGH GROUP LIMITED,no,Insurance & pure protection,816.0,778.0,0.2198,0.7057,0.5913,,firm-level-complaints-data-2024-h2.xlsx
2024H2,Affinity Insurance Solutions Limited,MARKERSTUDY GROUP,no,Insurance & pure protection,806.0,807.0,0.8278,0.1698,0.2491,2.29,firm-level-complaints-data-2024-h2.xlsx
2024H2,Ageas Insurance Limited,AGEAS SA-NV,no,Insurance & pure protection,5058.0,5243.0,0.2685,0.6481,0.4654,1.14,firm-level-complaints-data-2024-h2.xlsx
2024H2,Ageas Retail Limited,AGEAS SA-NV,no,Insurance & pure protection,993.0,995.0,0.4834,0.5126,0.4563,1.36,firm-level-complaints-data-2024-h2.xlsx
2024H2,Aioi Nissay Dowa Insurance UK Limited,AIOI NISSAY DOWA EUROPE LIMITED,yes,Insurance & pure protection,2193.0,2628.0,0.1572,0.8204,0.5434,6.39,firm-level-complaints-data-2024-h2.xlsx
2024H2,Aj Bell Management Limited,AJ BELL GROUP,yes,Decumulation & pensions,955.0,963.0,0.4382,0.5576,0.5088,4.02,firm-level-complaints-data-2024-h2.xlsx
2024H2,Aj Bell Securities Limited,AJ BELL GROUP,no,Banking and credit cards,19.0,19.0,0.4211,0.5789,0.3684,6.06,firm-level-complaints-data-2024-h2.xlsx
2024H2,Aj Bell Securities Limited,AJ BELL GROUP,no,Decumulation & pensions,191.0,196.0,0.2704,0.7296,0.5918,0.82,firm-level-complaints-data-2024-h2.xlsx
2024H2,Aj Bell Securities Limited,AJ BELL GROUP,no,Investments,749.0,753.0,0.417,0.579,0.5432,1.71,firm-level-complaints-data-2024-h2.xlsx
2024H2,Aldermore Bank PLC,FIRSTRAND LIMITED,no,Banking and credit cards,695.0,586.0,0.3584,0.6041,0.6758,1.63,firm-level-complaints-data-2024-h2.xlsx
2024H2,Aldermore Bank PLC,FIRSTRAND LIMITED,no,Home finance,749.0,800.0,0.2825,0.6638,0.6488,16.18,firm-level-complaints-data-2024-h2.xlsx
2024H2,Allianz Insurance PLC,ALLIANZ SE,no,Insurance & pure protection,2947.0,2929.0,0.2414,0.7426,0.5722,0.59,firm-level-complaints-data-2024-h2.xlsx
2024H2,American Express Services Europe Limited,NO GROUP,no,Banking and credit cards,11203.0,10728.0,0.133,0.8669,0.3267,3.68,firm-level-complaints-data-2024-h2.xlsx
2024H2,American Express Services Europe Limited,NO GROUP,no,Insurance & pure protection,70.0,64.0,0.0,1.0,0.2344,0.02,firm-level-complaints-data-2024-h2.xlsx
2024H2,American International Group UK Limited,"AMERICAN INTERNATIONAL GROUP, INC. (AIG)",yes,Insurance & pure protection,1109.0,1107.0,0.168,0.8202,0.4743,0.32,firm-level-complaints-data-2024-h2.xlsx
2024H2,Amtrust Specialty Limited,NO GROUP,yes,Insurance & pure protection,2314.0,2140.0,0.1654,0.7673,0.4939,0.38,firm-level-complaints-data-2024-h2.xlsx
2024H2,Animal Friends Insurance Services LTD,NO GROUP,no,Insurance & pure protection,3228.0,3041.0,0.2499,0.7494,0.3134,,firm-level-complaints-data-2024-h2.xlsx
2024H2,Arag Legal Expenses Insurance Company Limited,NO GROUP,no,Insurance & pure protection,1930.0,1948.0,0.0765,0.8178,0.7028,0.28,firm-level-complaints-data-2024-h2.xlsx
2024H2,Arthur J. Gallagher Insurance Brokers Limited,ARTHUR J GALLAGHER (UK) LTD,yes,Insurance & pure protection,1047.0,1051.0,0.3406,0.6365,0.6232,,firm-level-complaints-data-2024-h2.xlsx
2024H2,Assurant General Insurance Limited,ASSURANT INC,no,Insurance & pure protection,6996.0,7621.0,0.576,0.3486,0.4094,1.49,firm-level-complaints-data-2024-h2.xlsx
2024H2,Astrenska Insurance Limited,NO GROUP,no,Insurance & pure protection,1854.0,1789.0,0.1873,0.7915,0.5198,,firm-level-complaints-data-2024-h2.xlsx
2024H2,Asurion Europe Limited,ASURION,no,Insurance & pure protection,1431.0,1465.0,0.4382,0.5577,0.2184,2.14,firm-level-complaints-data-2024-h2.xlsx
2024H2,Atlanta Insurance Intermediaries Limited,MARKERSTUDY GROUP,no,Insurance & pure protection,9798.0,9764.0,0.6726,0.3224,0.4268,5.24,firm-level-complaints-data-2024-h2.xlsx
2024H2,Automobile Association Insurance Services Limited,AUTOMOBILE ASSOCIATION (AA),no,Banking and credit cards,0.0,0.0,,,,0.0,firm-level-complaints-data-2024-h2.xlsx
2024H2,Automobile Association Insurance Services Limited,AUTOMOBILE ASSOCIATION (AA),no,Decumulation & pensions,0.0,0.0,,,,0.0,firm-level-complaints-data-2024-h2.xlsx
2024H2,Automobile Association Insurance Services Limited,AUTOMOBILE ASSOCIATION (AA),no,Home finance,0.0,0.0,,,,0.0,firm-level-complaints-data-2024-h2.xlsx
2024H2,Automobile Association Insurance Services Limited,AUTOMOBILE ASSOCIATION (AA),no,Insurance & pure protection,8063.0,0.0,,,,0.0,firm-level-complaints-data-2024-h2.xlsx
2024H2,Automobile Association Insurance Services Limited,AUTOMOBILE ASSOCIATION (AA),no,Investments,0.0,0.0,,,,0.0,firm-level-complaints-data-2024-h2.xlsx
2024H2,Avantia Insurance Limited,NO GROUP,no,Insurance & pure protection,1437.0,1460.0,0.6685,0.3315,0.3644,4.56,firm-level-complaints-data-2024-h2.xlsx
2024H2,Aviva Health UK Limited,AVIVA PLC,no,Insurance & pure protection,1337.0,1386.0,0.4942,0.4798,0.3672,,firm-level-complaints-data-2024-h2.xlsx
2024H2,Aviva Insurance Limited,AVIVA PLC,no,Insurance & pure protection,49190.0,50012.0,0.3191,0.6558,0.5848,2.91,firm-level-complaints-data-2024-h2.xlsx
2024H2,Aviva Life Services UK Limited,AVIVA PLC,yes,Decumulation & pensions,16030.0,16218.0,0.2702,0.5573,0.6652,1.9,firm-level-complaints-data-2024-h2.xlsx
2024H2,Aviva Life Services UK Limited,AVIVA PLC,yes,Home finance,1125.0,1136.0,0.2614,0.4472,0.3996,11.65,firm-level-complaints-data-2024-h2.xlsx
2024H2,Aviva Life Services UK Limited,AVIVA PLC,yes,Insurance & pure protection,3866.0,3917.0,0.2755,0.5716,0.5731,1.04,firm-level-complaints-data-2024-h2.xlsx
2024H2,Aviva Life Services UK Limited,AVIVA PLC,yes,Investments,2841.0,2914.0,0.301,0.4523,0.7104,2.67,firm-level-complaints-data-2024-h2.xlsx
2024H2,Aviva Protection UK Limited,NO GROUP,no,Insurance & pure protection,742.0,862.0,0.3144,0.6671,0.471,0.58,firm-level-complaints-data-2024-h2.xlsx
2024H2,Awp Assistance UK LTD,ALLIANZ SE,yes,Insurance & pure protection,2716.0,2555.0,0.2751,0.7229,0.8693,0.61,firm-level-complaints-data-2024-h2.xlsx
2024H2,Awp P&c S.a.,ALLIANZ SE,yes,Insurance & pure protection,2225.0,2049.0,0.2001,0.7721,0.4202,0.48,firm-level-complaints-data-2024-h2.xlsx
2024H2,Axa Insurance Designated Activity Company,AXA GROUP,no,Insurance & pure protection,2047.0,2091.0,0.858,0.1062,0.5524,8.23,firm-level-complaints-data-2024-h2.xlsx
2024H2,Axa Insurance UK PLC,AXA GROUP,no,Insurance & pure protection,20381.0,22083.0,0.3015,0.5245,0.5832,6.99,firm-level-complaints-data-2024-h2.xlsx
2024H2,Axa Ppp Healthcare Limited,AXA GROUP,no,Insurance & pure protection,24510.0,24363.0,0.6477,0.3252,0.5603,15.01,firm-level-complaints-data-2024-h2.xlsx
2024H2,Bank Of Ireland (uk) PLC,BANK OF IRELAND GROUP,yes,Banking and credit cards,2444.0,2531.0,0.5045,0.4473,0.4579,2.29,firm-level-complaints-data-2024-h2.xlsx
2024H2,Bank Of Ireland (uk) PLC,BANK OF IRELAND GROUP,yes,Home finance,882.0,954.0,0.2746,0.6478,0.2925,9.01,firm-level-complaints-data-2024-h2.xlsx
2024H2,Bank Of Ireland (uk) PLC,BANK OF IRELAND GROUP,yes,Insurance & pure protection,41.0,46.0,0.0217,0.9565,,,firm-level-complaints-data-2024-h2.xlsx
2024H2,Bank Of Scotland PLC,LLOYDS BANKING GROUP PLC,no,Banking and credit cards,61366.0,60234.0,0.6309,0.3239,0.6757,1.73,firm-level-complaints-data-2024-h2.xlsx
2024H2,Bank Of Scotland PLC,LLOYDS BANKING GROUP PLC,no,Decumulation & pensions,11.0,12.0,0.0833,0.5833,0.4167,0.08,firm-level-complaints-data-2024-h2.xlsx
2024H2,Bank Of Scotland PLC,LLOYDS BANKING GROUP PLC,no,Home finance,12741.0,12514.0,0.4236,0.548,0.5551,5.98,firm-level-complaints-data-2024-h2.xlsx
2024H2,Bank Of Scotland PLC,LLOYDS BANKING GROUP PLC,no,Insurance & pure protection,241.0,296.0,0.3378,0.5878,0.152,0.35,firm-level-complaints-data-2024-h2.xlsx
2024H2,Bank Of Scotland PLC,LLOYDS BANKING GROUP PLC,no,Investments,45.0,46.0,0.1957,0.6957,0.3478,0.3,firm-level-complaints-data-2024-h2.xlsx
2024H2,Barclays Bank PLC,BARCLAYS PLC,yes,Banking and credit cards,8336.0,8337.0,0.7242,0.2552,0.6089,6.63,firm-level-complaints-data-2024-h2.xlsx
2024H2,Barclays Bank PLC,BARCLAYS PLC,yes,Decumulation & pensions,13.0,15.0,0.1333,0.8,0.5333,,firm-level-complaints-data-2024-h2.xlsx
2024H2,Barclays Bank PLC,BARCLAYS PLC,yes,Home finance,3.0,1.0,0.0,1.0,1.0,3.5,firm-level-complaints-data-2024-h2.xlsx
2024H2,Barclays Bank PLC,BARCLAYS PLC,yes,Insurance & pure protection,1.0,1.0,0.0,1.0,1.0,0.0,firm-level-complaints-data-2024-h2.xlsx
2024H2,Barclays Bank PLC,BARCLAYS PLC,yes,Investments,1105.0,1091.0,0.2933,0.6407,0.6691,2.09,firm-level-complaints-data-2024-h2.xlsx
2024H2,Barclays Bank UK PLC,BARCLAYS PLC,yes,Banking and credit cards,62061.0,61470.0,0.5638,0.4233,0.6589,1.71,firm-level-complaints-data-2024-h2.xlsx
2024H2,Barclays Bank UK PLC,BARCLAYS PLC,yes,Decumulation & pensions,27.0,25.0,0.32,0.48,0.52,,firm-level-complaints-data-2024-h2.xlsx
2024H2,Barclays Bank UK PLC,BARCLAYS PLC,yes,Home finance,6445.0,6587.0,0.4055,0.5535,0.756,7.42,firm-level-complaints-data-2024-h2.xlsx
2024H2,Barclays Bank UK PLC,BARCLAYS PLC,yes,Insurance & pure protection,181.0,198.0,0.1667,0.5859,0.2172,0.83,firm-level-complaints-data-2024-h2.xlsx
2024H2,Barclays Bank UK PLC,BARCLAYS PLC,yes,Investments,36.0,51.0,0.1961,0.4118,0.3725,,firm-level-complaints-data-2024-h2.xlsx
2024H2,Bisl Limited,MARKERSTUDY GROUP,no,Insurance & pure protection,13571.0,13387.0,0.4977,0.5002,0.3722,6.06,firm-level-complaints-data-2024-h2.xlsx
2024H2,British Gas Services Limited,NO GROUP,yes,Insurance & pure protection,57808.0,56598.0,0.6728,0.2941,0.9549,10.5,firm-level-complaints-data-2024-h2.xlsx
2024H2,Bupa Insurance Services Limited,BUPA GROUP,yes,Insurance & pure protection,31626.0,31336.0,0.6314,0.3652,0.5676,9.37,firm-level-complaints-data-2024-h2.xlsx
2024H2,Business Insurance Solutions Limited,NO GROUP,no,Insurance & pure protection,479.0,,,,,,firm-level-complaints-data-2024-h2.xlsx
2024H2,Cabot Credit Management Group Limited,NO GROUP,no,Home finance,26.0,28.0,0.1071,0.7857,0.3929,,firm-level-complaints-data-2024-h2.xlsx
2024H2,Call Assist LTD,CALL ASSIST LIMITED,yes,Insurance & pure protection,644.0,656.0,0.3491,0.6494,0.4192,2.85,firm-level-complaints-data-2024-h2.xlsx
2024H2,Capital Home Loans Limited,NO GROUP,no,Home finance,515.0,571.0,0.0981,0.8354,0.3117,32.2,firm-level-complaints-data-2024-h2.xlsx
2024H2,Capital Home Loans Limited,NO GROUP,no,Insurance & pure protection,0.0,0.0,,,,,firm-level-complaints-data-2024-h2.xlsx
2024H2,Capital One (europe) PLC,CAPITAL ONE FINANCIAL CORPORATION,no,Banking and credit cards,23660.0,25132.0,0.1811,0.8088,0.3115,4.59,firm-level-complaints-data-2024-h2.xlsx
2024H2,Capital One (europe) PLC,CAPITAL ONE FINANCIAL CORPORATION,no,Insurance & pure protection,5.0,6.0,0.0,0.8333,0.1667,,firm-level-complaints-data-2024-h2.xlsx
2024H2,Car Care Plan Limited,NO GROUP,yes,Insurance & pure protection,1043.0,1040.0,0.2385,0.7606,0.226,1.18,firm-level-complaints-data-2024-h2.xlsx
2024H2,Carfinance247 Limited,NO GROUP,no,Insurance & pure protection,158.0,173.0,0.1098,0.8902,0.1792,,firm-level-complaints-data-2024-h2.xlsx
2024H2,Carole Nash Insurance Consultants LTD,MARKERSTUDY GROUP,no,Insurance & pure protection,3087.0,3103.0,0.7316,0.2662,0.3777,5.99,firm-level-complaints-data-2024-h2.xlsx
2024H2,Castelan Limited,NO GROUP,no,Insurance & pure protection,541.0,551.0,0.3067,0.6897,0.3067,0.41,firm-level-complaints-data-2024-h2.xlsx
2024H2,Charter Court Financial Services Limited,CHARTER COURT FINANCIAL SERVICES GROUP PLC,no,Banking and credit cards,735.0,741.0,0.3333,0.6667,0.4291,2.64,firm-level-complaints-data-2024-h2.xlsx
2024H2,Charter Court Financial Services Limited,CHARTER COURT FINANCIAL SERVICES GROUP PLC,no,Home finance,1287.0,1313.0,0.1059,0.8888,0.3572,18.33,firm-level-complaints-data-2024-h2.xlsx
2024H2,Chetwood Financial Limited,NO GROUP,no,Banking and credit cards,339.0,324.0,0.0247,0.9753,0.2037,,firm-level-complaints-data-2024-h2.xlsx
2024H2,Chubb European Group Se,CHUBB LIMITED,yes,Insurance & pure protection,4200.0,4213.0,0.1484,0.8296,0.6285,0.69,firm-level-complaints-data-2024-h2.xlsx
2024H2,Citibank UK Limited,CITI GROUP,no,Banking and credit cards,730.0,758.0,0.5963,0.4037,0.1135,99.24,firm-level-complaints-data-2024-h2.xlsx
2024H2,Citibank UK Limited,CITI GROUP,no,Investments,25.0,22.0,0.3636,0.6364,0.3636,13.29,firm-level-complaints-data-2024-h2.xlsx
2024H2,Clearbank Limited,NO GROUP,no,Banking and credit cards,3540.0,3398.0,0.4461,0.5527,0.5818,2.13,firm-level-complaints-data-2024-h2.xlsx
2024H2,Close Brothers Limited,CLOSE BROTHERS GROUP PLC,no,Banking and credit cards,310.0,295.0,0.1797,0.8136,0.6136,,firm-level-complaints-data-2024-h2.xlsx
2024H2,Close Brothers Limited,CLOSE BROTHERS GROUP PLC,no,Insurance & pure protection,5.0,5.0,0.0,1.0,0.0,,firm-level-complaints-data-2024-h2.xlsx
2024H2,Clydesdale Bank PLC,VIRGIN MONEY UK PLC,yes,Banking and credit cards,35191.0,32947.0,0.3828,0.4476,0.7254,4.2,firm-level-complaints-data-2024-h2.xlsx
2024H2,Clydesdale Bank PLC,VIRGIN MONEY UK PLC,yes,Decumulation & pensions,1.0,1.0,0.0,1.0,1.0,0.0,firm-level-complaints-data-2024-h2.xlsx
2024H2,Clydesdale Bank PLC,VIRGIN MONEY UK PLC,yes,Home finance,2185.0,1841.0,0.1081,0.5714,0.6431,6.68,firm-level-complaints-data-2024-h2.xlsx
2024H2,Clydesdale Bank PLC,VIRGIN MONEY UK PLC,yes,Insurance & pure protection,7.0,8.0,0.25,0.625,0.5,0.07,firm-level-complaints-data-2024-h2.xlsx
2024H2,Clydesdale Bank PLC,VIRGIN MONEY UK PLC,yes,Investments,54.0,21.0,0.1429,0.4762,0.8571,0.0,firm-level-complaints-data-2024-h2.xlsx
2024H2,Cofunds Limited,AEGON N.V.,no,Decumulation & pensions,106.0,115.0,0.0522,0.8348,0.4696,5.04,firm-level-complaints-data-2024-h2.xlsx
2024H2,Cofunds Limited,AEGON N.V.,no,Investments,886.0,947.0,0.0771,0.8448,0.5744,1.12,firm-level-complaints-data-2024-h2.xlsx
2024H2,Complete Cover Group LTD,NO GROUP,no,Insurance & pure protection,963.0,995.0,0.2673,0.7307,0.4261,22.23,firm-level-complaints-data-2024-h2.xlsx
2024H2,Connells Limited,SKIPTON BUILDING SOCIETY,no,Home finance,406.0,401.0,0.0224,0.9426,0.4663,,firm-level-complaints-data-2024-h2.xlsx
2024H2,Connells Limited,SKIPTON BUILDING SOCIETY,no,Insurance & pure protection,119.0,112.0,0.0893,0.9018,0.3304,,firm-level-complaints-data-2024-h2.xlsx
2024H2,Corgi Homeplan LTD,OVO GROUP,no,Insurance & pure protection,1809.0,1603.0,0.0979,0.8752,0.7174,6.31,firm-level-complaints-data-2024-h2.xlsx
2024H2,Countrywide Assured PLC,NO GROUP,no,Banking and credit cards,0.0,,,,,,firm-level-complaints-data-2024-h2.xlsx
2024H2,Countrywide Assured PLC,NO GROUP,no,Decumulation & pensions,413.0,512.0,0.248,0.3496,0.6211,1.53,firm-level-complaints-data-2024-h2.xlsx
2024H2,Countrywide Assured PLC,NO GROUP,no,Home finance,0.0,,,,,0.0,firm-level-complaints-data-2024-h2.xlsx
2024H2,Countrywide Assured PLC,NO GROUP,no,Insurance & pure protection,184.0,172.0,0.2616,0.3488,0.25,1.46,firm-level-complaints-data-2024-h2.xlsx
2024H2,Countrywide Assured PLC,NO GROUP,no,Investments,67.0,60.0,0.1833,0.45,0.7333,0.29,firm-level-complaints-data-2024-h2.xlsx
2024H2,Coutts & Company,NATWEST GROUP,no,Banking and credit cards,1570.0,1562.0,0.5006,0.4878,0.4706,5.43,firm-level-complaints-data-2024-h2.xlsx
2024H2,Coutts & Company,NATWEST GROUP,no,Decumulation & pensions,20.0,15.0,0.0,0.8,0.6,4.25,firm-level-complaints-data-2024-h2.xlsx
2024H2,Coutts & Company,NATWEST GROUP,no,Home finance,92.0,108.0,0.1111,0.6944,0.5833,7.92,firm-level-complaints-data-2024-h2.xlsx
2024H2,Coutts & Company,NATWEST GROUP,no,Insurance & pure protection,14.0,14.0,0.2857,0.7143,0.3571,0.93,firm-level-complaints-data-2024-h2.xlsx
2024H2,Coutts & Company,NATWEST GROUP,no,Investments,80.0,75.0,0.04,0.6533,0.72,1.66,firm-level-complaints-data-2024-h2.xlsx
2024H2,Covea Insurance PLC,COVEA GROUP,yes,Insurance & pure protection,2490.0,2479.0,0.2053,0.7471,0.4207,1.87,firm-level-complaints-data-2024-h2.xlsx
2024H2,Coventry Building Society,NO GROUP,yes,Banking and credit cards,3246.0,3249.0,0.6504,0.3487,0.6387,1.23,firm-level-complaints-data-2024-h2.xlsx
2024H2,Coventry Building Society,NO GROUP,yes,Home finance,722.0,716.0,0.5796,0.4176,0.7542,2.04,firm-level-complaints-data-2024-h2.xlsx
2024H2,Coventry Building Society,NO GROUP,yes,Insurance & pure protection,1.0,1.0,0.0,1.0,1.0,,firm-level-complaints-data-2024-h2.xlsx
2024H2,Creation Consumer Finance LTD,BNP PARIBAS GROUP,no,Banking and credit cards,5621.0,3877.0,0.1545,0.7741,0.3343,2.27,firm-level-complaints-data-2024-h2.xlsx
2024H2,Creation Financial Services Limited,BNP PARIBAS GROUP,no,Banking and credit cards,519.0,601.0,0.0616,0.8453,0.4027,6.42,firm-level-complaints-data-2024-h2.xlsx
2024H2,Creation Financial Services Limited,BNP PARIBAS GROUP,no,Insurance & pure protection,1.0,0.0,,,,0.51,firm-level-complaints-data-2024-h2.xlsx
2024H2,Cynergy Bank PLC,CYNERGY CAPITAL LTD,no,Banking and credit cards,900.0,693.0,0.1703,0.8254,0.8052,4.9,firm-level-complaints-data-2024-h2.xlsx
2024H2,Cynergy Bank PLC,CYNERGY CAPITAL LTD,no,Home finance,7.0,4.0,,1.0,0.75,2.29,firm-level-complaints-data-2024-h2.xlsx
2024H2,Domestic & General Insurance PLC,CVC CAPITAL PARTNERS ADVISORY GROUP HOLDING FOUNDATION,no,Insurance & pure protection,44570.0,45614.0,0.7767,0.2177,0.5418,3.89,firm-level-complaints-data-2024-h2.xlsx
2024H2,Elderbridge Limited,TECH MAHINDRA LIMITED,no,Home finance,917.0,1003.0,0.0339,0.5713,0.4875,50.82,firm-level-complaints-data-2024-h2.xlsx
2024H2,Elderbridge Limited,TECH MAHINDRA LIMITED,no,Insurance & pure protection,2.0,1.0,,1.0,,,firm-level-complaints-data-2024-h2.xlsx
2024H2,Embark Investment Services Limited,LLOYDS BANKING GROUP PLC,no,Banking and credit cards,0.0,0.0,,,,0.0,firm-level-complaints-data-2024-h2.xlsx
2024H2,Embark Investment Services Limited,LLOYDS BANKING GROUP PLC,no,Decumulation & pensions,381.0,301.0,0.1661,0.3621,0.7442,3.37,firm-level-complaints-data-2024-h2.xlsx
2024H2,Embark Investment Services Limited,LLOYDS BANKING GROUP PLC,no,Home finance,0.0,0.0,,,,0.0,firm-level-complaints-data-2024-h2.xlsx
2024H2,Embark Investment Services Limited,LLOYDS BANKING GROUP PLC,no,Insurance & pure protection,0.0,0.0,,,,0.0,firm-level-complaints-data-2024-h2.xlsx
2024H2,Embark Investment Services Limited,LLOYDS BANKING GROUP PLC,no,Investments,374.0,297.0,0.1279,0.4007,0.7273,1.03,firm-level-complaints-data-2024-h2.xlsx
2024H2,Equiniti Financial Services Limited,EQUINITI GROUP PLC,no,Decumulation & pensions,8.0,10.0,0.0,1.0,0.6,18.22,firm-level-complaints-data-2024-h2.xlsx
2024H2,Equiniti Financial Services Limited,EQUINITI GROUP PLC,no,Investments,2091.0,2378.0,0.4731,0.516,0.3759,0.35,firm-level-complaints-data-2024-h2.xlsx
2024H2,Ergo Travel Insurance Services LTD,NO GROUP,no,Insurance & pure protection,3011.0,2863.0,0.1642,0.7552,0.4548,1.25,firm-level-complaints-data-2024-h2.xlsx
2024H2,Esure Insurance Limited,ESURE GROUP PLC,yes,Insurance & pure protection,16080.0,15914.0,0.3836,0.5848,0.7339,3.9,firm-level-complaints-data-2024-h2.xlsx
2024H2,Eui Limited,ADMIRAL GROUP PLC,yes,Insurance & pure protection,73418.0,72246.0,0.4637,0.5023,0.616,4.4,firm-level-complaints-data-2024-h2.xlsx
2024H2,Exeter Friendly Society Limited,EXETER FRIENDLY SOCIETY LIMITED,no,Insurance & pure protection,1162.0,1162.0,0.7694,0.2134,0.0929,7.39,firm-level-complaints-data-2024-h2.xlsx
2024H2,Experian Limited,EXPERIAN PLC,no,Home finance,0.0,0.0,,,,,firm-level-complaints-data-2024-h2.xlsx
2024H2,Experian Limited,EXPERIAN PLC,no,Insurance & pure protection,2.0,3.0,0.3333,0.6667,0.0,,firm-level-complaints-data-2024-h2.xlsx
2024H2,Extracover Limited,NO GROUP,no,Banking and credit cards,0.0,,,,,,firm-level-complaints-data-2024-h2.xlsx
2024H2,Extracover Limited,NO GROUP,no,Home finance,0.0,,,,,,firm-level-complaints-data-2024-h2.xlsx
2024H2,Extracover Limited,NO GROUP,no,Insurance & pure protection,519.0,507.0,0.5542,0.4458,0.3235,0.08,firm-level-complaints-data-2024-h2.xlsx
2024H2,Family Assurance Friendly Society Limited,NO GROUP,no,Decumulation & pensions,5.0,5.0,0.0,1.0,0.2,,firm-level-complaints-data-2024-h2.xlsx
2024H2,Family Assurance Friendly Society Limited,NO GROUP,no,Insurance & pure protection,429.0,397.0,0.5491,0.4484,0.6096,,firm-level-complaints-data-2024-h2.xlsx
2024H2,Family Assurance Friendly Society Limited,NO GROUP,no,Investments,95.0,85.0,0.5647,0.4353,0.5294,,firm-level-complaints-data-2024-h2.xlsx
2024H2,Family Equity Plan Limited,FAMILY ASSURANCE FRIENDLY SOCIETY LTD,no,Banking and credit cards,219.0,219.0,0.6393,0.3607,0.4064,,firm-level-complaints-data-2024-h2.xlsx
2024H2,Family Equity Plan Limited,FAMILY ASSURANCE FRIENDLY SOCIETY LTD,no,Investments,611.0,599.0,0.5559,0.4441,0.5259,,firm-level-complaints-data-2024-h2.xlsx
2024H2,Fce Bank PLC,FORD MOTOR CO,no,Banking and credit cards,146.0,150.0,0.64,0.36,0.5533,,firm-level-complaints-data-2024-h2.xlsx
2024H2,Financial Administration Services Limited,FIDELITY HOLDINGS LIMITED,no,Decumulation & pensions,710.0,727.0,0.1252,0.7414,0.6176,3.98,firm-level-complaints-data-2024-h2.xlsx
2024H2,Financial Administration Services Limited,FIDELITY HOLDINGS LIMITED,no,Investments,1320.0,1419.0,0.179,0.7111,0.5342,1.38,firm-level-complaints-data-2024-h2.xlsx
2024H2,First Central Insurance Management Limited,FIRST CENTRAL GROUP LIMITED,no,Insurance & pure protection,9224.0,9158.0,0.5924,0.3899,0.5058,6.24,firm-level-complaints-data-2024-h2.xlsx
2024H2,Firstrand Bank Limited,FIRSTRAND LIMITED,no,Insurance & pure protection,42.0,52.0,0.0192,0.5769,0.0192,,firm-level-complaints-data-2024-h2.xlsx
2024H2,Forester Life Limited,FORESTER HOLDINGS (EUROPE) LIMITED,no,Decumulation & pensions,12.0,15.0,0.4,0.4667,0.4667,0.84,firm-level-complaints-data-2024-h2.xlsx
2024H2,Forester Life Limited,FORESTER HOLDINGS (EUROPE) LIMITED,no,Insurance & pure protection,33.0,38.0,0.5,0.2895,0.3684,0.74,firm-level-complaints-data-2024-h2.xlsx
2024H2,Forester Life Limited,FORESTER HOLDINGS (EUROPE) LIMITED,no,Investments,457.0,515.0,0.5165,0.3922,0.4194,0.4,firm-level-complaints-data-2024-h2.xlsx
2024H2,Forsakringsaktiebolaget Agria (publ),NO GROUP,no,Insurance & pure protection,674.0,690.0,0.6899,0.3101,0.1565,2.87,firm-level-complaints-data-2024-h2.xlsx
2024H2,Fortegra Europe Insurance Company LTD,NO GROUP,no,Insurance & pure protection,3858.0,3417.0,0.3143,0.6675,0.5438,0.91,firm-level-complaints-data-2024-h2.xlsx
2024H2,Funding Circle LTD,NO GROUP,no,Investments,36.0,40.0,0.05,0.95,0.3,,firm-level-complaints-data-2024-h2.xlsx
2024H2,HSBC UK Bank PLC,HSBC HOLDINGS PLC,no,Banking and credit cards,91184.0,92214.0,0.7424,0.2544,0.5991,3.28,firm-level-complaints-data-2024-h2.xlsx
2024H2,HSBC UK Bank PLC,HSBC HOLDINGS PLC,no,Decumulation & pensions,29.0,30.0,0.0667,0.5333,0.5,0.09,firm-level-complaints-data-2024-h2.xlsx
2024H2,HSBC UK Bank PLC,HSBC HOLDINGS PLC,no,Home finance,5656.0,5508.0,0.4049,0.5851,0.5933,5.88,firm-level-complaints-data-2024-h2.xlsx
2024H2,HSBC UK Bank PLC,HSBC HOLDINGS PLC,no,Insurance & pure protection,469.0,493.0,0.2617,0.714,0.501,0.06,firm-level-complaints-data-2024-h2.xlsx
2024H2,HSBC UK Bank PLC,HSBC HOLDINGS PLC,no,Investments,1083.0,1147.0,0.1857,0.7716,0.701,0.99,firm-level-complaints-data-2024-h2.xlsx
2024H2,Halifax Share Dealing Limited,LLOYDS BANKING GROUP PLC,no,Decumulation & pensions,11.0,15.0,0.2667,0.4667,0.7333,2.03,firm-level-complaints-data-2024-h2.xlsx
2024H2,Halifax Share Dealing Limited,LLOYDS BANKING GROUP PLC,no,Investments,551.0,559.0,0.356,0.6064,0.4937,0.83,firm-level-complaints-data-2024-h2.xlsx
2024H2,Hargreaves Lansdown Asset Management Limited,HARGREAVES LANSDOWN PLC,yes,Decumulation & pensions,2594.0,2463.0,0.1389,0.8408,0.7873,3.16,firm-level-complaints-data-2024-h2.xlsx
2024H2,Hargreaves Lansdown Asset Management Limited,HARGREAVES LANSDOWN PLC,yes,Investments,3109.0,3445.0,0.2383,0.7385,0.5068,0.95,firm-level-complaints-data-2024-h2.xlsx
2024H2,Hastings Insurance Services Limited,HASTINGS GROUP,yes,Insurance & pure protection,15998.0,14645.0,0.2954,0.6921,0.5062,,firm-level-complaints-data-2024-h2.xlsx
2024H2,Hbos Investment Fund Managers Limited,LLOYDS BANKING GROUP PLC,no,Banking and credit cards,0.0,0.0,,,,0.0,firm-level-complaints-data-2024-h2.xlsx
2024H2,Hbos Investment Fund Managers Limited,LLOYDS BANKING GROUP PLC,no,Decumulation & pensions,0.0,0.0,,,,0.0,firm-level-complaints-data-2024-h2.xlsx
2024H2,Hbos Investment Fund Managers Limited,LLOYDS BANKING GROUP PLC,no,Home finance,0.0,0.0,,,,0.0,firm-level-complaints-data-2024-h2.xlsx
2024H2,Hbos Investment Fund Managers Limited,LLOYDS BANKING GROUP PLC,no,Insurance & pure protection,0.0,0.0,,,,0.0,firm-level-complaints-data-2024-h2.xlsx
2024H2,Hbos Investment Fund Managers Limited,LLOYDS BANKING GROUP PLC,no,Investments,710.0,676.0,0.426,0.5473,0.75,2.31,firm-level-complaints-data-2024-h2.xlsx
2024H2,Helvetia Global Solutions LTD,NO GROUP,no,Insurance & pure protection,1232.0,1286.0,0.1392,0.8429,0.4557,,firm-level-complaints-data-2024-h2.xlsx
2024H2,Highway Insurance Company Limited,NO GROUP,no,Insurance & pure protection,505.0,521.0,0.2303,0.6084,0.4107,0.66,firm-level-complaints-data-2024-h2.xlsx
2024H2,Hiscox Insurance Company Limited,HISCOX LTD.,yes,Insurance & pure protection,510.0,529.0,0.0662,0.913,0.5198,0.93,firm-level-complaints-data-2024-h2.xlsx
2024H2,Home Retail Group Card Services Limited,J SAINSBURY PLC,no,Banking and credit cards,3944.0,4548.0,0.3076,0.6803,0.2625,1.31,firm-level-complaints-data-2024-h2.xlsx
2024H2,Homeserve Membership Limited,HOMESERVE PLC,no,Insurance & pure protection,2489.0,2655.0,0.2685,0.7243,0.2821,,firm-level-complaints-data-2024-h2.xlsx
2024H2,Hood Travel Limited,NO GROUP,no,Insurance & pure protection,681.0,745.0,0.4564,0.5235,0.2228,1.06,firm-level-complaints-data-2024-h2.xlsx
2024H2,Howserv Limited,STAYSURE HOLDINGS LTD,no,Insurance & pure protection,2239.0,2239.0,0.2751,0.7213,0.4113,,firm-level-complaints-data-2024-h2.xlsx
2024H2,Hyundai Capital UK Limited,NO GROUP,no,Banking and credit cards,0.0,,,,,,firm-level-complaints-data-2024-h2.xlsx
2024H2,Hyundai Capital UK Limited,NO GROUP,no,Insurance & pure protection,0.0,0.0,,,,,firm-level-complaints-data-2024-h2.xlsx
2024H2,I Go 4 Ltd.,MARKERSTUDY GROUP,no,Insurance & pure protection,890.0,984.0,0.4177,0.5793,0.3191,2.66,firm-level-complaints-data-2024-h2.xlsx
2024H2,Ikano Bank Ab (publ),NO GROUP,no,Banking and credit cards,1357.0,1321.0,0.2491,0.7017,0.346,4.18,firm-level-complaints-data-2024-h2.xlsx
2024H2,Insurance Factory LTD,MARKERSTUDY GROUP,no,Insurance & pure protection,4565.0,4215.0,0.3295,0.6593,0.661,10.68,firm-level-complaints-data-2024-h2.xlsx
2024H2,Inter Partner Assistance Sa,NO GROUP,no,Insurance & pure protection,9669.0,8619.0,0.3662,0.3135,0.8401,,firm-level-complaints-data-2024-h2.xlsx
2024H2,Interactive Brokers (u.k.) Limited,NO GROUP,no,Investments,617.0,557.0,0.1508,0.8187,0.1311,1.63,firm-level-complaints-data-2024-h2.xlsx
2024H2,Interactive Investor Services Limited,INTERACTIVE INVESTOR SERVICES LIMITED,no,Decumulation & pensions,479.0,535.0,0.0467,0.7607,0.6206,5.64,firm-level-complaints-data-2024-h2.xlsx
2024H2,Interactive Investor Services Limited,INTERACTIVE INVESTOR SERVICES LIMITED,no,Investments,1614.0,1714.0,0.2445,0.7165,0.4177,1.93,firm-level-complaints-data-2024-h2.xlsx
2024H2,Invesco Fund Managers Limited,INVESCO LTD,no,Investments,544.0,573.0,0.0192,0.9668,0.6143,2.94,firm-level-complaints-data-2024-h2.xlsx
2024H2,J D Williams & Company Limited,J D WILLIAMS & COMPANY LIMITED,no,Insurance & pure protection,1.0,1.0,0.0,1.0,0.0,,firm-level-complaints-data-2024-h2.xlsx
2024H2,J.p. Morgan Europe Limited,JPMORGAN CHASE & CO,no,Banking and credit cards,12193.0,12516.0,0.3854,0.6143,0.4032,1.67,firm-level-complaints-data-2024-h2.xlsx
2024H2,James Hay Administration Company LTD,NO GROUP,no,Decumulation & pensions,1179.0,807.0,0.0347,0.7807,0.772,23.13,firm-level-complaints-data-2024-h2.xlsx
2024H2,Janus Henderson Fund Management UK Limited,JANUS HENDERSON GROUP PLC,no,Investments,541.0,571.0,0.3152,0.655,0.5026,,firm-level-complaints-data-2024-h2.xlsx
2024H2,Kensington Mortgage Company Limited,NO GROUP,no,Home finance,992.0,1028.0,0.3268,0.6625,0.284,15.39,firm-level-complaints-data-2024-h2.xlsx
2024H2,Kroo Bank LTD,NO GROUP,no,Banking and credit cards,1246.0,1265.0,0.0079,0.9763,0.3779,6.6,firm-level-complaints-data-2024-h2.xlsx
2024H2,Landmark Mortgages Limited,NO GROUP,no,Home finance,751.0,715.0,0.2895,0.7007,0.3902,34.61,firm-level-complaints-data-2024-h2.xlsx
2024H2,Leaseplan UK Limited,LP GROUP B.V.,no,Insurance & pure protection,20.0,21.0,0.2381,0.4762,0.7143,,firm-level-complaints-data-2024-h2.xlsx
2024H2,Leeds Building Society,LEEDS BUILDING SOCIETY,no,Banking and credit cards,2049.0,1947.0,0.6492,0.3498,0.6122,2.04,firm-level-complaints-data-2024-h2.xlsx
2024H2,Leeds Building Society,LEEDS BUILDING SOCIETY,no,Home finance,1271.0,1271.0,0.5146,0.4847,0.5806,6.36,firm-level-complaints-data-2024-h2.xlsx
2024H2,Leeds Building Society,LEEDS BUILDING SOCIETY,no,Insurance & pure protection,5.0,4.0,0.75,0.25,0.25,,firm-level-complaints-data-2024-h2.xlsx
2024H2,Leeds Building Society,LEEDS BUILDING SOCIETY,no,Investments,1.0,1.0,,1.0,,,firm-level-complaints-data-2024-h2.xlsx
2024H2,Legal & General (portfolio Management Services) LTD,LEGAL & GENERAL GROUP PLC,no,Decumulation & pensions,516.0,536.0,0.5373,0.4552,0.7239,0.21,firm-level-complaints-data-2024-h2.xlsx
2024H2,Legal & General (portfolio Management Services) LTD,LEGAL & GENERAL GROUP PLC,no,Investments,6.0,4.0,0.5,0.5,1.0,1.1,firm-level-complaints-data-2024-h2.xlsx
2024H2,Legal And General Assurance Society Limited,LEGAL & GENERAL GROUP PLC,no,Decumulation & pensions,1203.0,1556.0,0.2095,0.6883,0.7371,1.06,firm-level-complaints-data-2024-h2.xlsx
2024H2,Legal And General Assurance Society Limited,LEGAL & GENERAL GROUP PLC,no,Insurance & pure protection,2920.0,2923.0,0.3384,0.6021,0.5012,0.67,firm-level-complaints-data-2024-h2.xlsx
2024H2,Lenvi Servicing Limited,NO GROUP,no,Home finance,813.0,1607.0,0.0037,0.3765,0.4126,,firm-level-complaints-data-2024-h2.xlsx
2024H2,Liverpool Victoria Financial Services Limited,LIVERPOOL VICTORIA FINANCIAL SERVICES LIMITED,no,Decumulation & pensions,431.0,468.0,0.3974,0.5021,0.8248,2.47,firm-level-complaints-data-2024-h2.xlsx
2024H2,Liverpool Victoria Financial Services Limited,LIVERPOOL VICTORIA FINANCIAL SERVICES LIMITED,no,Insurance & pure protection,1321.0,1295.0,0.6556,0.332,0.6301,1.38,firm-level-complaints-data-2024-h2.xlsx
2024H2,Liverpool Victoria Financial Services Limited,LIVERPOOL VICTORIA FINANCIAL SERVICES LIMITED,no,Investments,292.0,288.0,0.5833,0.3819,0.8854,6.3,firm-level-complaints-data-2024-h2.xlsx
2024H2,Liverpool Victoria Insurance Company Limited,LIVERPOOL VICTORIA FINANCIAL SERVICES LIMITED,no,Insurance & pure protection,9279.0,9436.0,0.3068,0.4921,0.5019,2.28,firm-level-complaints-data-2024-h2.xlsx
2024H2,Lloyds Bank General Insurance Limited,LLOYDS BANKING GROUP PLC,no,Banking and credit cards,0.0,0.0,,,,0.0,firm-level-complaints-data-2024-h2.xlsx
2024H2,Lloyds Bank General Insurance Limited,LLOYDS BANKING GROUP PLC,no,Decumulation & pensions,0.0,0.0,,,,0.0,firm-level-complaints-data-2024-h2.xlsx
2024H2,Lloyds Bank General Insurance Limited,LLOYDS BANKING GROUP PLC,no,Home finance,0.0,0.0,,,,0.0,firm-level-complaints-data-2024-h2.xlsx
2024H2,Lloyds Bank General Insurance Limited,LLOYDS BANKING GROUP PLC,no,Insurance & pure protection,5611.0,5663.0,0.2435,0.7134,0.6698,2.22,firm-level-complaints-data-2024-h2.xlsx
2024H2,Lloyds Bank General Insurance Limited,LLOYDS BANKING GROUP PLC,no,Investments,0.0,0.0,,,,0.0,firm-level-complaints-data-2024-h2.xlsx
2024H2,Lloyds Bank PLC,LLOYDS BANKING GROUP PLC,yes,Banking and credit cards,73473.0,72491.0,0.6241,0.3311,0.6677,2.05,firm-level-complaints-data-2024-h2.xlsx
2024H2,Lloyds Bank PLC,LLOYDS BANKING GROUP PLC,yes,Decumulation & pensions,58.0,54.0,0.0185,0.8148,0.3148,0.3,firm-level-complaints-data-2024-h2.xlsx
2024H2,Lloyds Bank PLC,LLOYDS BANKING GROUP PLC,yes,Home finance,2821.0,2759.0,0.4107,0.5549,0.5875,7.53,firm-level-complaints-data-2024-h2.xlsx
2024H2,Lloyds Bank PLC,LLOYDS BANKING GROUP PLC,yes,Insurance & pure protection,362.0,381.0,0.3386,0.6142,0.0892,0.47,firm-level-complaints-data-2024-h2.xlsx
2024H2,Lloyds Bank PLC,LLOYDS BANKING GROUP PLC,yes,Investments,46.0,49.0,0.2041,0.6327,0.2653,0.17,firm-level-complaints-data-2024-h2.xlsx
2024H2,London And Country Mortgages LTD,NO GROUP,no,Home finance,597.0,602.0,0.1512,0.8472,0.6711,,firm-level-complaints-data-2024-h2.xlsx
2024H2,London And Country Mortgages LTD,NO GROUP,no,Insurance & pure protection,38.0,36.0,0.2222,0.7778,0.4167,,firm-level-complaints-data-2024-h2.xlsx
2024H2,M & G Securities Limited,M&G PLC,no,Investments,577.0,615.0,0.1837,0.787,0.6033,,firm-level-complaints-data-2024-h2.xlsx
2024H2,MBNA Limited,LLOYDS BANKING GROUP PLC,no,Banking and credit cards,9072.0,8941.0,0.6263,0.3541,0.5354,3.22,firm-level-complaints-data-2024-h2.xlsx
2024H2,MBNA Limited,LLOYDS BANKING GROUP PLC,no,Decumulation & pensions,0.0,0.0,,,,0.0,firm-level-complaints-data-2024-h2.xlsx
2024H2,MBNA Limited,LLOYDS BANKING GROUP PLC,no,Home finance,0.0,0.0,,,,0.0,firm-level-complaints-data-2024-h2.xlsx
2024H2,MBNA Limited,LLOYDS BANKING GROUP PLC,no,Insurance & pure protection,9.0,10.0,0.3,0.7,0.1,0.36,firm-level-complaints-data-2024-h2.xlsx
2024H2,MBNA Limited,LLOYDS BANKING GROUP PLC,no,Investments,0.0,0.0,,,,0.0,firm-level-complaints-data-2024-h2.xlsx
2024H2,Manypets LTD,NO GROUP,no,Insurance & pure protection,4914.0,5843.0,0.0332,0.9206,0.6209,16.39,firm-level-complaints-data-2024-h2.xlsx
2024H2,Marks & Spencer Financial Services PLC,HSBC HOLDINGS PLC,no,Banking and credit cards,8226.0,7834.0,0.5771,0.4165,0.6473,2.91,firm-level-complaints-data-2024-h2.xlsx
2024H2,Marks & Spencer Financial Services PLC,HSBC HOLDINGS PLC,no,Decumulation & pensions,0.0,0.0,,,,0.0,firm-level-complaints-data-2024-h2.xlsx
2024H2,Marks & Spencer Financial Services PLC,HSBC HOLDINGS PLC,no,Home finance,0.0,0.0,,,,0.0,firm-level-complaints-data-2024-h2.xlsx
2024H2,Marks & Spencer Financial Services PLC,HSBC HOLDINGS PLC,no,Insurance & pure protection,112.0,174.0,0.592,0.4023,0.3448,0.14,firm-level-complaints-data-2024-h2.xlsx
2024H2,Marks & Spencer Financial Services PLC,HSBC HOLDINGS PLC,no,Investments,0.0,0.0,,,,0.0,firm-level-complaints-data-2024-h2.xlsx
2024H2,Marshmallow Financial Services LTD,NO GROUP,yes,Insurance & pure protection,4843.0,4866.0,0.0401,0.917,0.4542,,firm-level-complaints-data-2024-h2.xlsx
2024H2,Metlife Europe D.a.c.,NO GROUP,no,Insurance & pure protection,750.0,728.0,0.1113,0.7816,0.5591,1.71,firm-level-complaints-data-2024-h2.xlsx
2024H2,Metro Bank PLC,METRO BANK PLC,no,Banking and credit cards,8682.0,8283.0,0.2638,0.7345,0.4315,3.16,firm-level-complaints-data-2024-h2.xlsx
2024H2,Metro Bank PLC,METRO BANK PLC,no,Home finance,234.0,229.0,0.3624,0.6026,0.7031,8.4,firm-level-complaints-data-2024-h2.xlsx
2024H2,Monzo Bank LTD,MONZO BANK LIMITED,no,Banking and credit cards,50586.0,56058.0,0.0342,0.7975,0.3229,3.78,firm-level-complaints-data-2024-h2.xlsx
2024H2,Monzo Bank LTD,MONZO BANK LIMITED,no,Decumulation & pensions,1.0,1.0,1.0,,,0.35,firm-level-complaints-data-2024-h2.xlsx
2024H2,Monzo Bank LTD,MONZO BANK LIMITED,no,Investments,165.0,167.0,0.0898,0.8383,0.3713,0.74,firm-level-complaints-data-2024-h2.xlsx
2024H2,Moorcroft Debt Recovery Limited,NO GROUP,no,Banking and credit cards,578.0,482.0,0.2054,0.7946,0.4606,0.71,firm-level-complaints-data-2024-h2.xlsx
2024H2,Motonovo Finance Limited,NO GROUP,no,Insurance & pure protection,24.0,27.0,0.0,0.7778,0.1852,,firm-level-complaints-data-2024-h2.xlsx
2024H2,Munich Re Digital Partners Limited,NO GROUP,no,Insurance & pure protection,1289.0,1210.0,0.3512,0.6446,0.4331,,firm-level-complaints-data-2024-h2.xlsx
2024H2,National House-building Council,NO GROUP,no,Insurance & pure protection,570.0,569.0,0.0211,0.9684,0.6309,0.39,firm-level-complaints-data-2024-h2.xlsx
2024H2,National Westminster Bank Public Limited Company,NATWEST GROUP,no,Banking and credit cards,81022.0,79462.0,0.4814,0.4728,0.6324,2.73,firm-level-complaints-data-2024-h2.xlsx
2024H2,National Westminster Bank Public Limited Company,NATWEST GROUP,no,Decumulation & pensions,38.0,39.0,0.0256,0.4615,0.5641,4.84,firm-level-complaints-data-2024-h2.xlsx
2024H2,National Westminster Bank Public Limited Company,NATWEST GROUP,no,Home finance,7113.0,7405.0,0.5179,0.4019,0.6058,6.28,firm-level-complaints-data-2024-h2.xlsx
2024H2,National Westminster Bank Public Limited Company,NATWEST GROUP,no,Insurance & pure protection,104.0,121.0,0.2975,0.5868,0.0909,,firm-level-complaints-data-2024-h2.xlsx
2024H2,National Westminster Bank Public Limited Company,NATWEST GROUP,no,Investments,184.0,105.0,0.0286,0.619,0.6762,0.84,firm-level-complaints-data-2024-h2.xlsx
2024H2,Nationwide Building Society,NATIONWIDE BUILDING SOCIETY,no,Banking and credit cards,58563.0,57858.0,0.5558,0.4411,0.5329,1.86,firm-level-complaints-data-2024-h2.xlsx
2024H2,Nationwide Building Society,NATIONWIDE BUILDING SOCIETY,no,Decumulation & pensions,4.0,4.0,0.25,0.75,0.0,,firm-level-complaints-data-2024-h2.xlsx
2024H2,Nationwide Building Society,NATIONWIDE BUILDING SOCIETY,no,Home finance,4597.0,4518.0,0.3944,0.6,0.4867,2.86,firm-level-complaints-data-2024-h2.xlsx
2024H2,Nationwide Building Society,NATIONWIDE BUILDING SOCIETY,no,Insurance & pure protection,145.0,144.0,0.3194,0.6667,0.2986,,firm-level-complaints-data-2024-h2.xlsx
2024H2,Nationwide Building Society,NATIONWIDE BUILDING SOCIETY,no,Investments,54.0,61.0,0.1639,0.8197,0.377,,firm-level-complaints-data-2024-h2.xlsx
2024H2,Newcastle Building Society,NO GROUP,no,Banking and credit cards,558.0,554.0,0.5397,0.4585,0.6552,1.45,firm-level-complaints-data-2024-h2.xlsx
2024H2,Newcastle Building Society,NO GROUP,no,Decumulation & pensions,1.0,1.0,0.0,1.0,0.0,71.43,firm-level-complaints-data-2024-h2.xlsx
2024H2,Newcastle Building Society,NO GROUP,no,Home finance,229.0,231.0,0.7706,0.2294,0.4156,5.95,firm-level-complaints-data-2024-h2.xlsx
2024H2,Newcastle Building Society,NO GROUP,no,Insurance & pure protection,0.0,0.0,,,,0.0,firm-level-complaints-data-2024-h2.xlsx
2024H2,Newcastle Building Society,NO GROUP,no,Investments,16.0,17.0,0.8235,0.1176,0.8824,0.0,firm-level-complaints-data-2024-h2.xlsx
2024H2,Northern Bank Limited,DANSKE BANK A/S,no,Banking and credit cards,1472.0,1509.0,0.4023,0.5977,0.3791,1.7,firm-level-complaints-data-2024-h2.xlsx
2024H2,Northern Bank Limited,DANSKE BANK A/S,no,Home finance,63.0,69.0,0.1594,0.8406,0.4783,1.86,firm-level-complaints-data-2024-h2.xlsx
2024H2,Northern Bank Limited,DANSKE BANK A/S,no,Insurance & pure protection,1.0,1.0,0.0,1.0,,,firm-level-complaints-data-2024-h2.xlsx
2024H2,Nutmeg Saving And Investment Limited,NO GROUP,no,Decumulation & pensions,167.0,167.0,0.0898,0.9042,0.7725,7.14,firm-level-complaints-data-2024-h2.xlsx
2024H2,Nutmeg Saving And Investment Limited,NO GROUP,no,Investments,605.0,596.0,0.1829,0.8138,0.6376,2.1,firm-level-complaints-data-2024-h2.xlsx
2024H2,One Call Insurance Services Limited,NO GROUP,no,Insurance & pure protection,3113.0,3061.0,0.7393,0.2565,0.1509,1.68,firm-level-complaints-data-2024-h2.xlsx
2024H2,Onesavings Bank PLC,ONESAVINGS BANK PLC,no,Banking and credit cards,1834.0,1592.0,0.3448,0.647,0.495,4.05,firm-level-complaints-data-2024-h2.xlsx
2024H2,Onesavings Bank PLC,ONESAVINGS BANK PLC,no,Home finance,1143.0,1187.0,0.2789,0.69,0.5291,19.46,firm-level-complaints-data-2024-h2.xlsx
2024H2,Paragon Bank PLC,PARAGON BANKING GROUP PLC,yes,Banking and credit cards,826.0,848.0,0.2677,0.7217,0.6828,1.87,firm-level-complaints-data-2024-h2.xlsx
2024H2,Paragon Bank PLC,PARAGON BANKING GROUP PLC,yes,Home finance,267.0,266.0,0.312,0.6729,0.5714,3.39,firm-level-complaints-data-2024-h2.xlsx
2024H2,Paragon Bank PLC,PARAGON BANKING GROUP PLC,yes,Insurance & pure protection,2.0,3.0,0.6667,0.3333,1.0,,firm-level-complaints-data-2024-h2.xlsx
2024H2,People's Administration Services Limited,NO GROUP,no,Decumulation & pensions,3611.0,3611.0,0.4248,0.5467,0.3669,0.5,firm-level-complaints-data-2024-h2.xlsx
2024H2,Pepper (uk) Limited,PEPPER FINANCIAL SERVICES GROUP,no,Home finance,621.0,683.0,0.1859,0.8023,0.4436,26.19,firm-level-complaints-data-2024-h2.xlsx
2024H2,Phoenix Life Ca Limited,NO GROUP,no,Decumulation & pensions,607.0,616.0,0.2208,0.7679,0.5422,1.87,firm-level-complaints-data-2024-h2.xlsx
2024H2,Phoenix Life Ca Limited,NO GROUP,no,Insurance & pure protection,322.0,319.0,0.2194,0.7774,0.5831,4.67,firm-level-complaints-data-2024-h2.xlsx
2024H2,Phoenix Life Ca Limited,NO GROUP,no,Investments,113.0,110.0,0.1273,0.8727,0.6091,13.88,firm-level-complaints-data-2024-h2.xlsx
2024H2,Phoenix Life Limited,PHOENIX GROUP,no,Decumulation & pensions,10178.0,10365.0,0.3408,0.5092,0.7099,1.69,firm-level-complaints-data-2024-h2.xlsx
2024H2,Phoenix Life Limited,PHOENIX GROUP,no,Home finance,6.0,6.0,0.1667,0.6667,0.1667,30.93,firm-level-complaints-data-2024-h2.xlsx
2024H2,Phoenix Life Limited,PHOENIX GROUP,no,Insurance & pure protection,3043.0,2862.0,0.3288,0.5549,0.7068,1.63,firm-level-complaints-data-2024-h2.xlsx
2024H2,Phoenix Life Limited,PHOENIX GROUP,no,Investments,803.0,729.0,0.3004,0.5213,0.749,3.23,firm-level-complaints-data-2024-h2.xlsx
2024H2,Pinnacle Insurance Limited,NO GROUP,no,Insurance & pure protection,2410.0,2388.0,0.4171,0.5796,0.2789,4.62,firm-level-complaints-data-2024-h2.xlsx
2024H2,Post Office Management Services Limited,NO GROUP,no,Insurance & pure protection,617.0,479.0,0.2004,0.7996,0.4447,0.63,firm-level-complaints-data-2024-h2.xlsx
2024H2,Principality Building Society,PRINCIPALITY BUILDING SOCIETY,no,Banking and credit cards,879.0,834.0,0.53,0.4676,0.6139,1.24,firm-level-complaints-data-2024-h2.xlsx
2024H2,Principality Building Society,PRINCIPALITY BUILDING SOCIETY,no,Home finance,444.0,431.0,0.4524,0.5429,0.5058,4.53,firm-level-complaints-data-2024-h2.xlsx
2024H2,Principality Building Society,PRINCIPALITY BUILDING SOCIETY,no,Insurance & pure protection,5.0,5.0,0.2,0.8,0.0,,firm-level-complaints-data-2024-h2.xlsx
2024H2,Principality Building Society,PRINCIPALITY BUILDING SOCIETY,no,Investments,0.0,0.0,,,,,firm-level-complaints-data-2024-h2.xlsx
2024H2,Qbe UK Limited,QBE INSURANCE GROUP,no,Insurance & pure protection,893.0,884.0,0.1335,0.7364,0.4367,,firm-level-complaints-data-2024-h2.xlsx
2024H2,Qmetric Group Limited,NO GROUP,no,Insurance & pure protection,3112.0,3028.0,0.2513,0.7067,0.3395,,firm-level-complaints-data-2024-h2.xlsx
2024H2,Quilter Financial Services Limited,NO GROUP,yes,Decumulation & pensions,478.0,391.0,0.0,1.0,0.2967,,firm-level-complaints-data-2024-h2.xlsx
2024H2,Quilter Financial Services Limited,NO GROUP,yes,Home finance,2.0,1.0,0.0,1.0,0.0,,firm-level-complaints-data-2024-h2.xlsx
2024H2,Quilter Financial Services Limited,NO GROUP,yes,Insurance & pure protection,13.0,12.0,0.0,1.0,0.1667,,firm-level-complaints-data-2024-h2.xlsx
2024H2,Quilter Financial Services Limited,NO GROUP,yes,Investments,187.0,150.0,0.0,1.0,0.4533,,firm-level-complaints-data-2024-h2.xlsx
2024H2,Quilter Life & Pensions Limited,QUILTER GROUP,no,Decumulation & pensions,546.0,619.0,0.0129,0.9855,0.6672,2.16,firm-level-complaints-data-2024-h2.xlsx
2024H2,Quilter Life & Pensions Limited,QUILTER GROUP,no,Investments,87.0,117.0,0.0342,0.9658,0.6667,1.93,firm-level-complaints-data-2024-h2.xlsx
2024H2,RBS Collective Investment Funds Limited,NO GROUP,no,Investments,1465.0,1491.0,0.3883,0.5956,0.3608,,firm-level-complaints-data-2024-h2.xlsx
2024H2,Rac Motoring Services,RAC GROUP (HOLDINGS) LIMITED,yes,Insurance & pure protection,9193.0,9712.0,0.4614,0.5356,0.29,0.77,firm-level-complaints-data-2024-h2.xlsx
2024H2,Reassure Life Limited,PHOENIX GROUP,no,Decumulation & pensions,203.0,229.0,0.3755,0.5677,0.917,4.06,firm-level-complaints-data-2024-h2.xlsx
2024H2,Reassure Life Limited,PHOENIX GROUP,no,Insurance & pure protection,356.0,392.0,0.3469,0.5714,0.8724,7.92,firm-level-complaints-data-2024-h2.xlsx
2024H2,Reassure Life Limited,PHOENIX GROUP,no,Investments,199.0,215.0,0.3721,0.5721,0.9442,8.13,firm-level-complaints-data-2024-h2.xlsx
2024H2,Reassure Limited,PHOENIX GROUP,no,Decumulation & pensions,3691.0,3875.0,0.3672,0.5375,0.8661,2.14,firm-level-complaints-data-2024-h2.xlsx
2024H2,Reassure Limited,PHOENIX GROUP,no,Insurance & pure protection,557.0,584.0,0.3048,0.5788,0.6764,2.55,firm-level-complaints-data-2024-h2.xlsx
2024H2,Reassure Limited,PHOENIX GROUP,no,Investments,559.0,617.0,0.3906,0.5429,0.8655,3.56,firm-level-complaints-data-2024-h2.xlsx
2024H2,Reassured LTD,NO GROUP,no,Insurance & pure protection,579.0,576.0,0.6597,0.3368,0.4444,,firm-level-complaints-data-2024-h2.xlsx
2024H2,Rothesay Life PLC,NO GROUP,no,Decumulation & pensions,676.0,684.0,0.0819,0.9181,0.3363,1.17,firm-level-complaints-data-2024-h2.xlsx
2024H2,Royal & Sun Alliance Insurance Limited,RSA INSURANCE UK,no,Insurance & pure protection,11992.0,12505.0,0.4395,0.5065,0.517,2.75,firm-level-complaints-data-2024-h2.xlsx
2024H2,Sabre Insurance Company Limited,SABRE INSURANCE GROUP PLC,no,Insurance & pure protection,675.0,686.0,0.6953,0.3017,0.4169,,firm-level-complaints-data-2024-h2.xlsx
2024H2,Saga Services Limited,SAGA PLC,no,Insurance & pure protection,15359.0,15404.0,0.8432,0.1535,0.4823,10.81,firm-level-complaints-data-2024-h2.xlsx
2024H2,Sainsbury's Bank PLC,J SAINSBURY PLC,no,Banking and credit cards,3199.0,3307.0,0.4865,0.4859,0.5316,2.76,firm-level-complaints-data-2024-h2.xlsx
2024H2,Sainsbury's Bank PLC,J SAINSBURY PLC,no,Home finance,28.0,34.0,0.2941,0.6765,0.6471,13.25,firm-level-complaints-data-2024-h2.xlsx
2024H2,Sainsbury's Bank PLC,J SAINSBURY PLC,no,Insurance & pure protection,786.0,620.0,0.0661,0.9258,0.5613,2.83,firm-level-complaints-data-2024-h2.xlsx
2024H2,Santander UK PLC,SANTANDER UK GROUP,yes,Banking and credit cards,59173.0,59737.0,0.595,0.4003,0.4806,2.46,firm-level-complaints-data-2024-h2.xlsx
2024H2,Santander UK PLC,SANTANDER UK GROUP,yes,Decumulation & pensions,37.0,40.0,0.175,0.725,0.55,,firm-level-complaints-data-2024-h2.xlsx
2024H2,Santander UK PLC,SANTANDER UK GROUP,yes,Home finance,5270.0,5334.0,0.6905,0.3078,0.6153,4.91,firm-level-complaints-data-2024-h2.xlsx
2024H2,Santander UK PLC,SANTANDER UK GROUP,yes,Insurance & pure protection,116.0,131.0,0.1221,0.7023,0.2672,0.31,firm-level-complaints-data-2024-h2.xlsx
2024H2,Santander UK PLC,SANTANDER UK GROUP,yes,Investments,50.0,54.0,0.2037,0.5926,0.4259,0.23,firm-level-complaints-data-2024-h2.xlsx
2024H2,Scottish Equitable PLC,AEGON N.V.,no,Decumulation & pensions,6683.0,5580.0,0.3068,0.5615,0.6301,2.11,firm-level-complaints-data-2024-h2.xlsx
2024H2,Scottish Equitable PLC,AEGON N.V.,no,Insurance & pure protection,9.0,8.0,0.375,0.625,0.5,2.28,firm-level-complaints-data-2024-h2.xlsx
2024H2,Scottish Equitable PLC,AEGON N.V.,no,Investments,259.0,180.0,0.6278,0.2778,0.8333,16.11,firm-level-complaints-data-2024-h2.xlsx
2024H2,Scottish Friendly Assurance Society Limited,NO GROUP,yes,Decumulation & pensions,284.0,314.0,0.1146,0.8503,0.8153,3.07,firm-level-complaints-data-2024-h2.xlsx
2024H2,Scottish Friendly Assurance Society Limited,NO GROUP,yes,Insurance & pure protection,361.0,357.0,0.1737,0.8179,0.4622,0.36,firm-level-complaints-data-2024-h2.xlsx
2024H2,Scottish Friendly Assurance Society Limited,NO GROUP,yes,Investments,475.0,473.0,0.2389,0.7569,0.7696,2.48,firm-level-complaints-data-2024-h2.xlsx
2024H2,Scottish Widows Limited,LLOYDS BANKING GROUP PLC,no,Banking and credit cards,0.0,0.0,,,,0.0,firm-level-complaints-data-2024-h2.xlsx
2024H2,Scottish Widows Limited,LLOYDS BANKING GROUP PLC,no,Decumulation & pensions,9046.0,8963.0,0.1652,0.7028,0.8771,1.68,firm-level-complaints-data-2024-h2.xlsx
2024H2,Scottish Widows Limited,LLOYDS BANKING GROUP PLC,no,Home finance,0.0,0.0,,,,0.0,firm-level-complaints-data-2024-h2.xlsx
2024H2,Scottish Widows Limited,LLOYDS BANKING GROUP PLC,no,Insurance & pure protection,1452.0,1426.0,0.1942,0.7195,0.798,1.34,firm-level-complaints-data-2024-h2.xlsx
2024H2,Scottish Widows Limited,LLOYDS BANKING GROUP PLC,no,Investments,2488.0,2296.0,0.1921,0.7256,0.9007,11.84,firm-level-complaints-data-2024-h2.xlsx
2024H2,Scottish Widows Unit Trust Managers Limited,LLOYDS BANKING GROUP PLC,no,Banking and credit cards,0.0,0.0,,,,0.0,firm-level-complaints-data-2024-h2.xlsx
2024H2,Scottish Widows Unit Trust Managers Limited,LLOYDS BANKING GROUP PLC,no,Decumulation & pensions,0.0,0.0,,,,0.0,firm-level-complaints-data-2024-h2.xlsx
2024H2,Scottish Widows Unit Trust Managers Limited,LLOYDS BANKING GROUP PLC,no,Home finance,0.0,0.0,,,,0.0,firm-level-complaints-data-2024-h2.xlsx
2024H2,Scottish Widows Unit Trust Managers Limited,LLOYDS BANKING GROUP PLC,no,Insurance & pure protection,0.0,0.0,,,,0.0,firm-level-complaints-data-2024-h2.xlsx
2024H2,Scottish Widows Unit Trust Managers Limited,LLOYDS BANKING GROUP PLC,no,Investments,561.0,529.0,0.3932,0.5747,0.775,1.77,firm-level-complaints-data-2024-h2.xlsx
2024H2,Secure Trust Bank PLC,SECURE TRUST BANK PLC,no,Banking and credit cards,359.0,301.0,0.1196,0.8704,0.3322,,firm-level-complaints-data-2024-h2.xlsx
2024H2,Shawbrook Bank Limited,SHAWBROOK GROUP PLC,no,Banking and credit cards,877.0,887.0,0.487,0.5096,0.6719,1.98,firm-level-complaints-data-2024-h2.xlsx
2024H2,Shawbrook Bank Limited,SHAWBROOK GROUP PLC,no,Home finance,428.0,451.0,0.1109,0.8315,0.4967,19.73,firm-level-complaints-data-2024-h2.xlsx
2024H2,Shop Direct Finance Company Limited,THE VERY GROUP,no,Insurance & pure protection,367.0,377.0,0.0133,0.9708,0.6499,,firm-level-complaints-data-2024-h2.xlsx
2024H2,Simplyhealth Access,SIMPLYHEALTH GROUP LIMITED,no,Insurance & pure protection,1988.0,1999.0,0.3087,0.6903,0.3802,0.89,firm-level-complaints-data-2024-h2.xlsx
2024H2,Skipton Building Society,SKIPTON BUILDING SOCIETY,no,Banking and credit cards,2918.0,2687.0,0.4615,0.5292,0.8292,1.99,firm-level-complaints-data-2024-h2.xlsx
2024H2,Skipton Building Society,SKIPTON BUILDING SOCIETY,no,Decumulation & pensions,44.0,47.0,0.0213,0.9787,0.8298,,firm-level-complaints-data-2024-h2.xlsx
2024H2,Skipton Building Society,SKIPTON BUILDING SOCIETY,no,Home finance,505.0,467.0,0.5075,0.4925,0.7002,2.46,firm-level-complaints-data-2024-h2.xlsx
2024H2,Skipton Building Society,SKIPTON BUILDING SOCIETY,no,Insurance & pure protection,7.0,11.0,0.2727,0.7273,0.5455,0.68,firm-level-complaints-data-2024-h2.xlsx
2024H2,Skipton Building Society,SKIPTON BUILDING SOCIETY,no,Investments,105.0,118.0,0.0932,0.8898,0.6949,,firm-level-complaints-data-2024-h2.xlsx
2024H2,Society Of Lloyd's,SOCIETY OF LLOYD'S,no,Insurance & pure protection,4865.0,5056.0,0.3301,0.646,0.4452,0.64,firm-level-complaints-data-2024-h2.xlsx
2024H2,Somerset Bridge Insurance Services Limited,NO GROUP,no,Insurance & pure protection,784.0,773.0,0.5692,0.4282,0.4127,,firm-level-complaints-data-2024-h2.xlsx
2024H2,St James's Place UK PLC,ST. JAMES'S PLACE PLC,no,Decumulation & pensions,528.0,691.0,0.0391,0.6874,0.767,0.9,firm-level-complaints-data-2024-h2.xlsx
2024H2,St James's Place UK PLC,ST. JAMES'S PLACE PLC,no,Insurance & pure protection,6.0,8.0,0.125,0.75,0.75,0.61,firm-level-complaints-data-2024-h2.xlsx
2024H2,St James's Place UK PLC,ST. JAMES'S PLACE PLC,no,Investments,189.0,241.0,0.0871,0.6929,0.7344,0.97,firm-level-complaints-data-2024-h2.xlsx
2024H2,St. James's Place Wealth Management PLC,ST. JAMES'S PLACE PLC,no,Banking and credit cards,1.0,2.0,0.0,0.0,0.0,,firm-level-complaints-data-2024-h2.xlsx
2024H2,St. James's Place Wealth Management PLC,ST. JAMES'S PLACE PLC,no,Decumulation & pensions,2899.0,6880.0,0.0013,0.0379,0.5262,,firm-level-complaints-data-2024-h2.xlsx
2024H2,St. James's Place Wealth Management PLC,ST. JAMES'S PLACE PLC,no,Home finance,14.0,13.0,0.0,0.0,0.3846,,firm-level-complaints-data-2024-h2.xlsx
2024H2,St. James's Place Wealth Management PLC,ST. JAMES'S PLACE PLC,no,Insurance & pure protection,140.0,82.0,0.0,0.0366,0.0488,,firm-level-complaints-data-2024-h2.xlsx
2024H2,St. James's Place Wealth Management PLC,ST. JAMES'S PLACE PLC,no,Investments,2532.0,4702.0,0.0021,0.0515,0.5489,,firm-level-complaints-data-2024-h2.xlsx
2024H2,Starling Bank Limited,NO GROUP,no,Banking and credit cards,22175.0,21983.0,0.0743,0.9247,0.4302,5.07,firm-level-complaints-data-2024-h2.xlsx
2024H2,Starr International (europe) Limited,"STARR INTERNATIONAL COMPANY, INC.",no,Insurance & pure protection,1448.0,1682.0,0.1314,0.865,0.3829,4.78,firm-level-complaints-data-2024-h2.xlsx
2024H2,Suffolk Life Pensions Limited,NO GROUP,yes,Decumulation & pensions,589.0,486.0,0.1276,0.7984,0.7531,12.25,firm-level-complaints-data-2024-h2.xlsx
2024H2,Swift 1st Limited,NO GROUP,no,Home finance,843.0,872.0,0.4518,0.547,0.1583,124.23,firm-level-complaints-data-2024-h2.xlsx
2024H2,TSB Bank PLC,BANCO DE SABADELL SA,no,Banking and credit cards,30108.0,29045.0,0.6117,0.376,0.6593,3.29,firm-level-complaints-data-2024-h2.xlsx
2024H2,TSB Bank PLC,BANCO DE SABADELL SA,no,Home finance,1753.0,1720.0,0.6262,0.3622,0.55,7.06,firm-level-complaints-data-2024-h2.xlsx
2024H2,TSB Bank PLC,BANCO DE SABADELL SA,no,Insurance & pure protection,22.0,24.0,0.375,0.4583,0.5833,,firm-level-complaints-data-2024-h2.xlsx
2024H2,Tandem Bank Limited,NO GROUP,no,Banking and credit cards,88.0,89.0,0.3034,0.6966,0.5955,,firm-level-complaints-data-2024-h2.xlsx
2024H2,Tandem Bank Limited,NO GROUP,no,Home finance,2.0,2.0,0.0,1.0,0.5,,firm-level-complaints-data-2024-h2.xlsx
2024H2,Telefonica Seguros Y Reaseguros Compania Aseguradora S.a.u.,NO GROUP,no,Insurance & pure protection,3845.0,3772.0,0.1408,0.8393,0.6516,5.02,firm-level-complaints-data-2024-h2.xlsx
2024H2,Telefonica UK Limited,NO GROUP,no,Insurance & pure protection,123.0,152.0,0.3355,0.3355,0.7961,,firm-level-complaints-data-2024-h2.xlsx
2024H2,Tesco Personal Finance Limited,NO GROUP,no,Banking and credit cards,15374.0,15309.0,0.5877,0.4113,0.435,4.07,firm-level-complaints-data-2024-h2.xlsx
2024H2,Tesco Personal Finance Limited,NO GROUP,no,Insurance & pure protection,4254.0,4279.0,0.412,0.588,0.3662,2.62,firm-level-complaints-data-2024-h2.xlsx
2024H2,Tesco Underwriting Limited,TESCO BANK (TESCO PLC),no,Insurance & pure protection,2415.0,2777.0,0.2773,0.5063,0.6107,1.43,firm-level-complaints-data-2024-h2.xlsx
2024H2,The Co-operative Bank PLC,CO-OPERATIVE BANK HOLDINGS (THE),no,Banking and credit cards,10290.0,10735.0,0.7661,0.1308,0.6743,3.0,firm-level-complaints-data-2024-h2.xlsx
2024H2,The Co-operative Bank PLC,CO-OPERATIVE BANK HOLDINGS (THE),no,Decumulation & pensions,1.0,2.0,0.0,0.5,0.5,,firm-level-complaints-data-2024-h2.xlsx
2024H2,The Co-operative Bank PLC,CO-OPERATIVE BANK HOLDINGS (THE),no,Home finance,2402.0,3215.0,0.3328,0.3838,0.7751,17.03,firm-level-complaints-data-2024-h2.xlsx
2024H2,The Co-operative Bank PLC,CO-OPERATIVE BANK HOLDINGS (THE),no,Insurance & pure protection,3.0,3.0,0.3333,0.3333,0.6667,,firm-level-complaints-data-2024-h2.xlsx
2024H2,The Co-operative Bank PLC,CO-OPERATIVE BANK HOLDINGS (THE),no,Investments,2.0,1.0,0.0,1.0,1.0,,firm-level-complaints-data-2024-h2.xlsx
2024H2,The Mortgage Works (uk) PLC,NATIONWIDE BUILDING SOCIETY,no,Home finance,1576.0,1637.0,0.2535,0.7324,0.5217,5.47,firm-level-complaints-data-2024-h2.xlsx
2024H2,The National Farmers' Union Mutual Insurance Society Limited,NFU MUTUAL INSURANCE SOCIETY LIMITED,yes,Decumulation & pensions,80.0,81.0,0.0123,0.9877,0.5309,0.74,firm-level-complaints-data-2024-h2.xlsx
2024H2,The National Farmers' Union Mutual Insurance Society Limited,NFU MUTUAL INSURANCE SOCIETY LIMITED,yes,Insurance & pure protection,5787.0,5941.0,0.3844,0.576,0.6334,3.14,firm-level-complaints-data-2024-h2.xlsx
2024H2,The National Farmers' Union Mutual Insurance Society Limited,NFU MUTUAL INSURANCE SOCIETY LIMITED,yes,Investments,43.0,48.0,0.0208,0.9792,0.3333,0.65,firm-level-complaints-data-2024-h2.xlsx
2024H2,The Prudential Assurance Company Limited,M&G PLC,yes,Decumulation & pensions,7658.0,7500.0,0.0716,0.8157,0.8457,3.22,firm-level-complaints-data-2024-h2.xlsx
2024H2,The Prudential Assurance Company Limited,M&G PLC,yes,Home finance,36.0,31.0,0.0323,0.9355,0.4839,4.89,firm-level-complaints-data-2024-h2.xlsx
2024H2,The Prudential Assurance Company Limited,M&G PLC,yes,Insurance & pure protection,712.0,663.0,0.0452,0.8597,0.8824,0.44,firm-level-complaints-data-2024-h2.xlsx
2024H2,The Prudential Assurance Company Limited,M&G PLC,yes,Investments,2889.0,2822.0,0.0787,0.8487,0.8958,4.53,firm-level-complaints-data-2024-h2.xlsx
2024H2,The Royal Bank Of Scotland PLC,NATWEST GROUP,no,Banking and credit cards,18053.0,17910.0,0.4784,0.4709,0.6492,2.74,firm-level-complaints-data-2024-h2.xlsx
2024H2,The Royal Bank Of Scotland PLC,NATWEST GROUP,no,Decumulation & pensions,8.0,7.0,0.0,0.1429,0.5714,4.56,firm-level-complaints-data-2024-h2.xlsx
2024H2,The Royal Bank Of Scotland PLC,NATWEST GROUP,no,Home finance,1465.0,1504.0,0.3703,0.4967,0.5731,11.29,firm-level-complaints-data-2024-h2.xlsx
2024H2,The Royal Bank Of Scotland PLC,NATWEST GROUP,no,Insurance & pure protection,39.0,35.0,0.3143,0.5143,0.1714,,firm-level-complaints-data-2024-h2.xlsx
2024H2,The Royal Bank Of Scotland PLC,NATWEST GROUP,no,Investments,40.0,28.0,0.0357,0.5357,0.5714,0.66,firm-level-complaints-data-2024-h2.xlsx
2024H2,The Royal London Mutual Insurance Society Limited,ROYAL LONDON GROUP,no,Decumulation & pensions,4924.0,5270.0,0.2611,0.6381,0.674,1.35,firm-level-complaints-data-2024-h2.xlsx
2024H2,The Royal London Mutual Insurance Society Limited,ROYAL LONDON GROUP,no,Insurance & pure protection,1724.0,1806.0,0.3289,0.6047,0.4917,0.45,firm-level-complaints-data-2024-h2.xlsx
2024H2,The Royal London Mutual Insurance Society Limited,ROYAL LONDON GROUP,no,Investments,221.0,225.0,0.36,0.5956,0.6089,0.31,firm-level-complaints-data-2024-h2.xlsx
2024H2,Topaz Finance Limited,NO GROUP,no,Home finance,2336.0,2288.0,0.3789,0.6071,0.3562,22.78,firm-level-complaints-data-2024-h2.xlsx
2024H2,Tradex Insurance Company PLC,NO GROUP,no,Insurance & pure protection,2485.0,2561.0,0.4104,0.5623,0.6861,1.46,firm-level-complaints-data-2024-h2.xlsx
2024H2,Trading 212 UK Limited,NO GROUP,no,Banking and credit cards,256.0,209.0,0.0,1.0,0.1196,0.72,firm-level-complaints-data-2024-h2.xlsx
2024H2,Trading 212 UK Limited,NO GROUP,no,Investments,595.0,601.0,0.0067,0.9917,0.1265,0.29,firm-level-complaints-data-2024-h2.xlsx
2024H2,Triodos Bank UK Limited,NO GROUP,no,Banking and credit cards,595.0,620.0,0.4145,0.5855,0.4274,5.48,firm-level-complaints-data-2024-h2.xlsx
2024H2,Triodos Bank UK Limited,NO GROUP,no,Investments,36.0,38.0,0.3421,0.6579,0.2368,1.58,firm-level-complaints-data-2024-h2.xlsx
2024H2,U K Insurance Limited,DIRECT LINE INSURANCE GROUP PLC,no,Insurance & pure protection,51800.0,52048.0,0.5029,0.4476,0.6932,5.97,firm-level-complaints-data-2024-h2.xlsx
2024H2,U.s. Bank Europe Dac,NO GROUP,no,Banking and credit cards,1859.0,1867.0,0.2721,0.7193,0.1918,20.83,firm-level-complaints-data-2024-h2.xlsx
2024H2,UK Mortgage Lending LTD,NO GROUP,no,Home finance,652.0,670.0,0.3687,0.6209,0.5806,13.44,firm-level-complaints-data-2024-h2.xlsx
2024H2,Usay Business LTD,NO GROUP,no,Insurance & pure protection,662.0,623.0,0.0064,0.992,0.1717,,firm-level-complaints-data-2024-h2.xlsx
2024H2,Utility Warehouse Limited,NO GROUP,no,Insurance & pure protection,2693.0,2326.0,0.7489,0.2296,0.2167,11.7,firm-level-complaints-data-2024-h2.xlsx
2024H2,"Vanguard Asset Management, LTD",NO GROUP,no,Decumulation & pensions,601.0,892.0,0.1166,0.3206,0.7679,4.09,firm-level-complaints-data-2024-h2.xlsx
2024H2,"Vanguard Asset Management, LTD",NO GROUP,no,Investments,1140.0,1586.0,0.2037,0.4079,0.628,1.48,firm-level-complaints-data-2024-h2.xlsx
2024H2,Vanquis Bank Limited,PROVIDENT FINANCIAL PLC,no,Banking and credit cards,26951.0,31574.0,0.1247,0.8043,0.1992,20.04,firm-level-complaints-data-2024-h2.xlsx
2024H2,Virgin Money Unit Trust Managers LTD,NO GROUP,no,Banking and credit cards,0.0,0.0,,,,0.0,firm-level-complaints-data-2024-h2.xlsx
2024H2,Virgin Money Unit Trust Managers LTD,NO GROUP,no,Decumulation & pensions,713.0,796.0,0.0013,0.9912,0.9209,25.43,firm-level-complaints-data-2024-h2.xlsx
2024H2,Virgin Money Unit Trust Managers LTD,NO GROUP,no,Home finance,0.0,0.0,,,,0.0,firm-level-complaints-data-2024-h2.xlsx
2024H2,Virgin Money Unit Trust Managers LTD,NO GROUP,no,Insurance & pure protection,0.0,0.0,,,,0.0,firm-level-complaints-data-2024-h2.xlsx
2024H2,Virgin Money Unit Trust Managers LTD,NO GROUP,no,Investments,1153.0,1333.0,0.0023,0.988,0.9167,13.47,firm-level-complaints-data-2024-h2.xlsx
2024H2,Vitality Corporate Services Limited,DISCOVERY LIMITED,yes,Insurance & pure protection,8702.0,9075.0,0.4246,0.5247,0.5344,,firm-level-complaints-data-2024-h2.xlsx
2024H2,Vodafone Limited,NO GROUP,no,Insurance & pure protection,290.0,294.0,0.6701,0.3299,0.4864,0.83,firm-level-complaints-data-2024-h2.xlsx
2024H2,Volkswagen Financial Services (uk) Limited,NO GROUP,no,Insurance & pure protection,47.0,43.0,0.0,0.6744,0.0,,firm-level-complaints-data-2024-h2.xlsx
2024H2,Wesleyan Assurance Society,NO GROUP,no,Decumulation & pensions,340.0,303.0,0.3696,0.6073,0.9208,4.12,firm-level-complaints-data-2024-h2.xlsx
2024H2,Wesleyan Assurance Society,NO GROUP,no,Insurance & pure protection,143.0,133.0,0.4211,0.5414,0.9323,0.19,firm-level-complaints-data-2024-h2.xlsx
2024H2,Wesleyan Assurance Society,NO GROUP,no,Investments,248.0,224.0,0.4286,0.5625,0.9018,4.17,firm-level-complaints-data-2024-h2.xlsx
2024H2,Xbridge Limited,NO GROUP,no,Insurance & pure protection,1174.0,1128.0,0.1835,0.8085,0.4246,,firm-level-complaints-data-2024-h2.xlsx
2024H2,Yorkshire Building Society,YORKSHIRE BUILDING SOCIETY,yes,Banking and credit cards,1776.0,1726.0,0.3905,0.606,0.7549,0.51,firm-level-complaints-data-2024-h2.xlsx
2024H2,Yorkshire Building Society,YORKSHIRE BUILDING SOCIETY,yes,Home finance,602.0,593.0,0.3693,0.6172,0.6712,8.44,firm-level-complaints-data-2024-h2.xlsx
2024H2,Yorkshire Building Society,YORKSHIRE BUILDING SOCIETY,yes,Insurance & pure protection,8.0,9.0,0.0,1.0,0.1111,0.17,firm-level-complaints-data-2024-h2.xlsx
2024H2,Zempler Bank Limited,NO GROUP,no,Banking and credit cards,1805.0,1816.0,0.2329,0.7665,0.4692,3.34,firm-level-complaints-data-2024-h2.xlsx
2024H2,Zopa Bank Limited,NO GROUP,yes,Banking and credit cards,3286.0,3258.0,0.551,0.4451,0.454,3.42,firm-level-complaints-data-2024-h2.xlsx
2024H2,Zurich Assurance LTD,ZURICH INSURANCE GROUP AG,no,Banking and credit cards,0.0,0.0,,,,0.0,firm-level-complaints-data-2024-h2.xlsx
2024H2,Zurich Assurance LTD,ZURICH INSURANCE GROUP AG,no,Decumulation & pensions,1085.0,1142.0,0.204,0.7662,0.3958,3.54,firm-level-complaints-data-2024-h2.xlsx
2024H2,Zurich Assurance LTD,ZURICH INSURANCE GROUP AG,no,Home finance,0.0,1.0,0.0,0.0,0.0,0.0,firm-level-complaints-data-2024-h2.xlsx
2024H2,Zurich Assurance LTD,ZURICH INSURANCE GROUP AG,no,Insurance & pure protection,2249.0,2219.0,0.2186,0.7747,0.4466,0.76,firm-level-complaints-data-2024-h2.xlsx
2024H2,Zurich Assurance LTD,ZURICH INSURANCE GROUP AG,no,Investments,364.0,352.0,0.1761,0.8239,0.4602,4.89,firm-level-complaints-data-2024-h2.xlsx
2024H2,Zurich Insurance Company LTD,ZURICH INSURANCE GROUP AG,no,Insurance & pure protection,3112.0,2785.0,0.163,0.7885,0.6291,1.13,firm-level-complaints-data-2024-h2.xlsx
2025H1,Abrdn Fund Managers Limited,ABERDEEN GROUP,no,Investments,800.0,768.0,0.4896,0.4766,0.293,,firm-level-complaints-data-2025-h1.xlsx
2025H1,Accord Mortgages Limited,YORKSHIRE BUILDING SOCIETY,no,Banking and credit cards,22.0,24.0,0.125,0.8333,0.9167,2.36,firm-level-complaints-data-2025-h1.xlsx
2025H1,Accord Mortgages Limited,YORKSHIRE BUILDING SOCIETY,no,Home finance,896.0,863.0,0.2225,0.7555,0.6628,4.25,firm-level-complaints-data-2025-h1.xlsx
2025H1,Accredited Insurance (europe) LTD,NO GROUP,no,Insurance & pure protection,4649.0,4940.0,0.2316,0.7555,0.4383,1.23,firm-level-complaints-data-2025-h1.xlsx
2025H1,Acm Ulr Limited,MARKERSTUDY GROUP,no,Insurance & pure protection,723.0,709.0,0.1016,0.8364,0.4612,9.15,firm-level-complaints-data-2025-h1.xlsx
2025H1,Acorn Insurance & Financial Services LTD,NO GROUP,no,Insurance & pure protection,805.0,879.0,0.3732,0.6257,0.5506,1.39,firm-level-complaints-data-2025-h1.xlsx
2025H1,Acromas Insurance Company Limited,NO GROUP,no,Insurance & pure protection,2446.0,2527.0,0.3265,0.6478,0.503,0.98,firm-level-complaints-data-2025-h1.xlsx
2025H1,Action 365 LTD,NO GROUP,no,Insurance & pure protection,789.0,913.0,0.2037,0.7437,0.3395,10.29,firm-level-complaints-data-2025-h1.xlsx
2025H1,Admiral Financial Services Limited,NO GROUP,no,Home finance,9.0,8.0,0.125,0.875,1.0,,firm-level-complaints-data-2025-h1.xlsx
2025H1,Adrian Flux Insurance Services Group,NO GROUP,no,Insurance & pure protection,1554.0,1557.0,0.9351,0.0642,0.2222,1.72,firm-level-complaints-data-2025-h1.xlsx
2025H1,Advisory Insurance Brokers Limited,ARDONAGH GROUP LIMITED,no,Insurance & pure protection,708.0,697.0,0.1363,0.7446,0.604,,firm-level-complaints-data-2025-h1.xlsx
2025H1,Affinity Insurance Solutions Limited,MARKERSTUDY GROUP,no,Insurance & pure protection,663.0,,,,,1.98,firm-level-complaints-data-2025-h1.xlsx
2025H1,Ageas Insurance Limited,AGEAS SA-NV,no,Insurance & pure protection,5090.0,5189.0,0.312,0.6329,0.4781,1.2,firm-level-complaints-data-2025-h1.xlsx
2025H1,Ageas Retail Limited,AGEAS SA-NV,no,Insurance & pure protection,912.0,932.0,0.5021,0.4936,0.5021,1.3,firm-level-complaints-data-2025-h1.xlsx
2025H1,Aioi Nissay Dowa Insurance UK Limited,AIOI NISSAY DOWA EUROPE LIMITED,yes,Insurance & pure protection,1585.0,1671.0,0.304,0.6852,0.4375,5.26,firm-level-complaints-data-2025-h1.xlsx
2025H1,Aj Bell Management Limited,AJ BELL GROUP,no,Decumulation & pensions,1350.0,1349.0,0.3195,0.6768,0.6227,5.23,firm-level-complaints-data-2025-h1.xlsx
2025H1,Aj Bell Securities Limited,AJ BELL GROUP,no,Banking and credit cards,51.0,50.0,0.52,0.48,0.72,18.29,firm-level-complaints-data-2025-h1.xlsx
2025H1,Aj Bell Securities Limited,AJ BELL GROUP,no,Decumulation & pensions,216.0,216.0,0.3565,0.6435,0.4537,0.84,firm-level-complaints-data-2025-h1.xlsx
2025H1,Aj Bell Securities Limited,AJ BELL GROUP,no,Investments,966.0,963.0,0.4008,0.5971,0.5161,1.91,firm-level-complaints-data-2025-h1.xlsx
2025H1,Aldermore Bank PLC,FIRSTRAND LIMITED,no,Banking and credit cards,962.0,693.0,0.4517,0.5426,0.7201,2.19,firm-level-complaints-data-2025-h1.xlsx
2025H1,Aldermore Bank PLC,FIRSTRAND LIMITED,no,Home finance,671.0,1039.0,0.2791,0.6968,0.6593,13.52,firm-level-complaints-data-2025-h1.xlsx
2025H1,Allianz Insurance PLC,ALLIANZ SE,no,Insurance & pure protection,2758.0,2787.0,0.1697,0.8113,0.5716,0.55,firm-level-complaints-data-2025-h1.xlsx
2025H1,American Express Services Europe Limited,NO GROUP,no,Banking and credit cards,13170.0,12390.0,0.1567,0.8428,0.3437,4.07,firm-level-complaints-data-2025-h1.xlsx
2025H1,American Express Services Europe Limited,NO GROUP,no,Insurance & pure protection,183.0,162.0,0.0062,0.9938,0.1049,0.05,firm-level-complaints-data-2025-h1.xlsx
2025H1,American International Group UK Limited,"AMERICAN INTERNATIONAL GROUP, INC. (AIG)",no,Insurance & pure protection,925.0,921.0,0.165,0.8252,0.4799,0.21,firm-level-complaints-data-2025-h1.xlsx
2025H1,Amtrust Specialty Limited,NO GROUP,no,Insurance & pure protection,2170.0,2229.0,0.1153,0.7658,0.5541,0.38,firm-level-complaints-data-2025-h1.xlsx
2025H1,Animal Friends Insurance Services LTD,NO GROUP,no,Insurance & pure protection,3055.0,2620.0,0.2427,0.7546,0.4828,,firm-level-complaints-data-2025-h1.xlsx
2025H1,Arag Legal Expenses Insurance Company Limited,NO GROUP,no,Insurance & pure protection,2041.0,2220.0,0.1194,0.8374,0.6342,0.28,firm-level-complaints-data-2025-h1.xlsx
2025H1,Arthur J. Gallagher Insurance Brokers Limited,ARTHUR J GALLAGHER (UK) LTD,yes,Insurance & pure protection,1053.0,1072.0,0.3713,0.597,0.5998,,firm-level-complaints-data-2025-h1.xlsx
2025H1,Assurant General Insurance Limited,ASSURANT INC,no,Insurance & pure protection,5778.0,6584.0,0.5409,0.3262,0.3868,1.1,firm-level-complaints-data-2025-h1.xlsx
2025H1,Astrenska Insurance Limited,NO GROUP,no,Insurance & pure protection,2026.0,1981.0,0.1403,0.8344,0.5391,0.35,firm-level-complaints-data-2025-h1.xlsx
2025H1,Asurion Europe Limited,ASURION,no,Insurance & pure protection,1548.0,1487.0,0.3941,0.6052,0.1856,2.27,firm-level-complaints-data-2025-h1.xlsx
2025H1,Atlanta Insurance Intermediaries Limited,MARKERSTUDY GROUP,no,Insurance & pure protection,9569.0,9889.0,0.7197,0.2772,0.4617,4.77,firm-level-complaints-data-2025-h1.xlsx
2025H1,Automobile Association Insurance Services Limited,AUTOMOBILE ASSOCIATION (AA),no,Insurance & pure protection,6366.0,6710.0,0.3602,0.6222,0.3703,,firm-level-complaints-data-2025-h1.xlsx
2025H1,Autoprotect (mbi) LTD,NO GROUP,no,Insurance & pure protection,515.0,,,,,,firm-level-complaints-data-2025-h1.xlsx
2025H1,Avantia Insurance Limited,NO GROUP,no,Insurance & pure protection,1122.0,1181.0,0.6876,0.3116,0.387,3.36,firm-level-complaints-data-2025-h1.xlsx
2025H1,Aviva Health UK Limited,AVIVA PLC,no,Insurance & pure protection,1262.0,1211.0,0.507,0.4781,0.2923,,firm-level-complaints-data-2025-h1.xlsx
2025H1,Aviva Insurance Limited,AVIVA PLC,no,Insurance & pure protection,48979.0,49655.0,0.3666,0.6002,0.5739,2.75,firm-level-complaints-data-2025-h1.xlsx
2025H1,Aviva Life Services UK Limited,AVIVA PLC,no,Decumulation & pensions,17246.0,17397.0,0.2548,0.6464,0.6457,2.04,firm-level-complaints-data-2025-h1.xlsx
2025H1,Aviva Life Services UK Limited,AVIVA PLC,no,Home finance,797.0,880.0,0.2443,0.4352,0.3591,8.4,firm-level-complaints-data-2025-h1.xlsx
2025H1,Aviva Life Services UK Limited,AVIVA PLC,no,Insurance & pure protection,3995.0,3925.0,0.2461,0.6769,0.5529,1.07,firm-level-complaints-data-2025-h1.xlsx
2025H1,Aviva Life Services UK Limited,AVIVA PLC,no,Investments,3048.0,3073.0,0.2288,0.6443,0.7637,2.91,firm-level-complaints-data-2025-h1.xlsx
2025H1,Aviva Protection UK Limited,AVIVA PLC,no,Insurance & pure protection,642.0,661.0,0.6082,0.3722,0.3676,0.51,firm-level-complaints-data-2025-h1.xlsx
2025H1,Awp Assistance UK LTD,ALLIANZ SE,yes,Insurance & pure protection,2911.0,2771.0,0.2176,0.7755,0.8073,0.59,firm-level-complaints-data-2025-h1.xlsx
2025H1,Awp P&c S.a.,ALLIANZ SE,yes,Insurance & pure protection,1771.0,1635.0,0.1609,0.8165,0.3407,0.36,firm-level-complaints-data-2025-h1.xlsx
2025H1,Axa Insurance Designated Activity Company,AXA GROUP,no,Insurance & pure protection,2085.0,2117.0,0.8172,0.1474,0.5867,8.42,firm-level-complaints-data-2025-h1.xlsx
2025H1,Axa Insurance UK PLC,AXA GROUP,no,Insurance & pure protection,16910.0,17758.0,0.3177,0.5749,0.5747,5.56,firm-level-complaints-data-2025-h1.xlsx
2025H1,Axa Ppp Healthcare Limited,AXA GROUP,no,Insurance & pure protection,21855.0,21622.0,0.5745,0.3579,0.5519,13.62,firm-level-complaints-data-2025-h1.xlsx
2025H1,Bank Of Ireland (uk) PLC,BANK OF IRELAND GROUP,yes,Banking and credit cards,2208.0,2199.0,0.4798,0.477,0.4616,2.3,firm-level-complaints-data-2025-h1.xlsx
2025H1,Bank Of Ireland (uk) PLC,BANK OF IRELAND GROUP,yes,Home finance,972.0,876.0,0.3516,0.5822,0.2831,10.48,firm-level-complaints-data-2025-h1.xlsx
2025H1,Bank Of Ireland (uk) PLC,BANK OF IRELAND GROUP,yes,Insurance & pure protection,33.0,31.0,0.0323,0.9032,0.0323,,firm-level-complaints-data-2025-h1.xlsx
2025H1,Bank Of Scotland PLC,LLOYDS BANKING GROUP PLC,no,Banking and credit cards,65337.0,64180.0,0.5915,0.294,0.6894,1.83,firm-level-complaints-data-2025-h1.xlsx
2025H1,Bank Of Scotland PLC,LLOYDS BANKING GROUP PLC,no,Decumulation & pensions,5.0,5.0,0.0,0.4,0.6,0.04,firm-level-complaints-data-2025-h1.xlsx
2025H1,Bank Of Scotland PLC,LLOYDS BANKING GROUP PLC,no,Home finance,12120.0,12267.0,0.4423,0.5225,0.5537,5.73,firm-level-complaints-data-2025-h1.xlsx
2025H1,Bank Of Scotland PLC,LLOYDS BANKING GROUP PLC,no,Insurance & pure protection,211.0,205.0,0.1073,0.8439,0.1561,0.33,firm-level-complaints-data-2025-h1.xlsx
2025H1,Bank Of Scotland PLC,LLOYDS BANKING GROUP PLC,no,Investments,41.0,41.0,0.0244,0.8049,0.3659,0.33,firm-level-complaints-data-2025-h1.xlsx
2025H1,Barclays Bank PLC,BARCLAYS PLC,no,Banking and credit cards,9513.0,8995.0,0.7234,0.247,0.6253,7.76,firm-level-complaints-data-2025-h1.xlsx
2025H1,Barclays Bank PLC,BARCLAYS PLC,no,Decumulation & pensions,49.0,47.0,0.2766,0.3617,0.6596,,firm-level-complaints-data-2025-h1.xlsx
2025H1,Barclays Bank PLC,BARCLAYS PLC,no,Home finance,2.0,3.0,0.3333,0.6667,0.3333,2.3,firm-level-complaints-data-2025-h1.xlsx
2025H1,Barclays Bank PLC,BARCLAYS PLC,no,Investments,1418.0,1386.0,0.2792,0.5274,0.7035,2.97,firm-level-complaints-data-2025-h1.xlsx
2025H1,Barclays Bank UK PLC,BARCLAYS PLC,no,Banking and credit cards,147524.0,147228.0,0.6247,0.2857,0.7799,3.7,firm-level-complaints-data-2025-h1.xlsx
2025H1,Barclays Bank UK PLC,BARCLAYS PLC,no,Decumulation & pensions,9.0,9.0,0.1111,0.8889,0.0,,firm-level-complaints-data-2025-h1.xlsx
2025H1,Barclays Bank UK PLC,BARCLAYS PLC,no,Home finance,6544.0,6587.0,0.4318,0.5471,0.7689,7.47,firm-level-complaints-data-2025-h1.xlsx
2025H1,Barclays Bank UK PLC,BARCLAYS PLC,no,Insurance & pure protection,162.0,184.0,0.3533,0.4457,0.1087,0.74,firm-level-complaints-data-2025-h1.xlsx
2025H1,Barclays Bank UK PLC,BARCLAYS PLC,no,Investments,34.0,36.0,0.0556,0.5556,0.5556,,firm-level-complaints-data-2025-h1.xlsx
2025H1,Bisl Limited,MARKERSTUDY GROUP,no,Insurance & pure protection,12473.0,12369.0,0.5547,0.4417,0.3813,5.46,firm-level-complaints-data-2025-h1.xlsx
2025H1,British Gas Services Limited,NO GROUP,yes,Insurance & pure protection,51725.0,52837.0,0.6663,0.2842,0.9492,9.56,firm-level-complaints-data-2025-h1.xlsx
2025H1,Bupa Insurance Services Limited,BUPA GROUP,yes,Insurance & pure protection,31133.0,31139.0,0.5559,0.4412,0.582,9.1,firm-level-complaints-data-2025-h1.xlsx
2025H1,Cabot Credit Management Group Limited,NO GROUP,no,Home finance,47.0,30.0,0.1,0.8,0.4333,,firm-level-complaints-data-2025-h1.xlsx
2025H1,Call Assist Limited,NO GROUP,no,Insurance & pure protection,711.0,698.0,0.2794,0.7206,0.3897,3.29,firm-level-complaints-data-2025-h1.xlsx
2025H1,Canada Life Limited,NO GROUP,no,Decumulation & pensions,329.0,340.0,0.1676,0.7529,0.8382,0.74,firm-level-complaints-data-2025-h1.xlsx
2025H1,Canada Life Limited,NO GROUP,no,Insurance & pure protection,200.0,196.0,0.3316,0.5765,0.5306,0.07,firm-level-complaints-data-2025-h1.xlsx
2025H1,Canada Life Limited,NO GROUP,no,Investments,39.0,43.0,0.1395,0.814,0.814,2.67,firm-level-complaints-data-2025-h1.xlsx
2025H1,Capital One (europe) PLC,CAPITAL ONE FINANCIAL CORPORATION,no,Banking and credit cards,24847.0,24529.0,0.1639,0.8141,0.3346,4.55,firm-level-complaints-data-2025-h1.xlsx
2025H1,Capital One (europe) PLC,CAPITAL ONE FINANCIAL CORPORATION,no,Insurance & pure protection,8.0,8.0,0.125,0.875,0.125,0.0,firm-level-complaints-data-2025-h1.xlsx
2025H1,Car Care Plan Limited,NO GROUP,yes,Insurance & pure protection,886.0,929.0,0.493,0.507,0.183,1.1,firm-level-complaints-data-2025-h1.xlsx
2025H1,Carole Nash Insurance Consultants Limited,NO GROUP,no,Insurance & pure protection,3049.0,3098.0,0.7682,0.2295,0.4742,5.82,firm-level-complaints-data-2025-h1.xlsx
2025H1,Castelan Limited,NO GROUP,no,Insurance & pure protection,552.0,549.0,0.3005,0.6976,0.2696,0.44,firm-level-complaints-data-2025-h1.xlsx
2025H1,Casualty & General Insurance Company (europe) LTD,NO GROUP,no,Insurance & pure protection,1114.0,1023.0,0.13,0.8641,0.2571,5.04,firm-level-complaints-data-2025-h1.xlsx
2025H1,Charter Court Financial Services Limited,CHARTER COURT FINANCIAL SERVICES GROUP PLC,no,Banking and credit cards,741.0,741.0,0.3833,0.6167,0.4818,2.57,firm-level-complaints-data-2025-h1.xlsx
2025H1,Charter Court Financial Services Limited,CHARTER COURT FINANCIAL SERVICES GROUP PLC,no,Home finance,1133.0,1172.0,0.2099,0.7773,0.3874,16.9,firm-level-complaints-data-2025-h1.xlsx
2025H1,Chubb European Group Se,CHUBB LIMITED,no,Insurance & pure protection,4134.0,3969.0,0.1877,0.7916,0.646,0.65,firm-level-complaints-data-2025-h1.xlsx
2025H1,Clearbank Limited,NO GROUP,no,Banking and credit cards,3961.0,3906.0,0.0579,0.9375,0.6994,1.44,firm-level-complaints-data-2025-h1.xlsx
2025H1,Close Brothers Limited,CLOSE BROTHERS GROUP PLC,no,Banking and credit cards,162.0,172.0,0.6512,0.3488,0.6047,,firm-level-complaints-data-2025-h1.xlsx
2025H1,Close Brothers Limited,CLOSE BROTHERS GROUP PLC,no,Insurance & pure protection,1.0,1.0,0.0,1.0,0.0,,firm-level-complaints-data-2025-h1.xlsx
2025H1,Clydesdale Bank PLC,VIRGIN MONEY UK PLC,yes,Banking and credit cards,29819.0,33450.0,0.3338,0.5613,0.6617,3.55,firm-level-complaints-data-2025-h1.xlsx
2025H1,Clydesdale Bank PLC,VIRGIN MONEY UK PLC,yes,Decumulation & pensions,1.0,1.0,1.0,0.0,1.0,,firm-level-complaints-data-2025-h1.xlsx
2025H1,Clydesdale Bank PLC,VIRGIN MONEY UK PLC,yes,Home finance,1840.0,2246.0,0.0681,0.5962,0.6768,5.65,firm-level-complaints-data-2025-h1.xlsx
2025H1,Clydesdale Bank PLC,VIRGIN MONEY UK PLC,yes,Insurance & pure protection,9.0,9.0,0.1111,0.4444,0.3333,0.1,firm-level-complaints-data-2025-h1.xlsx
2025H1,Clydesdale Bank PLC,VIRGIN MONEY UK PLC,yes,Investments,22.0,38.0,0.1053,0.7368,0.7105,,firm-level-complaints-data-2025-h1.xlsx
2025H1,Cofunds Limited,AEGON N.V.,no,Decumulation & pensions,76.0,83.0,0.1687,0.8193,0.4337,3.69,firm-level-complaints-data-2025-h1.xlsx
2025H1,Cofunds Limited,AEGON N.V.,no,Investments,950.0,943.0,0.1845,0.8091,0.4687,1.25,firm-level-complaints-data-2025-h1.xlsx
2025H1,Complete Cover Group LTD,NO GROUP,no,Insurance & pure protection,905.0,879.0,0.4767,0.5233,0.4118,24.15,firm-level-complaints-data-2025-h1.xlsx
2025H1,Connells Limited,SKIPTON BUILDING SOCIETY,no,Home finance,428.0,405.0,0.037,0.8889,0.4963,,firm-level-complaints-data-2025-h1.xlsx
2025H1,Connells Limited,SKIPTON BUILDING SOCIETY,no,Insurance & pure protection,115.0,110.0,0.0636,0.8455,0.2818,,firm-level-complaints-data-2025-h1.xlsx
2025H1,Countrywide Assured PLC,NO GROUP,no,Decumulation & pensions,332.0,373.0,0.2225,0.5684,0.6971,1.24,firm-level-complaints-data-2025-h1.xlsx
2025H1,Countrywide Assured PLC,NO GROUP,no,Insurance & pure protection,263.0,315.0,0.2349,0.527,0.4794,2.16,firm-level-complaints-data-2025-h1.xlsx
2025H1,Countrywide Assured PLC,NO GROUP,no,Investments,81.0,99.0,0.1111,0.6364,0.6869,0.35,firm-level-complaints-data-2025-h1.xlsx
2025H1,Coutts & Company,NATWEST GROUP,no,Banking and credit cards,1459.0,1433.0,0.4976,0.4941,0.4299,5.01,firm-level-complaints-data-2025-h1.xlsx
2025H1,Coutts & Company,NATWEST GROUP,no,Decumulation & pensions,14.0,15.0,0.0,0.4,0.6667,2.83,firm-level-complaints-data-2025-h1.xlsx
2025H1,Coutts & Company,NATWEST GROUP,no,Home finance,84.0,82.0,0.1829,0.7195,0.5244,7.32,firm-level-complaints-data-2025-h1.xlsx
2025H1,Coutts & Company,NATWEST GROUP,no,Insurance & pure protection,13.0,13.0,0.5385,0.3846,0.5385,1.01,firm-level-complaints-data-2025-h1.xlsx
2025H1,Coutts & Company,NATWEST GROUP,no,Investments,107.0,101.0,0.0396,0.6931,0.7426,2.15,firm-level-complaints-data-2025-h1.xlsx
2025H1,Covea Insurance PLC,COVEA GROUP,yes,Insurance & pure protection,2528.0,2435.0,0.2074,0.7577,0.4641,1.8,firm-level-complaints-data-2025-h1.xlsx
2025H1,Coventry Building Society,NO GROUP,yes,Banking and credit cards,3806.0,3772.0,0.6471,0.3523,0.6259,1.41,firm-level-complaints-data-2025-h1.xlsx
2025H1,Coventry Building Society,NO GROUP,yes,Home finance,658.0,644.0,0.5978,0.4022,0.7189,1.86,firm-level-complaints-data-2025-h1.xlsx
2025H1,Coventry Building Society,NO GROUP,yes,Insurance & pure protection,2.0,2.0,0.0,1.0,0.0,,firm-level-complaints-data-2025-h1.xlsx
2025H1,Creation Consumer Finance LTD,BNP PARIBAS GROUP,no,Banking and credit cards,9886.0,3247.0,0.1703,0.7933,0.3988,4.0,firm-level-complaints-data-2025-h1.xlsx
2025H1,Creation Financial Services Limited,BNP PARIBAS GROUP,no,Banking and credit cards,404.0,406.0,0.1921,0.7882,0.3645,,firm-level-complaints-data-2025-h1.xlsx
2025H1,Cynergy Bank PLC,CYNERGY CAPITAL LTD,no,Banking and credit cards,1047.0,766.0,0.1815,0.8159,0.7977,5.34,firm-level-complaints-data-2025-h1.xlsx
2025H1,Cynergy Bank PLC,CYNERGY CAPITAL LTD,no,Home finance,2.0,2.0,,1.0,,1.31,firm-level-complaints-data-2025-h1.xlsx
2025H1,Digital Moneybox Limited,NO GROUP,no,Banking and credit cards,535.0,404.0,0.2921,0.7079,0.3886,0.36,firm-level-complaints-data-2025-h1.xlsx
2025H1,Digital Moneybox Limited,NO GROUP,no,Decumulation & pensions,19.0,19.0,0.2632,0.7368,0.4211,0.2,firm-level-complaints-data-2025-h1.xlsx
2025H1,Digital Moneybox Limited,NO GROUP,no,Investments,101.0,98.0,0.2245,0.7755,0.2653,0.1,firm-level-complaints-data-2025-h1.xlsx
2025H1,Domestic & General Insurance PLC,CVC CAPITAL PARTNERS ADVISORY GROUP HOLDING FOUNDATION,no,Insurance & pure protection,60444.0,59489.0,0.7763,0.2143,0.5665,5.1,firm-level-complaints-data-2025-h1.xlsx
2025H1,Elderbridge Limited,TECH MAHINDRA LIMITED,no,Home finance,756.0,783.0,0.0319,0.8008,0.4393,45.42,firm-level-complaints-data-2025-h1.xlsx
2025H1,Embark Investment Services Limited,LLOYDS BANKING GROUP PLC,no,Banking and credit cards,0.0,0.0,,,,,firm-level-complaints-data-2025-h1.xlsx
2025H1,Embark Investment Services Limited,LLOYDS BANKING GROUP PLC,no,Decumulation & pensions,305.0,422.0,0.3341,0.2417,0.7488,2.35,firm-level-complaints-data-2025-h1.xlsx
2025H1,Embark Investment Services Limited,LLOYDS BANKING GROUP PLC,no,Home finance,0.0,0.0,,,,,firm-level-complaints-data-2025-h1.xlsx
2025H1,Embark Investment Services Limited,LLOYDS BANKING GROUP PLC,no,Insurance & pure protection,0.0,0.0,,,,,firm-level-complaints-data-2025-h1.xlsx
2025H1,Embark Investment Services Limited,LLOYDS BANKING GROUP PLC,no,Investments,323.0,463.0,0.3283,0.2397,0.6285,0.86,firm-level-complaints-data-2025-h1.xlsx
2025H1,Embark Services Limited,LLOYDS BANKING GROUP PLC,no,Banking and credit cards,0.0,0.0,,,,,firm-level-complaints-data-2025-h1.xlsx
2025H1,Embark Services Limited,LLOYDS BANKING GROUP PLC,no,Decumulation & pensions,515.0,471.0,0.0722,0.3355,0.8004,10.62,firm-level-complaints-data-2025-h1.xlsx
2025H1,Embark Services Limited,LLOYDS BANKING GROUP PLC,no,Home finance,0.0,0.0,,,,,firm-level-complaints-data-2025-h1.xlsx
2025H1,Embark Services Limited,LLOYDS BANKING GROUP PLC,no,Insurance & pure protection,0.0,0.0,,,,,firm-level-complaints-data-2025-h1.xlsx
2025H1,Embark Services Limited,LLOYDS BANKING GROUP PLC,no,Investments,0.0,0.0,,,,,firm-level-complaints-data-2025-h1.xlsx
2025H1,Equiniti Financial Services Limited,EQUINITI GROUP PLC,no,Decumulation & pensions,26.0,25.0,0.32,0.68,0.76,58.43,firm-level-complaints-data-2025-h1.xlsx
2025H1,Equiniti Financial Services Limited,EQUINITI GROUP PLC,no,Investments,2333.0,2228.0,0.4758,0.5229,0.3905,0.39,firm-level-complaints-data-2025-h1.xlsx
2025H1,Ergo Travel Insurance Services LTD,NO GROUP,no,Insurance & pure protection,2738.0,2614.0,0.1959,0.7223,0.4227,1.31,firm-level-complaints-data-2025-h1.xlsx
2025H1,Ergo UK Specialty Limited,NO GROUP,no,Insurance & pure protection,574.0,513.0,0.0312,0.924,0.5497,,firm-level-complaints-data-2025-h1.xlsx
2025H1,Esure Insurance Limited,ESURE GROUP PLC,no,Insurance & pure protection,14395.0,14334.0,0.4976,0.4717,0.7272,3.35,firm-level-complaints-data-2025-h1.xlsx
2025H1,Eui Limited,ADMIRAL GROUP PLC,yes,Insurance & pure protection,70326.0,69925.0,0.4779,0.4751,0.6158,4.14,firm-level-complaints-data-2025-h1.xlsx
2025H1,Evolution Insurance Company Limited,NO GROUP,no,Insurance & pure protection,540.0,543.0,0.2063,0.7035,0.2781,0.77,firm-level-complaints-data-2025-h1.xlsx
2025H1,Exeter Friendly Society Limited,EXETER FRIENDLY SOCIETY LIMITED,no,Insurance & pure protection,1294.0,1308.0,0.737,0.2592,0.0726,8.94,firm-level-complaints-data-2025-h1.xlsx
2025H1,Experian Limited,EXPERIAN PLC,no,Home finance,0.0,0.0,,,,,firm-level-complaints-data-2025-h1.xlsx
2025H1,Experian Limited,EXPERIAN PLC,no,Insurance & pure protection,0.0,0.0,,,,,firm-level-complaints-data-2025-h1.xlsx
2025H1,Family Assurance Friendly Society Limited,NO GROUP,no,Banking and credit cards,0.0,0.0,,,,,firm-level-complaints-data-2025-h1.xlsx
2025H1,Family Assurance Friendly Society Limited,NO GROUP,no,Decumulation & pensions,3.0,3.0,0.3333,0.6667,0.0,,firm-level-complaints-data-2025-h1.xlsx
2025H1,Family Assurance Friendly Society Limited,NO GROUP,no,Home finance,0.0,0.0,,,,,firm-level-complaints-data-2025-h1.xlsx
2025H1,Family Assurance Friendly Society Limited,NO GROUP,no,Insurance & pure protection,530.0,550.0,0.4327,0.5636,0.5582,,firm-level-complaints-data-2025-h1.xlsx
2025H1,Family Assurance Friendly Society Limited,NO GROUP,no,Investments,160.0,165.0,0.5333,0.4667,0.703,,firm-level-complaints-data-2025-h1.xlsx
2025H1,Family Equity Plan Limited,FAMILY ASSURANCE FRIENDLY SOCIETY LTD,no,Banking and credit cards,631.0,615.0,0.3512,0.6488,0.5171,,firm-level-complaints-data-2025-h1.xlsx
2025H1,Family Equity Plan Limited,FAMILY ASSURANCE FRIENDLY SOCIETY LTD,no,Decumulation & pensions,0.0,0.0,,,,,firm-level-complaints-data-2025-h1.xlsx
2025H1,Family Equity Plan Limited,FAMILY ASSURANCE FRIENDLY SOCIETY LTD,no,Home finance,0.0,0.0,,,,,firm-level-complaints-data-2025-h1.xlsx
2025H1,Family Equity Plan Limited,FAMILY ASSURANCE FRIENDLY SOCIETY LTD,no,Insurance & pure protection,0.0,0.0,,,,,firm-level-complaints-data-2025-h1.xlsx
2025H1,Family Equity Plan Limited,FAMILY ASSURANCE FRIENDLY SOCIETY LTD,no,Investments,563.0,565.0,0.3664,0.6301,0.469,,firm-level-complaints-data-2025-h1.xlsx
2025H1,Financial Administration Services Limited,FIDELITY HOLDINGS LIMITED,no,Decumulation & pensions,630.0,641.0,0.1217,0.7036,0.5554,3.27,firm-level-complaints-data-2025-h1.xlsx
2025H1,Financial Administration Services Limited,FIDELITY HOLDINGS LIMITED,no,Investments,1224.0,1245.0,0.102,0.7671,0.4635,1.28,firm-level-complaints-data-2025-h1.xlsx
2025H1,First Central Insurance Management Limited,FIRST CENTRAL GROUP LIMITED,no,Insurance & pure protection,8149.0,8266.0,0.5665,0.4044,0.5427,5.73,firm-level-complaints-data-2025-h1.xlsx
2025H1,Firstrand Bank Limited,FIRSTRAND LIMITED,no,Insurance & pure protection,21.0,22.0,0.0,0.7273,0.0,,firm-level-complaints-data-2025-h1.xlsx
2025H1,Forester Life Limited,FORESTER HOLDINGS (EUROPE) LIMITED,no,Decumulation & pensions,31.0,26.0,0.4231,0.5,0.2308,2.2,firm-level-complaints-data-2025-h1.xlsx
2025H1,Forester Life Limited,FORESTER HOLDINGS (EUROPE) LIMITED,no,Insurance & pure protection,29.0,30.0,0.4667,0.5,0.3333,0.65,firm-level-complaints-data-2025-h1.xlsx
2025H1,Forester Life Limited,FORESTER HOLDINGS (EUROPE) LIMITED,no,Investments,552.0,520.0,0.5558,0.4365,0.3558,0.52,firm-level-complaints-data-2025-h1.xlsx
2025H1,Fortegra Europe Insurance Company LTD,NO GROUP,no,Insurance & pure protection,3743.0,3100.0,0.2723,0.7113,0.5494,1.0,firm-level-complaints-data-2025-h1.xlsx
2025H1,Funding Circle LTD,NO GROUP,no,Investments,15.0,18.0,0.1111,0.8333,0.3889,,firm-level-complaints-data-2025-h1.xlsx
2025H1,HSBC Bank PLC,NO GROUP,no,Banking and credit cards,465.0,454.0,0.7423,0.2004,0.522,0.29,firm-level-complaints-data-2025-h1.xlsx
2025H1,HSBC Bank PLC,NO GROUP,no,Decumulation & pensions,0.0,0.0,,,,,firm-level-complaints-data-2025-h1.xlsx
2025H1,HSBC Bank PLC,NO GROUP,no,Home finance,0.0,0.0,,,,,firm-level-complaints-data-2025-h1.xlsx
2025H1,HSBC Bank PLC,NO GROUP,no,Insurance & pure protection,2.0,2.0,0.5,0.5,0.5,0.15,firm-level-complaints-data-2025-h1.xlsx
2025H1,HSBC Bank PLC,NO GROUP,no,Investments,47.0,54.0,0.2222,0.5556,0.6667,3.15,firm-level-complaints-data-2025-h1.xlsx
2025H1,HSBC UK Bank PLC,HSBC HOLDINGS PLC,no,Banking and credit cards,84351.0,83920.0,0.7221,0.2746,0.5973,2.95,firm-level-complaints-data-2025-h1.xlsx
2025H1,HSBC UK Bank PLC,HSBC HOLDINGS PLC,no,Decumulation & pensions,66.0,69.0,0.1739,0.4928,0.6522,0.21,firm-level-complaints-data-2025-h1.xlsx
2025H1,HSBC UK Bank PLC,HSBC HOLDINGS PLC,no,Home finance,5264.0,5186.0,0.3218,0.6516,0.6138,5.42,firm-level-complaints-data-2025-h1.xlsx
2025H1,HSBC UK Bank PLC,HSBC HOLDINGS PLC,no,Insurance & pure protection,548.0,522.0,0.272,0.7107,0.4655,0.06,firm-level-complaints-data-2025-h1.xlsx
2025H1,HSBC UK Bank PLC,HSBC HOLDINGS PLC,no,Investments,1160.0,1105.0,0.1783,0.7792,0.6516,1.03,firm-level-complaints-data-2025-h1.xlsx
2025H1,Halifax Share Dealing Limited,LLOYDS BANKING GROUP PLC,no,Banking and credit cards,0.0,0.0,,,,,firm-level-complaints-data-2025-h1.xlsx
2025H1,Halifax Share Dealing Limited,LLOYDS BANKING GROUP PLC,no,Decumulation & pensions,35.0,29.0,0.2414,0.6552,0.7586,4.82,firm-level-complaints-data-2025-h1.xlsx
2025H1,Halifax Share Dealing Limited,LLOYDS BANKING GROUP PLC,no,Home finance,0.0,0.0,,,,,firm-level-complaints-data-2025-h1.xlsx
2025H1,Halifax Share Dealing Limited,LLOYDS BANKING GROUP PLC,no,Insurance & pure protection,0.0,0.0,,,,,firm-level-complaints-data-2025-h1.xlsx
2025H1,Halifax Share Dealing Limited,LLOYDS BANKING GROUP PLC,no,Investments,651.0,634.0,0.3565,0.5599,0.5047,0.96,firm-level-complaints-data-2025-h1.xlsx
2025H1,Hargreaves Lansdown Asset Management Limited,HARGREAVES LANSDOWN LIMITED,no,Decumulation & pensions,1938.0,2026.0,0.1969,0.7794,0.6012,2.26,firm-level-complaints-data-2025-h1.xlsx
2025H1,Hargreaves Lansdown Asset Management Limited,HARGREAVES LANSDOWN LIMITED,no,Investments,4701.0,4461.0,0.2547,0.7285,0.4788,1.38,firm-level-complaints-data-2025-h1.xlsx
2025H1,Hastings Insurance Services Limited,HASTINGS GROUP,yes,Insurance & pure protection,18123.0,17586.0,0.2439,0.7367,0.5305,,firm-level-complaints-data-2025-h1.xlsx
2025H1,Hbos Investment Fund Managers Limited,LLOYDS BANKING GROUP PLC,no,Banking and credit cards,0.0,0.0,,,,,firm-level-complaints-data-2025-h1.xlsx
2025H1,Hbos Investment Fund Managers Limited,LLOYDS BANKING GROUP PLC,no,Decumulation & pensions,0.0,0.0,,,,,firm-level-complaints-data-2025-h1.xlsx
2025H1,Hbos Investment Fund Managers Limited,LLOYDS BANKING GROUP PLC,no,Home finance,0.0,0.0,,,,,firm-level-complaints-data-2025-h1.xlsx
2025H1,Hbos Investment Fund Managers Limited,LLOYDS BANKING GROUP PLC,no,Insurance & pure protection,0.0,0.0,,,,,firm-level-complaints-data-2025-h1.xlsx
2025H1,Hbos Investment Fund Managers Limited,LLOYDS BANKING GROUP PLC,no,Investments,734.0,756.0,0.455,0.5013,0.7831,2.53,firm-level-complaints-data-2025-h1.xlsx
2025H1,Helvetia Global Solutions LTD,NO GROUP,no,Insurance & pure protection,914.0,916.0,0.1103,0.8723,0.4858,0.46,firm-level-complaints-data-2025-h1.xlsx
2025H1,Highway Insurance Company Limited,ALLIANZ SE,no,Insurance & pure protection,744.0,762.0,0.2139,0.5814,0.4121,1.06,firm-level-complaints-data-2025-h1.xlsx
2025H1,Hiscox Insurance Company Limited,HISCOX LTD.,yes,Insurance & pure protection,510.0,517.0,0.1006,0.8491,0.5513,0.92,firm-level-complaints-data-2025-h1.xlsx
2025H1,Home Retail Group Card Services Limited,J SAINSBURY PLC,no,Banking and credit cards,4438.0,4359.0,0.39,0.6011,0.3008,1.49,firm-level-complaints-data-2025-h1.xlsx
2025H1,Homeserve Membership Limited,HOMESERVE PLC,no,Insurance & pure protection,2971.0,3072.0,0.3314,0.6605,0.248,,firm-level-complaints-data-2025-h1.xlsx
2025H1,Hood Travel Limited,NO GROUP,no,Insurance & pure protection,740.0,637.0,0.4788,0.4914,0.2951,4.49,firm-level-complaints-data-2025-h1.xlsx
2025H1,Howserv Limited,STAYSURE HOLDINGS LTD,no,Insurance & pure protection,2358.0,2374.0,0.3521,0.639,0.4229,1.7,firm-level-complaints-data-2025-h1.xlsx
2025H1,I Go 4 Ltd.,MARKERSTUDY GROUP,no,Insurance & pure protection,940.0,921.0,0.2649,0.7188,0.4202,1.27,firm-level-complaints-data-2025-h1.xlsx
2025H1,Ikano Bank Ab (publ),NO GROUP,no,Banking and credit cards,1191.0,1362.0,0.243,0.6968,0.3943,4.33,firm-level-complaints-data-2025-h1.xlsx
2025H1,Inshur UK LTD,NO GROUP,no,Insurance & pure protection,614.0,606.0,0.8053,0.1667,0.1485,8.21,firm-level-complaints-data-2025-h1.xlsx
2025H1,Insurance Factory Limited,NO GROUP,no,Insurance & pure protection,2708.0,3211.0,0.3806,0.6007,0.678,7.58,firm-level-complaints-data-2025-h1.xlsx
2025H1,Intact Insurance UK Limited,NO GROUP,no,Decumulation & pensions,0.0,,,,,,firm-level-complaints-data-2025-h1.xlsx
2025H1,Intact Insurance UK Limited,NO GROUP,no,Insurance & pure protection,8694.0,9144.0,0.4201,0.529,0.524,3.08,firm-level-complaints-data-2025-h1.xlsx
2025H1,Inter Partner Assistance Sa,AXA GROUP,no,Insurance & pure protection,8212.0,9685.0,0.2482,0.4641,0.7373,,firm-level-complaints-data-2025-h1.xlsx
2025H1,Interactive Brokers (u.k.) Limited,NO GROUP,no,Investments,927.0,862.0,0.1218,0.7715,0.21,2.23,firm-level-complaints-data-2025-h1.xlsx
2025H1,Interactive Investor Services Limited,ABERDEEN GROUP,no,Decumulation & pensions,280.0,287.0,0.0976,0.8571,0.6098,2.87,firm-level-complaints-data-2025-h1.xlsx
2025H1,Interactive Investor Services Limited,ABERDEEN GROUP,no,Investments,2225.0,2287.0,0.2112,0.7787,0.4666,2.59,firm-level-complaints-data-2025-h1.xlsx
2025H1,J.p. Morgan Europe Limited,JPMORGAN CHASE & CO,no,Banking and credit cards,10803.0,10763.0,0.3896,0.6096,0.466,1.37,firm-level-complaints-data-2025-h1.xlsx
2025H1,James Hay Administration Company Limited,NO GROUP,no,Decumulation & pensions,950.0,1244.0,0.0619,0.5305,0.8111,18.74,firm-level-complaints-data-2025-h1.xlsx
2025H1,Janus Henderson Fund Management UK Limited,JANUS HENDERSON GROUP PLC,no,Investments,569.0,570.0,0.3281,0.6404,0.3807,2.68,firm-level-complaints-data-2025-h1.xlsx
2025H1,Kensington Mortgage Company Limited,NO GROUP,no,Home finance,919.0,894.0,0.3445,0.6465,0.3009,14.57,firm-level-complaints-data-2025-h1.xlsx
2025H1,Kroo Bank LTD,NO GROUP,no,Banking and credit cards,893.0,893.0,0.0,0.9295,0.2968,,firm-level-complaints-data-2025-h1.xlsx
2025H1,Landmark Mortgages Limited,NO GROUP,no,Home finance,604.0,633.0,0.2859,0.684,0.4202,37.71,firm-level-complaints-data-2025-h1.xlsx
2025H1,Leeds Building Society,LEEDS BUILDING SOCIETY,no,Banking and credit cards,2336.0,2391.0,,0.4714,0.6307,2.26,firm-level-complaints-data-2025-h1.xlsx
2025H1,Leeds Building Society,LEEDS BUILDING SOCIETY,no,Home finance,1076.0,1098.0,,0.6166,0.5647,5.25,firm-level-complaints-data-2025-h1.xlsx
2025H1,Leeds Building Society,LEEDS BUILDING SOCIETY,no,Insurance & pure protection,5.0,5.0,,0.4,0.4,,firm-level-complaints-data-2025-h1.xlsx
2025H1,Legal And General Assurance Society Limited,LEGAL & GENERAL GROUP PLC,no,Decumulation & pensions,1386.0,1270.0,0.1354,0.8551,0.715,1.18,firm-level-complaints-data-2025-h1.xlsx
2025H1,Legal And General Assurance Society Limited,LEGAL & GENERAL GROUP PLC,no,Insurance & pure protection,3051.0,3119.0,0.4229,0.5566,0.4441,0.7,firm-level-complaints-data-2025-h1.xlsx
2025H1,Lenvi Servicing Limited,NO GROUP,no,Home finance,756.0,782.0,0.2404,0.5818,0.8338,3.7,firm-level-complaints-data-2025-h1.xlsx
2025H1,Link Financial Outsourcing Limited,NO GROUP,no,Home finance,11.0,,,,,,firm-level-complaints-data-2025-h1.xlsx
2025H1,Liverpool Victoria Financial Services Limited,LIVERPOOL VICTORIA GROUP,no,Decumulation & pensions,384.0,397.0,0.4433,0.5063,0.8161,2.55,firm-level-complaints-data-2025-h1.xlsx
2025H1,Liverpool Victoria Financial Services Limited,LIVERPOOL VICTORIA GROUP,no,Insurance & pure protection,1349.0,1380.0,0.6333,0.3486,0.5826,1.42,firm-level-complaints-data-2025-h1.xlsx
2025H1,Liverpool Victoria Financial Services Limited,LIVERPOOL VICTORIA GROUP,no,Investments,274.0,275.0,0.5964,0.3455,0.8473,4.46,firm-level-complaints-data-2025-h1.xlsx
2025H1,Liverpool Victoria Insurance Company Limited,ALLIANZ SE,no,Insurance & pure protection,10359.0,10636.0,0.3057,0.5069,0.5366,2.52,firm-level-complaints-data-2025-h1.xlsx
2025H1,Lloyds Bank General Insurance Limited,LLOYDS BANKING GROUP PLC,no,Banking and credit cards,0.0,0.0,,,,,firm-level-complaints-data-2025-h1.xlsx
2025H1,Lloyds Bank General Insurance Limited,LLOYDS BANKING GROUP PLC,no,Decumulation & pensions,0.0,0.0,,,,,firm-level-complaints-data-2025-h1.xlsx
2025H1,Lloyds Bank General Insurance Limited,LLOYDS BANKING GROUP PLC,no,Home finance,0.0,0.0,,,,,firm-level-complaints-data-2025-h1.xlsx
2025H1,Lloyds Bank General Insurance Limited,LLOYDS BANKING GROUP PLC,no,Insurance & pure protection,5782.0,5776.0,0.1974,0.7355,0.7445,2.27,firm-level-complaints-data-2025-h1.xlsx
2025H1,Lloyds Bank General Insurance Limited,LLOYDS BANKING GROUP PLC,no,Investments,0.0,0.0,,,,,firm-level-complaints-data-2025-h1.xlsx
2025H1,Lloyds Bank PLC,LLOYDS BANKING GROUP PLC,no,Banking and credit cards,78119.0,76734.0,0.5867,0.3011,0.6727,2.13,firm-level-complaints-data-2025-h1.xlsx
2025H1,Lloyds Bank PLC,LLOYDS BANKING GROUP PLC,no,Decumulation & pensions,43.0,44.0,0.0909,0.7045,0.2273,0.24,firm-level-complaints-data-2025-h1.xlsx
2025H1,Lloyds Bank PLC,LLOYDS BANKING GROUP PLC,no,Home finance,2845.0,2884.0,0.4317,0.5302,0.621,7.97,firm-level-complaints-data-2025-h1.xlsx
2025H1,Lloyds Bank PLC,LLOYDS BANKING GROUP PLC,no,Insurance & pure protection,350.0,339.0,0.1298,0.8201,0.1416,0.52,firm-level-complaints-data-2025-h1.xlsx
2025H1,Lloyds Bank PLC,LLOYDS BANKING GROUP PLC,no,Investments,46.0,40.0,0.125,0.75,0.275,0.17,firm-level-complaints-data-2025-h1.xlsx
2025H1,London And Country Mortgages LTD,NO GROUP,no,Home finance,585.0,574.0,0.2404,0.7596,0.6882,,firm-level-complaints-data-2025-h1.xlsx
2025H1,London And Country Mortgages LTD,NO GROUP,no,Insurance & pure protection,48.0,46.0,0.1522,0.8478,0.5217,,firm-level-complaints-data-2025-h1.xlsx
2025H1,M & G Securities Limited,M&G PLC,no,Investments,738.0,734.0,0.2929,0.6853,0.5477,,firm-level-complaints-data-2025-h1.xlsx
2025H1,MBNA Limited,LLOYDS BANKING GROUP PLC,no,Banking and credit cards,9487.0,9578.0,0.5894,0.3839,0.5314,3.47,firm-level-complaints-data-2025-h1.xlsx
2025H1,MBNA Limited,LLOYDS BANKING GROUP PLC,no,Decumulation & pensions,0.0,0.0,,,,,firm-level-complaints-data-2025-h1.xlsx
2025H1,MBNA Limited,LLOYDS BANKING GROUP PLC,no,Home finance,0.0,0.0,,,,,firm-level-complaints-data-2025-h1.xlsx
2025H1,MBNA Limited,LLOYDS BANKING GROUP PLC,no,Insurance & pure protection,8.0,8.0,0.75,0.25,0.0,0.35,firm-level-complaints-data-2025-h1.xlsx
2025H1,MBNA Limited,LLOYDS BANKING GROUP PLC,no,Investments,0.0,0.0,,,,,firm-level-complaints-data-2025-h1.xlsx
2025H1,Manypets LTD,NO GROUP,no,Insurance & pure protection,3709.0,3973.0,0.0121,0.6091,0.5817,12.78,firm-level-complaints-data-2025-h1.xlsx
2025H1,Marks & Spencer Financial Services PLC,HSBC HOLDINGS PLC,no,Banking and credit cards,7097.0,7224.0,0.7835,0.2143,0.6744,2.77,firm-level-complaints-data-2025-h1.xlsx
2025H1,Marks & Spencer Financial Services PLC,HSBC HOLDINGS PLC,no,Decumulation & pensions,0.0,0.0,,,,,firm-level-complaints-data-2025-h1.xlsx
2025H1,Marks & Spencer Financial Services PLC,HSBC HOLDINGS PLC,no,Home finance,0.0,0.0,,,,,firm-level-complaints-data-2025-h1.xlsx
2025H1,Marks & Spencer Financial Services PLC,HSBC HOLDINGS PLC,no,Insurance & pure protection,100.0,97.0,0.5773,0.4227,0.5876,0.13,firm-level-complaints-data-2025-h1.xlsx
2025H1,Marks & Spencer Financial Services PLC,HSBC HOLDINGS PLC,no,Investments,0.0,0.0,,,,,firm-level-complaints-data-2025-h1.xlsx
2025H1,Marshmallow Financial Services LTD,NO GROUP,yes,Insurance & pure protection,5700.0,5656.0,0.2329,0.6855,0.4303,21.16,firm-level-complaints-data-2025-h1.xlsx
2025H1,Metlife Europe D.a.c.,NO GROUP,no,Insurance & pure protection,808.0,743.0,0.1036,0.7887,0.5437,1.78,firm-level-complaints-data-2025-h1.xlsx
2025H1,Metro Bank PLC,METRO BANK PLC,no,Banking and credit cards,9473.0,9789.0,0.3795,0.6179,0.4502,3.45,firm-level-complaints-data-2025-h1.xlsx
2025H1,Metro Bank PLC,METRO BANK PLC,no,Home finance,201.0,218.0,0.3349,0.6606,0.7156,10.77,firm-level-complaints-data-2025-h1.xlsx
2025H1,Millennium Insurance Company Limited,NO GROUP,no,Insurance & pure protection,759.0,714.0,0.4566,0.535,0.3515,0.91,firm-level-complaints-data-2025-h1.xlsx
2025H1,Monzo Bank LTD,MONZO BANK LIMITED,no,Banking and credit cards,34946.0,37486.0,0.2488,0.6736,0.3008,2.31,firm-level-complaints-data-2025-h1.xlsx
2025H1,Monzo Bank LTD,MONZO BANK LIMITED,no,Decumulation & pensions,30.0,25.0,0.04,0.88,0.44,1.34,firm-level-complaints-data-2025-h1.xlsx
2025H1,Monzo Bank LTD,MONZO BANK LIMITED,no,Investments,116.0,124.0,0.2742,0.6129,0.3145,0.24,firm-level-complaints-data-2025-h1.xlsx
2025H1,Moorcroft Debt Recovery Limited,NO GROUP,no,Banking and credit cards,468.0,421.0,0.1829,0.8171,0.3848,,firm-level-complaints-data-2025-h1.xlsx
2025H1,Motonovo Finance Limited,NO GROUP,no,Insurance & pure protection,22.0,23.0,0.0,0.8696,0.2609,,firm-level-complaints-data-2025-h1.xlsx
2025H1,Munich Re Digital Partners Limited,NO GROUP,no,Insurance & pure protection,3850.0,3482.0,0.593,0.4009,0.135,,firm-level-complaints-data-2025-h1.xlsx
2025H1,National House-building Council,NO GROUP,no,Insurance & pure protection,698.0,686.0,0.0204,0.9738,0.5262,0.48,firm-level-complaints-data-2025-h1.xlsx
2025H1,National Westminster Bank Public Limited Company,NATWEST GROUP,no,Banking and credit cards,87171.0,83986.0,0.504,0.4425,0.6064,2.81,firm-level-complaints-data-2025-h1.xlsx
2025H1,National Westminster Bank Public Limited Company,NATWEST GROUP,no,Decumulation & pensions,41.0,41.0,0.0,0.4634,0.6829,3.14,firm-level-complaints-data-2025-h1.xlsx
2025H1,National Westminster Bank Public Limited Company,NATWEST GROUP,no,Home finance,6580.0,6731.0,0.5803,0.3597,0.5537,5.7,firm-level-complaints-data-2025-h1.xlsx
2025H1,National Westminster Bank Public Limited Company,NATWEST GROUP,no,Insurance & pure protection,83.0,81.0,0.2099,0.7531,0.0494,,firm-level-complaints-data-2025-h1.xlsx
2025H1,National Westminster Bank Public Limited Company,NATWEST GROUP,no,Investments,245.0,246.0,0.0122,0.7561,0.7195,1.07,firm-level-complaints-data-2025-h1.xlsx
2025H1,Nationwide Building Society,NATIONWIDE BUILDING SOCIETY,no,Banking and credit cards,61048.0,60313.0,0.5369,0.4581,0.5116,1.92,firm-level-complaints-data-2025-h1.xlsx
2025H1,Nationwide Building Society,NATIONWIDE BUILDING SOCIETY,no,Decumulation & pensions,3.0,3.0,0.3333,0.6667,0.0,,firm-level-complaints-data-2025-h1.xlsx
2025H1,Nationwide Building Society,NATIONWIDE BUILDING SOCIETY,no,Home finance,4514.0,4519.0,0.3837,0.6054,0.5079,2.78,firm-level-complaints-data-2025-h1.xlsx
2025H1,Nationwide Building Society,NATIONWIDE BUILDING SOCIETY,no,Insurance & pure protection,168.0,166.0,0.3735,0.6265,0.3735,,firm-level-complaints-data-2025-h1.xlsx
2025H1,Nationwide Building Society,NATIONWIDE BUILDING SOCIETY,no,Investments,53.0,46.0,0.1087,0.8913,0.6739,,firm-level-complaints-data-2025-h1.xlsx
2025H1,Newcastle Building Society,NO GROUP,no,Banking and credit cards,498.0,479.0,0.5031,0.4969,0.7015,1.27,firm-level-complaints-data-2025-h1.xlsx
2025H1,Newcastle Building Society,NO GROUP,no,Decumulation & pensions,0.0,0.0,,,,0.0,firm-level-complaints-data-2025-h1.xlsx
2025H1,Newcastle Building Society,NO GROUP,no,Home finance,204.0,197.0,0.7107,0.2893,0.4112,5.25,firm-level-complaints-data-2025-h1.xlsx
2025H1,Newcastle Building Society,NO GROUP,no,Insurance & pure protection,1.0,1.0,0.0,1.0,0.0,,firm-level-complaints-data-2025-h1.xlsx
2025H1,Newcastle Building Society,NO GROUP,no,Investments,4.0,3.0,0.3333,0.6667,1.0,,firm-level-complaints-data-2025-h1.xlsx
2025H1,Northern Bank Limited,DANSKE BANK A/S,no,Banking and credit cards,1379.0,1374.0,0.4309,0.5684,0.3595,1.51,firm-level-complaints-data-2025-h1.xlsx
2025H1,Northern Bank Limited,DANSKE BANK A/S,no,Home finance,79.0,74.0,0.1486,0.8514,0.4595,2.18,firm-level-complaints-data-2025-h1.xlsx
2025H1,Northern Bank Limited,DANSKE BANK A/S,no,Insurance & pure protection,1.0,1.0,0.0,1.0,0.0,,firm-level-complaints-data-2025-h1.xlsx
2025H1,Nutmeg Saving And Investment Limited,NO GROUP,no,Decumulation & pensions,256.0,256.0,0.043,0.9492,0.668,10.22,firm-level-complaints-data-2025-h1.xlsx
2025H1,Nutmeg Saving And Investment Limited,NO GROUP,no,Investments,863.0,863.0,0.2341,0.7601,0.5666,2.94,firm-level-complaints-data-2025-h1.xlsx
2025H1,One Call Insurance Services Limited,NO GROUP,no,Insurance & pure protection,3098.0,3056.0,0.6695,0.3285,0.1574,2.18,firm-level-complaints-data-2025-h1.xlsx
2025H1,Onesavings Bank PLC,ONESAVINGS BANK PLC,no,Banking and credit cards,1778.0,1936.0,0.2195,0.6751,0.5351,3.69,firm-level-complaints-data-2025-h1.xlsx
2025H1,Onesavings Bank PLC,ONESAVINGS BANK PLC,no,Home finance,959.0,940.0,0.2989,0.5819,0.5138,15.79,firm-level-complaints-data-2025-h1.xlsx
2025H1,Ovo Home Services LTD,NO GROUP,no,Insurance & pure protection,2067.0,2269.0,0.1027,0.8854,0.7373,8.5,firm-level-complaints-data-2025-h1.xlsx
2025H1,Paragon Bank PLC,PARAGON BANKING GROUP PLC,yes,Banking and credit cards,640.0,687.0,0.3945,0.5953,0.5415,1.45,firm-level-complaints-data-2025-h1.xlsx
2025H1,Paragon Bank PLC,PARAGON BANKING GROUP PLC,yes,Home finance,238.0,241.0,0.2324,0.6888,0.473,3.04,firm-level-complaints-data-2025-h1.xlsx
2025H1,Paragon Bank PLC,PARAGON BANKING GROUP PLC,yes,Insurance & pure protection,2.0,2.0,0.0,1.0,0.0,,firm-level-complaints-data-2025-h1.xlsx
2025H1,People's Administration Services Limited,NO GROUP,no,Decumulation & pensions,6548.0,6548.0,0.0301,0.9411,0.5312,0.88,firm-level-complaints-data-2025-h1.xlsx
2025H1,Pepper (uk) Limited,PEPPER FINANCIAL SERVICES GROUP,no,Home finance,680.0,621.0,0.1723,0.8196,0.4283,31.25,firm-level-complaints-data-2025-h1.xlsx
2025H1,Phoenix Life Ca Limited,PHOENIX GROUP,no,Decumulation & pensions,623.0,599.0,0.1669,0.8063,0.571,1.99,firm-level-complaints-data-2025-h1.xlsx
2025H1,Phoenix Life Ca Limited,PHOENIX GROUP,no,Insurance & pure protection,396.0,295.0,0.1695,0.7966,0.6203,5.94,firm-level-complaints-data-2025-h1.xlsx
2025H1,Phoenix Life Ca Limited,PHOENIX GROUP,no,Investments,75.0,75.0,0.1867,0.7867,0.64,9.95,firm-level-complaints-data-2025-h1.xlsx
2025H1,Phoenix Life Limited,PHOENIX GROUP,no,Decumulation & pensions,11963.0,11861.0,0.3862,0.5061,0.7544,2.0,firm-level-complaints-data-2025-h1.xlsx
2025H1,Phoenix Life Limited,PHOENIX GROUP,no,Home finance,6.0,3.0,0.3333,0.6667,0.0,39.22,firm-level-complaints-data-2025-h1.xlsx
2025H1,Phoenix Life Limited,PHOENIX GROUP,no,Insurance & pure protection,3321.0,3280.0,0.3265,0.5503,0.7485,1.79,firm-level-complaints-data-2025-h1.xlsx
2025H1,Phoenix Life Limited,PHOENIX GROUP,no,Investments,885.0,912.0,0.2862,0.5241,0.7961,4.11,firm-level-complaints-data-2025-h1.xlsx
2025H1,Pinnacle Insurance Limited,NO GROUP,no,Insurance & pure protection,2817.0,2901.0,0.5653,0.4333,0.2951,3.85,firm-level-complaints-data-2025-h1.xlsx
2025H1,Principality Building Society,PRINCIPALITY BUILDING SOCIETY,no,Banking and credit cards,807.0,842.0,0.4751,0.5095,0.5986,1.1,firm-level-complaints-data-2025-h1.xlsx
2025H1,Principality Building Society,PRINCIPALITY BUILDING SOCIETY,no,Home finance,383.0,387.0,0.4677,0.5194,0.4419,3.84,firm-level-complaints-data-2025-h1.xlsx
2025H1,Principality Building Society,PRINCIPALITY BUILDING SOCIETY,no,Insurance & pure protection,2.0,2.0,0.5,0.5,0.0,,firm-level-complaints-data-2025-h1.xlsx
2025H1,Principality Building Society,PRINCIPALITY BUILDING SOCIETY,no,Investments,0.0,0.0,,,,,firm-level-complaints-data-2025-h1.xlsx
2025H1,Qbe UK Limited,QBE INSURANCE GROUP,no,Insurance & pure protection,976.0,941.0,0.1594,0.6897,0.3996,4.93,firm-level-complaints-data-2025-h1.xlsx
2025H1,Qmetric Group Limited,NO GROUP,no,Insurance & pure protection,4122.0,3613.0,0.2928,0.669,0.4453,,firm-level-complaints-data-2025-h1.xlsx
2025H1,Quilter Financial Services Limited,NO GROUP,no,Decumulation & pensions,646.0,681.0,0.0,0.9956,0.2922,,firm-level-complaints-data-2025-h1.xlsx
2025H1,Quilter Financial Services Limited,NO GROUP,no,Home finance,1.0,2.0,0.0,1.0,0.0,,firm-level-complaints-data-2025-h1.xlsx
2025H1,Quilter Financial Services Limited,NO GROUP,no,Insurance & pure protection,5.0,6.0,0.0,1.0,0.5,,firm-level-complaints-data-2025-h1.xlsx
2025H1,Quilter Financial Services Limited,NO GROUP,no,Investments,313.0,311.0,0.0,1.0,0.3248,,firm-level-complaints-data-2025-h1.xlsx
2025H1,Quilter Life & Pensions Limited,QUILTER GROUP,no,Decumulation & pensions,575.0,499.0,0.012,0.988,0.6693,2.18,firm-level-complaints-data-2025-h1.xlsx
2025H1,Quilter Life & Pensions Limited,QUILTER GROUP,no,Investments,134.0,109.0,0.0092,0.9908,0.7431,2.7,firm-level-complaints-data-2025-h1.xlsx
2025H1,RBS Collective Investment Funds Limited,NO GROUP,no,Investments,2028.0,2006.0,0.4711,0.515,0.2408,3.48,firm-level-complaints-data-2025-h1.xlsx
2025H1,Rac Financial Services Limited,NO GROUP,yes,Insurance & pure protection,8793.0,8756.0,0.5614,0.4357,0.3007,0.75,firm-level-complaints-data-2025-h1.xlsx
2025H1,Reassure Life Limited,PHOENIX GROUP,no,Decumulation & pensions,195.0,193.0,0.3212,0.6062,0.9119,4.06,firm-level-complaints-data-2025-h1.xlsx
2025H1,Reassure Life Limited,PHOENIX GROUP,no,Insurance & pure protection,335.0,339.0,0.3068,0.59,0.8673,7.71,firm-level-complaints-data-2025-h1.xlsx
2025H1,Reassure Life Limited,PHOENIX GROUP,no,Investments,139.0,147.0,0.3605,0.5034,0.898,5.95,firm-level-complaints-data-2025-h1.xlsx
2025H1,Reassure Limited,PHOENIX GROUP,no,Decumulation & pensions,3646.0,3625.0,0.379,0.5274,0.8637,2.18,firm-level-complaints-data-2025-h1.xlsx
2025H1,Reassure Limited,PHOENIX GROUP,no,Home finance,1.0,1.0,0.0,1.0,0.0,3.97,firm-level-complaints-data-2025-h1.xlsx
2025H1,Reassure Limited,PHOENIX GROUP,no,Insurance & pure protection,597.0,572.0,0.3566,0.5122,0.7045,2.87,firm-level-complaints-data-2025-h1.xlsx
2025H1,Reassure Limited,PHOENIX GROUP,no,Investments,503.0,491.0,0.4542,0.4745,0.8106,3.4,firm-level-complaints-data-2025-h1.xlsx
2025H1,Reassured LTD,NO GROUP,no,Insurance & pure protection,556.0,558.0,0.629,0.371,0.4391,,firm-level-complaints-data-2025-h1.xlsx
2025H1,Rothesay Life PLC,NO GROUP,no,Decumulation & pensions,725.0,726.0,0.1749,0.8251,0.3044,1.38,firm-level-complaints-data-2025-h1.xlsx
2025H1,Sabre Insurance Company Limited,SABRE INSURANCE GROUP PLC,no,Insurance & pure protection,590.0,588.0,0.6905,0.3044,0.3827,2.38,firm-level-complaints-data-2025-h1.xlsx
2025H1,Saga Services Limited,SAGA PLC,no,Insurance & pure protection,8353.0,8421.0,0.7269,0.2642,0.5269,6.37,firm-level-complaints-data-2025-h1.xlsx
2025H1,Sainsbury's Bank PLC,J SAINSBURY PLC,no,Banking and credit cards,2808.0,2830.0,0.4597,0.5166,0.4866,2.81,firm-level-complaints-data-2025-h1.xlsx
2025H1,Sainsbury's Bank PLC,J SAINSBURY PLC,no,Insurance & pure protection,860.0,848.0,0.1509,0.8455,0.4953,3.09,firm-level-complaints-data-2025-h1.xlsx
2025H1,Santander UK PLC,SANTANDER UK GROUP,no,Banking and credit cards,57110.0,55350.0,0.4263,0.5586,0.473,2.34,firm-level-complaints-data-2025-h1.xlsx
2025H1,Santander UK PLC,SANTANDER UK GROUP,no,Decumulation & pensions,27.0,20.0,,0.55,0.8,,firm-level-complaints-data-2025-h1.xlsx
2025H1,Santander UK PLC,SANTANDER UK GROUP,no,Home finance,5040.0,4896.0,0.5413,0.4565,0.6172,4.77,firm-level-complaints-data-2025-h1.xlsx
2025H1,Santander UK PLC,SANTANDER UK GROUP,no,Insurance & pure protection,131.0,126.0,0.3095,0.6111,0.2619,0.35,firm-level-complaints-data-2025-h1.xlsx
2025H1,Santander UK PLC,SANTANDER UK GROUP,no,Investments,78.0,71.0,0.2394,0.6338,0.5352,0.36,firm-level-complaints-data-2025-h1.xlsx
2025H1,Scottish Equitable PLC,AEGON N.V.,no,Decumulation & pensions,7562.0,6340.0,0.2442,0.5363,0.6457,2.38,firm-level-complaints-data-2025-h1.xlsx
2025H1,Scottish Equitable PLC,AEGON N.V.,no,Insurance & pure protection,10.0,7.0,0.2857,0.2857,0.4286,2.58,firm-level-complaints-data-2025-h1.xlsx
2025H1,Scottish Equitable PLC,AEGON N.V.,no,Investments,329.0,301.0,0.1894,0.4252,0.9003,20.98,firm-level-complaints-data-2025-h1.xlsx
2025H1,Scottish Friendly Assurance Society Limited,NO GROUP,no,Decumulation & pensions,445.0,406.0,0.1133,0.8793,0.8596,4.99,firm-level-complaints-data-2025-h1.xlsx
2025H1,Scottish Friendly Assurance Society Limited,NO GROUP,no,Insurance & pure protection,407.0,407.0,0.1278,0.8501,0.5061,0.4,firm-level-complaints-data-2025-h1.xlsx
2025H1,Scottish Friendly Assurance Society Limited,NO GROUP,no,Investments,813.0,812.0,0.1404,0.8584,0.8153,4.21,firm-level-complaints-data-2025-h1.xlsx
2025H1,Scottish Widows Limited,LLOYDS BANKING GROUP PLC,no,Banking and credit cards,0.0,0.0,,,,,firm-level-complaints-data-2025-h1.xlsx
2025H1,Scottish Widows Limited,LLOYDS BANKING GROUP PLC,no,Decumulation & pensions,7493.0,8104.0,0.1459,0.7182,0.8833,1.43,firm-level-complaints-data-2025-h1.xlsx
2025H1,Scottish Widows Limited,LLOYDS BANKING GROUP PLC,no,Home finance,0.0,0.0,,,,,firm-level-complaints-data-2025-h1.xlsx
2025H1,Scottish Widows Limited,LLOYDS BANKING GROUP PLC,no,Insurance & pure protection,1413.0,1485.0,0.1852,0.7037,0.7764,1.24,firm-level-complaints-data-2025-h1.xlsx
2025H1,Scottish Widows Limited,LLOYDS BANKING GROUP PLC,no,Investments,1940.0,2209.0,0.1498,0.7089,0.9199,10.63,firm-level-complaints-data-2025-h1.xlsx
2025H1,Scottish Widows Unit Trust Managers Limited,LLOYDS BANKING GROUP PLC,no,Banking and credit cards,0.0,0.0,,,,,firm-level-complaints-data-2025-h1.xlsx
2025H1,Scottish Widows Unit Trust Managers Limited,LLOYDS BANKING GROUP PLC,no,Decumulation & pensions,0.0,0.0,,,,,firm-level-complaints-data-2025-h1.xlsx
2025H1,Scottish Widows Unit Trust Managers Limited,LLOYDS BANKING GROUP PLC,no,Home finance,0.0,0.0,,,,,firm-level-complaints-data-2025-h1.xlsx
2025H1,Scottish Widows Unit Trust Managers Limited,LLOYDS BANKING GROUP PLC,no,Insurance & pure protection,0.0,0.0,,,,,firm-level-complaints-data-2025-h1.xlsx
2025H1,Scottish Widows Unit Trust Managers Limited,LLOYDS BANKING GROUP PLC,no,Investments,536.0,572.0,0.4073,0.5507,0.7885,1.76,firm-level-complaints-data-2025-h1.xlsx
2025H1,Secure Trust Bank Public Limited Company,NO GROUP,no,Banking and credit cards,399.0,451.0,0.1086,0.8758,0.4124,,firm-level-complaints-data-2025-h1.xlsx
2025H1,Secure Trust Bank Public Limited Company,NO GROUP,no,Home finance,3.0,2.0,,,,,firm-level-complaints-data-2025-h1.xlsx
2025H1,Shawbrook Bank Limited,SHAWBROOK GROUP PLC,no,Banking and credit cards,1063.0,998.0,0.4609,0.5331,0.6022,2.44,firm-level-complaints-data-2025-h1.xlsx
2025H1,Shawbrook Bank Limited,SHAWBROOK GROUP PLC,no,Home finance,479.0,472.0,0.1547,0.7966,0.5763,22.03,firm-level-complaints-data-2025-h1.xlsx
2025H1,Shop Direct Finance Company Limited,THE VERY GROUP,no,Insurance & pure protection,394.0,356.0,0.0056,0.9494,0.6545,,firm-level-complaints-data-2025-h1.xlsx
2025H1,Simplyhealth Access,SIMPLYHEALTH GROUP LIMITED,no,Insurance & pure protection,2222.0,2207.0,0.2646,0.7322,0.314,0.99,firm-level-complaints-data-2025-h1.xlsx
2025H1,Skipton Building Society,SKIPTON BUILDING SOCIETY,no,Banking and credit cards,4282.0,4413.0,0.3456,0.5663,0.8101,2.81,firm-level-complaints-data-2025-h1.xlsx
2025H1,Skipton Building Society,SKIPTON BUILDING SOCIETY,no,Decumulation & pensions,49.0,47.0,,1.0,0.617,,firm-level-complaints-data-2025-h1.xlsx
2025H1,Skipton Building Society,SKIPTON BUILDING SOCIETY,no,Home finance,593.0,611.0,0.455,0.5352,0.7218,2.84,firm-level-complaints-data-2025-h1.xlsx
2025H1,Skipton Building Society,SKIPTON BUILDING SOCIETY,no,Insurance & pure protection,5.0,5.0,1.0,,0.8,,firm-level-complaints-data-2025-h1.xlsx
2025H1,Skipton Building Society,SKIPTON BUILDING SOCIETY,no,Investments,97.0,100.0,0.11,0.82,0.66,,firm-level-complaints-data-2025-h1.xlsx
2025H1,Society Of Lloyd's,SOCIETY OF LLOYD'S,no,Insurance & pure protection,4972.0,4858.0,0.3361,0.6375,0.4341,0.61,firm-level-complaints-data-2025-h1.xlsx
2025H1,Somerset Bridge Insurance Services Limited,NO GROUP,no,Insurance & pure protection,1403.0,1372.0,0.6144,0.3834,0.3673,,firm-level-complaints-data-2025-h1.xlsx
2025H1,St. James's Place UK PLC,NO GROUP,no,Decumulation & pensions,562.0,599.0,0.0184,0.9082,0.6711,0.92,firm-level-complaints-data-2025-h1.xlsx
2025H1,St. James's Place UK PLC,NO GROUP,no,Insurance & pure protection,5.0,5.0,0.0,0.6,0.6,0.55,firm-level-complaints-data-2025-h1.xlsx
2025H1,St. James's Place UK PLC,NO GROUP,no,Investments,200.0,209.0,0.0383,0.8373,0.7321,1.01,firm-level-complaints-data-2025-h1.xlsx
2025H1,St. James's Place Wealth Management PLC,ST. JAMES'S PLACE PLC,no,Banking and credit cards,2.0,1.0,0.0,0.0,0.0,,firm-level-complaints-data-2025-h1.xlsx
2025H1,St. James's Place Wealth Management PLC,ST. JAMES'S PLACE PLC,no,Decumulation & pensions,2996.0,6248.0,0.0019,0.1432,0.5238,,firm-level-complaints-data-2025-h1.xlsx
2025H1,St. James's Place Wealth Management PLC,ST. JAMES'S PLACE PLC,no,Home finance,16.0,28.0,0.0,0.0357,0.25,,firm-level-complaints-data-2025-h1.xlsx
2025H1,St. James's Place Wealth Management PLC,ST. JAMES'S PLACE PLC,no,Insurance & pure protection,145.0,216.0,0.0,0.0324,0.0926,,firm-level-complaints-data-2025-h1.xlsx
2025H1,St. James's Place Wealth Management PLC,ST. JAMES'S PLACE PLC,no,Investments,2352.0,5027.0,0.0014,0.1219,0.5377,,firm-level-complaints-data-2025-h1.xlsx
2025H1,Starling Bank Limited,NO GROUP,no,Banking and credit cards,20833.0,21949.0,0.1816,0.8174,0.3679,4.52,firm-level-complaints-data-2025-h1.xlsx
2025H1,Starr International (europe) Limited,"STARR INTERNATIONAL COMPANY, INC.",no,Insurance & pure protection,1326.0,1297.0,0.0894,0.9021,0.3755,4.31,firm-level-complaints-data-2025-h1.xlsx
2025H1,Swift 1st Limited,NO GROUP,no,Home finance,867.0,845.0,0.6095,0.3905,0.1101,137.27,firm-level-complaints-data-2025-h1.xlsx
2025H1,TSB Bank PLC,BANCO DE SABADELL SA,no,Banking and credit cards,28085.0,29105.0,0.5674,0.4101,0.5568,3.07,firm-level-complaints-data-2025-h1.xlsx
2025H1,TSB Bank PLC,BANCO DE SABADELL SA,no,Home finance,1614.0,1611.0,0.5531,0.4364,0.5313,6.6,firm-level-complaints-data-2025-h1.xlsx
2025H1,TSB Bank PLC,BANCO DE SABADELL SA,no,Insurance & pure protection,23.0,25.0,0.64,0.2,0.52,,firm-level-complaints-data-2025-h1.xlsx
2025H1,Telefonica Seguros Y Reaseguros Compania Aseguradora S.a.u.,NO GROUP,no,Insurance & pure protection,3103.0,3284.0,0.2506,0.7421,0.5792,4.27,firm-level-complaints-data-2025-h1.xlsx
2025H1,Telefonica UK Limited,NO GROUP,no,Insurance & pure protection,416.0,401.0,0.5761,0.3815,0.9676,,firm-level-complaints-data-2025-h1.xlsx
2025H1,Tesco Personal Finance Limited,NO GROUP,no,Insurance & pure protection,4180.0,4184.0,0.4665,0.533,0.365,2.36,firm-level-complaints-data-2025-h1.xlsx
2025H1,Tesco Underwriting Limited,TESCO BANK (TESCO PLC),no,Insurance & pure protection,2550.0,2462.0,0.2409,0.6621,0.5418,1.42,firm-level-complaints-data-2025-h1.xlsx
2025H1,The Co-operative Bank PLC,CO-OPERATIVE BANK HOLDINGS (THE),no,Banking and credit cards,9034.0,9244.0,0.7175,0.2433,0.6765,2.62,firm-level-complaints-data-2025-h1.xlsx
2025H1,The Co-operative Bank PLC,CO-OPERATIVE BANK HOLDINGS (THE),no,Decumulation & pensions,0.0,1.0,0.0,0.0,0.0,,firm-level-complaints-data-2025-h1.xlsx
2025H1,The Co-operative Bank PLC,CO-OPERATIVE BANK HOLDINGS (THE),no,Home finance,1507.0,1609.0,0.3592,0.6314,0.6215,11.13,firm-level-complaints-data-2025-h1.xlsx
2025H1,The Co-operative Bank PLC,CO-OPERATIVE BANK HOLDINGS (THE),no,Insurance & pure protection,1.0,1.0,0.0,0.0,1.0,,firm-level-complaints-data-2025-h1.xlsx
2025H1,The Co-operative Bank PLC,CO-OPERATIVE BANK HOLDINGS (THE),no,Investments,0.0,0.0,,,,,firm-level-complaints-data-2025-h1.xlsx
2025H1,The Mortgage Works (uk) PLC,NATIONWIDE BUILDING SOCIETY,no,Home finance,1463.0,1637.0,0.2535,0.7324,0.5217,5.07,firm-level-complaints-data-2025-h1.xlsx
2025H1,The National Farmers' Union Mutual Insurance Society Limited,NFU MUTUAL INSURANCE SOCIETY LIMITED,yes,Decumulation & pensions,104.0,103.0,0.0097,0.9903,0.4757,0.98,firm-level-complaints-data-2025-h1.xlsx
2025H1,The National Farmers' Union Mutual Insurance Society Limited,NFU MUTUAL INSURANCE SOCIETY LIMITED,yes,Insurance & pure protection,5252.0,5311.0,0.3958,0.5654,0.6298,2.93,firm-level-complaints-data-2025-h1.xlsx
2025H1,The National Farmers' Union Mutual Insurance Society Limited,NFU MUTUAL INSURANCE SOCIETY LIMITED,yes,Investments,56.0,56.0,0.0357,0.9643,0.4821,0.86,firm-level-complaints-data-2025-h1.xlsx
2025H1,The Prudential Assurance Company Limited,M&G PLC,yes,Decumulation & pensions,6193.0,5697.0,0.0841,0.799,0.8001,2.66,firm-level-complaints-data-2025-h1.xlsx
2025H1,The Prudential Assurance Company Limited,M&G PLC,yes,Home finance,38.0,34.0,0.0294,0.5588,0.3824,5.38,firm-level-complaints-data-2025-h1.xlsx
2025H1,The Prudential Assurance Company Limited,M&G PLC,yes,Insurance & pure protection,718.0,661.0,0.0393,0.8638,0.8351,0.46,firm-level-complaints-data-2025-h1.xlsx
2025H1,The Prudential Assurance Company Limited,M&G PLC,yes,Investments,2525.0,2463.0,0.0735,0.8193,0.8599,4.1,firm-level-complaints-data-2025-h1.xlsx
2025H1,The Royal Bank Of Scotland PLC,NATWEST GROUP,no,Banking and credit cards,18642.0,17936.0,0.4829,0.4579,0.6204,2.84,firm-level-complaints-data-2025-h1.xlsx
2025H1,The Royal Bank Of Scotland PLC,NATWEST GROUP,no,Decumulation & pensions,8.0,7.0,0.0,0.2857,0.8571,1.96,firm-level-complaints-data-2025-h1.xlsx
2025H1,The Royal Bank Of Scotland PLC,NATWEST GROUP,no,Home finance,1287.0,1359.0,0.4481,0.4386,0.5188,10.57,firm-level-complaints-data-2025-h1.xlsx
2025H1,The Royal Bank Of Scotland PLC,NATWEST GROUP,no,Insurance & pure protection,21.0,24.0,0.1667,0.75,0.125,,firm-level-complaints-data-2025-h1.xlsx
2025H1,The Royal Bank Of Scotland PLC,NATWEST GROUP,no,Investments,61.0,64.0,0.0313,0.7031,0.7344,0.99,firm-level-complaints-data-2025-h1.xlsx
2025H1,The Royal London Mutual Insurance Society Limited,ROYAL LONDON GROUP,no,Decumulation & pensions,6087.0,5655.0,0.2808,0.6419,0.6672,1.66,firm-level-complaints-data-2025-h1.xlsx
2025H1,The Royal London Mutual Insurance Society Limited,ROYAL LONDON GROUP,no,Insurance & pure protection,2152.0,2032.0,0.3105,0.6388,0.5207,0.58,firm-level-complaints-data-2025-h1.xlsx
2025H1,The Royal London Mutual Insurance Society Limited,ROYAL LONDON GROUP,no,Investments,198.0,185.0,0.3405,0.6324,0.6108,0.29,firm-level-complaints-data-2025-h1.xlsx
2025H1,Topaz Finance Limited,NO GROUP,no,Home finance,2301.0,2209.0,0.3997,0.5731,0.3495,19.83,firm-level-complaints-data-2025-h1.xlsx
2025H1,Tradex Insurance Company PLC,NO GROUP,no,Insurance & pure protection,3465.0,3137.0,0.4772,0.5021,0.6522,1.53,firm-level-complaints-data-2025-h1.xlsx
2025H1,Trading 212 UK Limited,NO GROUP,no,Banking and credit cards,610.0,666.0,0.542,0.458,0.2132,0.84,firm-level-complaints-data-2025-h1.xlsx
2025H1,Trading 212 UK Limited,NO GROUP,no,Investments,1014.0,1179.0,0.5225,0.4775,0.1552,0.39,firm-level-complaints-data-2025-h1.xlsx
2025H1,U K Insurance Limited,DIRECT LINE INSURANCE GROUP PLC,no,Insurance & pure protection,42802.0,44506.0,0.3636,0.5844,0.6866,5.12,firm-level-complaints-data-2025-h1.xlsx
2025H1,U.s. Bank Europe Dac,NO GROUP,no,Banking and credit cards,1732.0,1686.0,0.2888,0.704,0.2017,20.32,firm-level-complaints-data-2025-h1.xlsx
2025H1,UK Mortgage Lending LTD,NO GROUP,no,Home finance,705.0,676.0,0.3846,0.5976,0.5104,13.21,firm-level-complaints-data-2025-h1.xlsx
2025H1,Usay Business LTD,NO GROUP,no,Insurance & pure protection,666.0,737.0,0.0217,0.9769,0.2252,,firm-level-complaints-data-2025-h1.xlsx
2025H1,Utility Warehouse Limited,NO GROUP,no,Insurance & pure protection,3996.0,3717.0,0.767,0.1593,0.2548,19.88,firm-level-complaints-data-2025-h1.xlsx
2025H1,"Vanguard Asset Management, Ltd.",NO GROUP,no,Decumulation & pensions,686.0,737.0,0.1262,0.4301,0.6798,4.26,firm-level-complaints-data-2025-h1.xlsx
2025H1,"Vanguard Asset Management, Ltd.",NO GROUP,no,Investments,1766.0,1779.0,0.1951,0.4862,0.6031,2.16,firm-level-complaints-data-2025-h1.xlsx
2025H1,Vanquis Bank Limited,PROVIDENT FINANCIAL PLC,no,Banking and credit cards,22086.0,23062.0,0.115,0.8484,0.1654,16.32,firm-level-complaints-data-2025-h1.xlsx
2025H1,Virgin Money Unit Trust Managers LTD,NO GROUP,no,Decumulation & pensions,381.0,457.0,0.0875,0.9081,0.8315,5.64,firm-level-complaints-data-2025-h1.xlsx
2025H1,Virgin Money Unit Trust Managers LTD,NO GROUP,no,Investments,529.0,586.0,0.0956,0.9027,0.8584,6.15,firm-level-complaints-data-2025-h1.xlsx
2025H1,Vitality Corporate Services Limited,DISCOVERY LIMITED,yes,Insurance & pure protection,10069.0,9711.0,0.4977,0.4469,0.5321,,firm-level-complaints-data-2025-h1.xlsx
2025H1,Vodafone Limited,NO GROUP,no,Insurance & pure protection,225.0,226.0,0.6681,0.3319,0.5044,0.66,firm-level-complaints-data-2025-h1.xlsx
2025H1,Volkswagen Financial Services (uk) Limited,NO GROUP,no,Insurance & pure protection,35.0,40.0,0.025,0.625,0.0,,firm-level-complaints-data-2025-h1.xlsx
2025H1,Wesleyan Assurance Society,NO GROUP,no,Decumulation & pensions,392.0,371.0,0.3827,0.5957,0.9272,4.75,firm-level-complaints-data-2025-h1.xlsx
2025H1,Wesleyan Assurance Society,NO GROUP,no,Insurance & pure protection,122.0,122.0,0.5,0.4754,0.8033,0.16,firm-level-complaints-data-2025-h1.xlsx
2025H1,Wesleyan Assurance Society,NO GROUP,no,Investments,261.0,269.0,0.3903,0.5911,0.8885,4.39,firm-level-complaints-data-2025-h1.xlsx
2025H1,West Bay Insurance PLC,NO GROUP,no,Insurance & pure protection,751.0,693.0,0.3608,0.5887,0.6623,39526.32,firm-level-complaints-data-2025-h1.xlsx
2025H1,Xbridge Limited,NO GROUP,no,Insurance & pure protection,1186.0,1216.0,0.1563,0.8421,0.4597,,firm-level-complaints-data-2025-h1.xlsx
2025H1,Yorkshire Building Society,YORKSHIRE BUILDING SOCIETY,no,Banking and credit cards,2271.0,2251.0,0.3452,0.653,0.7868,0.65,firm-level-complaints-data-2025-h1.xlsx
2025H1,Yorkshire Building Society,YORKSHIRE BUILDING SOCIETY,no,Decumulation & pensions,1.0,1.0,0.0,1.0,0.0,,firm-level-complaints-data-2025-h1.xlsx
2025H1,Yorkshire Building Society,YORKSHIRE BUILDING SOCIETY,no,Home finance,578.0,552.0,0.2355,0.7409,0.6703,8.51,firm-level-complaints-data-2025-h1.xlsx
2025H1,Yorkshire Building Society,YORKSHIRE BUILDING SOCIETY,no,Insurance & pure protection,19.0,19.0,0.2632,0.7368,0.3684,0.72,firm-level-complaints-data-2025-h1.xlsx
2025H1,Zempler Bank Limited,NO GROUP,no,Banking and credit cards,1507.0,1456.0,0.2054,0.7946,0.4402,2.92,firm-level-complaints-data-2025-h1.xlsx
2025H1,Zopa Bank Limited,NO GROUP,no,Banking and credit cards,4637.0,4251.0,0.3357,0.6601,0.3999,4.06,firm-level-complaints-data-2025-h1.xlsx
2025H1,Zurich Assurance LTD,ZURICH INSURANCE GROUP AG,no,Banking and credit cards,0.0,0.0,,,,,firm-level-complaints-data-2025-h1.xlsx
2025H1,Zurich Assurance LTD,ZURICH INSURANCE GROUP AG,no,Decumulation & pensions,949.0,1008.0,0.248,0.7401,0.3651,3.25,firm-level-complaints-data-2025-h1.xlsx
2025H1,Zurich Assurance LTD,ZURICH INSURANCE GROUP AG,no,Home finance,0.0,0.0,,,,,firm-level-complaints-data-2025-h1.xlsx
2025H1,Zurich Assurance LTD,ZURICH INSURANCE GROUP AG,no,Insurance & pure protection,2230.0,2260.0,0.2071,0.7876,0.4575,0.73,firm-level-complaints-data-2025-h1.xlsx
2025H1,Zurich Assurance LTD,ZURICH INSURANCE GROUP AG,no,Investments,371.0,388.0,0.201,0.7938,0.4845,5.26,firm-level-complaints-data-2025-h1.xlsx
2025H1,Zurich Insurance Company LTD,ZURICH INSURANCE GROUP AG,no,Insurance & pure protection,2848.0,2914.0,0.1548,0.7598,0.559,,firm-level-complaints-data-2025-h1.xlsx
2025H2,Accord Mortgages Limited,YORKSHIRE BUILDING SOCIETY,no,Banking and credit cards,14.0,12.0,0.1667,0.8333,0.8333,1.44,firm-level-complaints-data-2025-h2.xlsx
2025H2,Accord Mortgages Limited,YORKSHIRE BUILDING SOCIETY,no,Home finance,936.0,899.0,0.2125,0.7675,0.6363,4.39,firm-level-complaints-data-2025-h2.xlsx
2025H2,Accredited Insurance (europe) LTD,ACCREDITED GROUP,no,Insurance & pure protection,4337.0,4046.0,0.2405,0.74,0.3764,1.57,firm-level-complaints-data-2025-h2.xlsx
2025H2,Acm Ulr Limited,MARKERSTUDY GROUP,no,Insurance & pure protection,636.0,669.0,0.1958,0.7608,0.5845,13.04,firm-level-complaints-data-2025-h2.xlsx
2025H2,Acorn Insurance And Financial Services Limited,ACORN GROUP,no,Insurance & pure protection,766.0,741.0,0.4278,0.5709,0.4723,1.15,firm-level-complaints-data-2025-h2.xlsx
2025H2,Acromas Insurance Company Limited,SAGA PLC,no,Insurance & pure protection,1840.0,1781.0,0.3307,0.6513,0.4975,0.69,firm-level-complaints-data-2025-h2.xlsx
2025H2,Admiral Financial Services Limited,ADMIRAL GROUP PLC,no,Home finance,16.0,14.0,0.4286,0.5714,0.8571,,firm-level-complaints-data-2025-h2.xlsx
2025H2,Adrian Flux Insurance Services Group,NO GROUP,no,Insurance & pure protection,2518.0,2500.0,0.94,0.0584,0.214,2.71,firm-level-complaints-data-2025-h2.xlsx
2025H2,Advisory Insurance Brokers Limited,ARDONAGH GROUP LIMITED,no,Insurance & pure protection,651.0,671.0,0.1684,0.766,0.6542,,firm-level-complaints-data-2025-h2.xlsx
2025H2,Ageas Insurance Limited,AGEAS SA-NV,no,Insurance & pure protection,4403.0,4463.0,0.2911,0.6458,0.5416,1.03,firm-level-complaints-data-2025-h2.xlsx
2025H2,Ageas Retail Limited,AGEAS SA-NV,no,Insurance & pure protection,909.0,888.0,0.4887,0.5079,0.5113,1.34,firm-level-complaints-data-2025-h2.xlsx
2025H2,Aioi Nissay Dowa Insurance UK Limited,AIOI NISSAY DOWA EUROPE LIMITED,yes,Insurance & pure protection,1554.0,1497.0,0.2692,0.7188,0.4676,5.07,firm-level-complaints-data-2025-h2.xlsx
2025H2,Aj Bell Management Limited,AJ BELL GROUP,no,Decumulation & pensions,1051.0,1043.0,0.3739,0.6242,0.534,3.81,firm-level-complaints-data-2025-h2.xlsx
2025H2,Aj Bell Securities Limited,AJ BELL GROUP,no,Banking and credit cards,44.0,44.0,0.5,0.5,0.6818,16.5,firm-level-complaints-data-2025-h2.xlsx
2025H2,Aj Bell Securities Limited,AJ BELL GROUP,no,Decumulation & pensions,316.0,303.0,0.3432,0.6568,0.4818,1.14,firm-level-complaints-data-2025-h2.xlsx
2025H2,Aj Bell Securities Limited,AJ BELL GROUP,no,Investments,1140.0,1127.0,0.3744,0.6247,0.5102,2.09,firm-level-complaints-data-2025-h2.xlsx
2025H2,Aldermore Bank PLC,FIRSTRAND LIMITED,no,Banking and credit cards,754.0,706.0,0.5085,0.4802,0.7082,1.69,firm-level-complaints-data-2025-h2.xlsx
2025H2,Aldermore Bank PLC,FIRSTRAND LIMITED,no,Home finance,691.0,656.0,0.2607,0.718,0.7058,13.31,firm-level-complaints-data-2025-h2.xlsx
2025H2,Allianz Insurance PLC,ALLIANZ GROUP,no,Insurance & pure protection,2908.0,2889.0,0.2288,0.7549,0.5725,0.56,firm-level-complaints-data-2025-h2.xlsx
2025H2,American Express Services Europe Limited,AMERICAN EXPRESS,no,Banking and credit cards,14708.0,14248.0,0.1829,0.81,0.3326,4.29,firm-level-complaints-data-2025-h2.xlsx
2025H2,American Express Services Europe Limited,AMERICAN EXPRESS,no,Insurance & pure protection,106.0,78.0,0.0128,0.9359,0.0897,0.03,firm-level-complaints-data-2025-h2.xlsx
2025H2,American International Group UK Limited,"AMERICAN INTERNATIONAL GROUP, INC. (AIG)",no,Insurance & pure protection,955.0,929.0,0.1808,0.8105,0.5318,0.2,firm-level-complaints-data-2025-h2.xlsx
2025H2,Amtrust Specialty Limited,AMTRUST INTERNATIONAL,no,Insurance & pure protection,1976.0,1994.0,0.0863,0.8325,0.5025,0.36,firm-level-complaints-data-2025-h2.xlsx
2025H2,Animal Friends Insurance Services Limited,NO GROUP,no,Insurance & pure protection,3482.0,3575.0,0.2078,0.791,0.5631,,firm-level-complaints-data-2025-h2.xlsx
2025H2,Antares Insurance Company Limited,QIC CAPITAL LLC,no,Insurance & pure protection,650.0,594.0,0.2222,0.7677,0.5152,3.29,firm-level-complaints-data-2025-h2.xlsx
2025H2,Arag Legal Expenses Insurance Company Limited,ARAG PLC,no,Insurance & pure protection,2976.0,2728.0,0.2427,0.7115,0.5326,0.31,firm-level-complaints-data-2025-h2.xlsx
2025H2,Arthur J. Gallagher Insurance Brokers Limited,GALLAGHER GROUP,yes,Insurance & pure protection,977.0,1004.0,0.3317,0.6474,0.6195,,firm-level-complaints-data-2025-h2.xlsx
2025H2,Ascent Performance Group Limited,not on previous list,no,Banking and credit cards,68.0,72.0,0.0833,0.9167,0.2778,10.1,firm-level-complaints-data-2025-h2.xlsx
2025H2,Ascent Performance Group Limited,not on previous list,no,Home finance,446.0,471.0,0.104,0.896,0.3057,38.9,firm-level-complaints-data-2025-h2.xlsx
2025H2,Assurant General Insurance Limited,ASSURANT INC,no,Insurance & pure protection,6731.0,6825.0,0.65,0.3408,0.4607,1.18,firm-level-complaints-data-2025-h2.xlsx
2025H2,Astrenska Insurance Limited,COLLINSON GROUP,no,Insurance & pure protection,2862.0,2483.0,0.1599,0.8099,0.561,0.52,firm-level-complaints-data-2025-h2.xlsx
2025H2,Asurion Europe Limited,ASURION,no,Insurance & pure protection,1566.0,1571.0,0.38,0.62,0.1719,2.24,firm-level-complaints-data-2025-h2.xlsx
2025H2,Atlanta Insurance Intermediaries Limited,MARKERSTUDY GROUP,no,Insurance & pure protection,8517.0,8470.0,0.7627,0.2351,0.4365,4.22,firm-level-complaints-data-2025-h2.xlsx
2025H2,Automobile Association Insurance Services Limited,AUTOMOBILE ASSOCIATION (AA),no,Insurance & pure protection,6657.0,6486.0,0.5681,0.3791,0.4172,,firm-level-complaints-data-2025-h2.xlsx
2025H2,Avantia Insurance Limited,AVANTIA GROUP,no,Insurance & pure protection,1100.0,1089.0,0.7971,0.202,0.3893,3.17,firm-level-complaints-data-2025-h2.xlsx
2025H2,Aviva Health UK Limited,AVIVA PLC,no,Insurance & pure protection,1236.0,1276.0,0.4937,0.4749,0.2704,,firm-level-complaints-data-2025-h2.xlsx
2025H2,Aviva Insurance Limited,AVIVA PLC,no,Insurance & pure protection,49795.0,50156.0,0.4349,0.5418,0.5627,2.72,firm-level-complaints-data-2025-h2.xlsx
2025H2,Aviva Life Services UK Limited,AVIVA PLC,no,Decumulation & pensions,17892.0,17930.0,0.2642,0.659,0.6841,2.11,firm-level-complaints-data-2025-h2.xlsx
2025H2,Aviva Life Services UK Limited,AVIVA PLC,no,Home finance,730.0,757.0,0.1572,0.745,0.4016,7.84,firm-level-complaints-data-2025-h2.xlsx
2025H2,Aviva Life Services UK Limited,AVIVA PLC,no,Insurance & pure protection,4523.0,4360.0,0.2255,0.6693,0.5883,1.22,firm-level-complaints-data-2025-h2.xlsx
2025H2,Aviva Life Services UK Limited,AVIVA PLC,no,Investments,2986.0,2955.0,0.2345,0.5834,0.7668,2.88,firm-level-complaints-data-2025-h2.xlsx
2025H2,Aviva Protection UK Limited,AVIVA PLC,no,Insurance & pure protection,760.0,698.0,0.1275,0.7264,0.4986,0.62,firm-level-complaints-data-2025-h2.xlsx
2025H2,Awp Assistance UK LTD,ALLIANZ GROUP,yes,Insurance & pure protection,3144.0,2981.0,0.1546,0.8407,0.797,0.63,firm-level-complaints-data-2025-h2.xlsx
2025H2,Awp P&c S.a.,ALLIANZ GROUP,yes,Insurance & pure protection,2042.0,1919.0,0.1073,0.8749,0.3585,0.41,firm-level-complaints-data-2025-h2.xlsx
2025H2,Axa Insurance Designated Activity Company,AXA GROUP,no,Insurance & pure protection,1817.0,1842.0,0.8447,0.1216,0.5684,7.52,firm-level-complaints-data-2025-h2.xlsx
2025H2,Axa Insurance UK PLC,AXA GROUP,no,Insurance & pure protection,16052.0,16159.0,0.3117,0.6344,0.5871,4.77,firm-level-complaints-data-2025-h2.xlsx
2025H2,Axa Ppp Healthcare Limited,AXA GROUP,no,Insurance & pure protection,19555.0,20666.0,0.5099,0.4749,0.546,12.25,firm-level-complaints-data-2025-h2.xlsx
2025H2,Bank Of Ireland (uk) PLC,BANK OF IRELAND GROUP,yes,Banking and credit cards,1734.0,1785.0,0.5064,0.4667,0.4448,1.85,firm-level-complaints-data-2025-h2.xlsx
2025H2,Bank Of Ireland (uk) PLC,BANK OF IRELAND GROUP,yes,Home finance,881.0,959.0,0.2909,0.6382,0.3003,9.88,firm-level-complaints-data-2025-h2.xlsx
2025H2,Bank Of Ireland (uk) PLC,BANK OF IRELAND GROUP,yes,Insurance & pure protection,26.0,23.0,,0.8696,,,firm-level-complaints-data-2025-h2.xlsx
2025H2,Bank Of Ireland (uk) PLC,BANK OF IRELAND GROUP,yes,Investments,2.0,2.0,0.5,0.5,,,firm-level-complaints-data-2025-h2.xlsx
2025H2,Bank Of Scotland PLC,LLOYDS BANKING GROUP PLC,no,Banking and credit cards,67071.0,64931.0,0.5744,0.2707,0.7015,1.91,firm-level-complaints-data-2025-h2.xlsx
2025H2,Bank Of Scotland PLC,LLOYDS BANKING GROUP PLC,no,Decumulation & pensions,13.0,10.0,0.0,0.6,0.3,0.1,firm-level-complaints-data-2025-h2.xlsx
2025H2,Bank Of Scotland PLC,LLOYDS BANKING GROUP PLC,no,Home finance,12223.0,11834.0,0.3852,0.5777,0.5735,5.96,firm-level-complaints-data-2025-h2.xlsx
2025H2,Bank Of Scotland PLC,LLOYDS BANKING GROUP PLC,no,Insurance & pure protection,171.0,172.0,0.2965,0.6686,0.2384,0.27,firm-level-complaints-data-2025-h2.xlsx
2025H2,Bank Of Scotland PLC,LLOYDS BANKING GROUP PLC,no,Investments,30.0,30.0,0.1,0.6333,0.3,0.25,firm-level-complaints-data-2025-h2.xlsx
2025H2,Barclays Bank PLC,BARCLAYS GROUP,no,Banking and credit cards,9293.0,10097.0,0.6906,0.2216,0.6019,7.92,firm-level-complaints-data-2025-h2.xlsx
2025H2,Barclays Bank PLC,BARCLAYS GROUP,no,Decumulation & pensions,66.0,67.0,0.2687,0.6866,0.6567,,firm-level-complaints-data-2025-h2.xlsx
2025H2,Barclays Bank PLC,BARCLAYS GROUP,no,Home finance,1.0,1.0,,1.0,1.0,1.15,firm-level-complaints-data-2025-h2.xlsx
2025H2,Barclays Bank PLC,BARCLAYS GROUP,no,Insurance & pure protection,1.0,1.0,,1.0,1.0,,firm-level-complaints-data-2025-h2.xlsx
2025H2,Barclays Bank PLC,BARCLAYS GROUP,no,Investments,1055.0,1189.0,0.2548,0.6468,0.6686,2.11,firm-level-complaints-data-2025-h2.xlsx
2025H2,Barclays Bank UK PLC,BARCLAYS GROUP,no,Banking and credit cards,80470.0,81076.0,0.5644,0.4248,0.5977,2.01,firm-level-complaints-data-2025-h2.xlsx
2025H2,Barclays Bank UK PLC,BARCLAYS GROUP,no,Decumulation & pensions,1.0,1.0,1.0,0.0,0.0,,firm-level-complaints-data-2025-h2.xlsx
2025H2,Barclays Bank UK PLC,BARCLAYS GROUP,no,Home finance,5356.0,5721.0,0.4513,0.5293,0.7502,6.01,firm-level-complaints-data-2025-h2.xlsx
2025H2,Barclays Bank UK PLC,BARCLAYS GROUP,no,Insurance & pure protection,148.0,151.0,0.3841,0.5166,0.2053,0.68,firm-level-complaints-data-2025-h2.xlsx
2025H2,Barclays Bank UK PLC,BARCLAYS GROUP,no,Investments,21.0,23.0,0.2609,0.5652,0.6957,,firm-level-complaints-data-2025-h2.xlsx
2025H2,Bisl Limited,MARKERSTUDY GROUP,no,Insurance & pure protection,11577.0,11307.0,0.68,0.3137,0.4572,5.23,firm-level-complaints-data-2025-h2.xlsx
2025H2,British Gas Services Limited,BRITISH GAS,yes,Insurance & pure protection,49016.0,47157.0,0.6879,0.275,0.9307,9.18,firm-level-complaints-data-2025-h2.xlsx
2025H2,Bupa Insurance Services Limited,BUPA GROUP,yes,Insurance & pure protection,28091.0,27518.0,0.5812,0.4162,0.5713,8.17,firm-level-complaints-data-2025-h2.xlsx
2025H2,Cabot Credit Management Group Limited,ENCORE CAPITAL GROUP,no,Home finance,35.0,44.0,0.1818,0.7045,0.5227,,firm-level-complaints-data-2025-h2.xlsx
2025H2,Caf Bank Limited,CHARITIES AID FOUNDATION,no,Banking and credit cards,1060.0,1049.0,0.0744,0.918,0.9018,40.86,firm-level-complaints-data-2025-h2.xlsx
2025H2,Call Assist Limited,NO GROUP,no,Insurance & pure protection,724.0,732.0,0.2459,0.7514,0.3784,,firm-level-complaints-data-2025-h2.xlsx
2025H2,Canada Life Limited,CANADA LIFE,no,Decumulation & pensions,324.0,288.0,0.1319,0.8229,0.7813,0.72,firm-level-complaints-data-2025-h2.xlsx
2025H2,Canada Life Limited,CANADA LIFE,no,Insurance & pure protection,183.0,184.0,0.2826,0.6196,0.5815,0.07,firm-level-complaints-data-2025-h2.xlsx
2025H2,Canada Life Limited,CANADA LIFE,no,Investments,39.0,42.0,0.3095,0.6667,0.5,2.8,firm-level-complaints-data-2025-h2.xlsx
2025H2,Capital One (europe) PLC,CAPITAL ONE FINANCIAL CORPORATION,no,Banking and credit cards,30573.0,30522.0,0.2137,0.7751,0.3429,5.34,firm-level-complaints-data-2025-h2.xlsx
2025H2,Capital One (europe) PLC,CAPITAL ONE FINANCIAL CORPORATION,no,Insurance & pure protection,20.0,27.0,0.0741,0.5926,0.1481,0.01,firm-level-complaints-data-2025-h2.xlsx
2025H2,Car Care Plan Limited,NO GROUP,yes,Insurance & pure protection,876.0,891.0,0.4927,0.5073,0.2334,1.16,firm-level-complaints-data-2025-h2.xlsx
2025H2,Carfinance247 Limited,247 MONEY GROUP,no,Insurance & pure protection,199.0,208.0,0.0913,0.9038,0.3462,,firm-level-complaints-data-2025-h2.xlsx
2025H2,Carmoola Limited,NO GROUP,,Insurance & pure protection,0.0,0.0,,,,,firm-level-complaints-data-2025-h2.xlsx
2025H2,Carole Nash Insurance Consultants Limited,MARKERSTUDY GROUP,no,Insurance & pure protection,2650.0,2669.0,0.7497,0.2499,0.4402,5.38,firm-level-complaints-data-2025-h2.xlsx
2025H2,Castelan Limited,CASTELAN GROUP,no,Insurance & pure protection,742.0,745.0,0.2631,0.6738,0.4577,0.36,firm-level-complaints-data-2025-h2.xlsx
2025H2,Casualty & General Insurance Company (europe) LTD,NO GROUP,no,Insurance & pure protection,1027.0,907.0,0.0849,0.7828,0.3859,7.22,firm-level-complaints-data-2025-h2.xlsx
2025H2,Charter Court Financial Services Limited,CHARTER COURT FINANCIAL SERVICES GROUP PLC,no,Banking and credit cards,753.0,717.0,0.3989,0.5997,0.5258,2.69,firm-level-complaints-data-2025-h2.xlsx
2025H2,Charter Court Financial Services Limited,CHARTER COURT FINANCIAL SERVICES GROUP PLC,no,Home finance,1081.0,1191.0,0.2527,0.738,0.3862,17.79,firm-level-complaints-data-2025-h2.xlsx
2025H2,Chubb European Group Se,CHUBB LIMITED,no,Insurance & pure protection,4417.0,4458.0,0.1759,0.7815,0.6427,,firm-level-complaints-data-2025-h2.xlsx
2025H2,Clearbank Limited,CLEARBANK GROUP,no,Banking and credit cards,3339.0,3523.0,0.4224,0.5768,0.5711,0.98,firm-level-complaints-data-2025-h2.xlsx
2025H2,Close Brothers Limited,CLOSE BROTHERS GROUP PLC,no,Banking and credit cards,377.0,381.0,0.3071,0.685,0.0,,firm-level-complaints-data-2025-h2.xlsx
2025H2,Close Brothers Limited,CLOSE BROTHERS GROUP PLC,no,Insurance & pure protection,5.0,5.0,0.8,0.2,0.6,,firm-level-complaints-data-2025-h2.xlsx
2025H2,Clydesdale Bank PLC,NATIONWIDE BUILDING SOCIETY,yes,Banking and credit cards,31993.0,32307.0,0.5082,0.4753,0.6406,3.77,firm-level-complaints-data-2025-h2.xlsx
2025H2,Clydesdale Bank PLC,NATIONWIDE BUILDING SOCIETY,yes,Decumulation & pensions,0.0,0.0,,,,,firm-level-complaints-data-2025-h2.xlsx
2025H2,Clydesdale Bank PLC,NATIONWIDE BUILDING SOCIETY,yes,Home finance,2174.0,2186.0,0.151,0.796,0.6473,6.82,firm-level-complaints-data-2025-h2.xlsx
2025H2,Clydesdale Bank PLC,NATIONWIDE BUILDING SOCIETY,yes,Insurance & pure protection,15.0,20.0,0.3,0.5,0.55,0.19,firm-level-complaints-data-2025-h2.xlsx
2025H2,Clydesdale Bank PLC,NATIONWIDE BUILDING SOCIETY,yes,Investments,3.0,2.0,0.0,1.0,0.5,,firm-level-complaints-data-2025-h2.xlsx
2025H2,Cofunds Limited,AEGON N.V.,no,Banking and credit cards,0.0,0.0,,,,,firm-level-complaints-data-2025-h2.xlsx
2025H2,Cofunds Limited,AEGON N.V.,no,Decumulation & pensions,87.0,72.0,0.2639,0.7361,0.5,4.28,firm-level-complaints-data-2025-h2.xlsx
2025H2,Cofunds Limited,AEGON N.V.,no,Home finance,0.0,0.0,,,,,firm-level-complaints-data-2025-h2.xlsx
2025H2,Cofunds Limited,AEGON N.V.,no,Insurance & pure protection,0.0,0.0,,,,,firm-level-complaints-data-2025-h2.xlsx
2025H2,Cofunds Limited,AEGON N.V.,no,Investments,685.0,693.0,0.1342,0.8543,0.518,0.92,firm-level-complaints-data-2025-h2.xlsx
2025H2,Complete Cover Group LTD,COMPLETE COVER GROUP,no,Insurance & pure protection,560.0,594.0,0.4815,0.5185,0.4192,17.64,firm-level-complaints-data-2025-h2.xlsx
2025H2,Connells Limited,SKIPTON BUILDING SOCIETY,no,Home finance,478.0,485.0,0.0392,0.9464,0.4639,,firm-level-complaints-data-2025-h2.xlsx
2025H2,Connells Limited,SKIPTON BUILDING SOCIETY,no,Insurance & pure protection,130.0,130.0,0.0615,0.9385,0.2846,,firm-level-complaints-data-2025-h2.xlsx
2025H2,Countrywide Assured PLC,CHESNARA PLC,no,Decumulation & pensions,462.0,399.0,0.416,0.391,0.4361,4.22,firm-level-complaints-data-2025-h2.xlsx
2025H2,Countrywide Assured PLC,CHESNARA PLC,no,Insurance & pure protection,253.0,243.0,0.1481,0.6626,0.3704,2.39,firm-level-complaints-data-2025-h2.xlsx
2025H2,Countrywide Assured PLC,CHESNARA PLC,no,Investments,72.0,60.0,0.05,0.7667,0.65,4.85,firm-level-complaints-data-2025-h2.xlsx
2025H2,Coutts & Company,NATWEST GROUP,no,Banking and credit cards,1603.0,1612.0,0.4138,0.5806,0.4404,5.45,firm-level-complaints-data-2025-h2.xlsx
2025H2,Coutts & Company,NATWEST GROUP,no,Decumulation & pensions,23.0,20.0,0.0,0.75,0.9,4.84,firm-level-complaints-data-2025-h2.xlsx
2025H2,Coutts & Company,NATWEST GROUP,no,Home finance,107.0,103.0,0.1553,0.7767,0.5728,9.46,firm-level-complaints-data-2025-h2.xlsx
2025H2,Coutts & Company,NATWEST GROUP,no,Insurance & pure protection,13.0,13.0,0.2308,0.6923,0.2308,0.84,firm-level-complaints-data-2025-h2.xlsx
2025H2,Coutts & Company,NATWEST GROUP,no,Investments,99.0,101.0,0.1386,0.703,0.7327,1.93,firm-level-complaints-data-2025-h2.xlsx
2025H2,Covea Insurance PLC,COVEA GROUP,yes,Insurance & pure protection,2497.0,2545.0,0.1792,0.7591,0.4927,1.79,firm-level-complaints-data-2025-h2.xlsx
2025H2,Coventry Building Society,COVENTRY BUILDING SOCIETY,yes,Banking and credit cards,3403.0,3485.0,0.606,0.3937,0.5954,1.28,firm-level-complaints-data-2025-h2.xlsx
2025H2,Coventry Building Society,COVENTRY BUILDING SOCIETY,yes,Home finance,740.0,764.0,0.5288,0.4699,0.6832,2.1,firm-level-complaints-data-2025-h2.xlsx
2025H2,Coventry Building Society,COVENTRY BUILDING SOCIETY,yes,Insurance & pure protection,1.0,1.0,0.0,1.0,1.0,,firm-level-complaints-data-2025-h2.xlsx
2025H2,Coventry Building Society,COVENTRY BUILDING SOCIETY,yes,Investments,1.0,1.0,0.0,1.0,0.0,,firm-level-complaints-data-2025-h2.xlsx
2025H2,Creation Consumer Finance Limited,BNP PARIBAS GROUP,no,Banking and credit cards,10537.0,3740.0,0.0866,0.8131,0.4112,4.04,firm-level-complaints-data-2025-h2.xlsx
2025H2,Cynergy Bank PLC,CYNERGY CAPITAL LTD,no,Banking and credit cards,695.0,568.0,0.0229,0.9736,0.8011,3.47,firm-level-complaints-data-2025-h2.xlsx
2025H2,Cynergy Bank PLC,CYNERGY CAPITAL LTD,no,Home finance,6.0,6.0,0.0,0.8333,0.6667,5.24,firm-level-complaints-data-2025-h2.xlsx
2025H2,Domestic & General Insurance PLC,DOMESTIC & GENERAL GROUP,no,Insurance & pure protection,56025.0,55887.0,0.7495,0.2392,0.5222,4.57,firm-level-complaints-data-2025-h2.xlsx
2025H2,Ebs Pensions Limited,LLOYDS BANKING GROUP PLC,no,Banking and credit cards,0.0,0.0,,,,,firm-level-complaints-data-2025-h2.xlsx
2025H2,Ebs Pensions Limited,LLOYDS BANKING GROUP PLC,no,Decumulation & pensions,1176.0,776.0,0.0064,0.4008,0.9317,34.21,firm-level-complaints-data-2025-h2.xlsx
2025H2,Ebs Pensions Limited,LLOYDS BANKING GROUP PLC,no,Home finance,0.0,0.0,,,,,firm-level-complaints-data-2025-h2.xlsx
2025H2,Ebs Pensions Limited,LLOYDS BANKING GROUP PLC,no,Insurance & pure protection,0.0,0.0,,,,,firm-level-complaints-data-2025-h2.xlsx
2025H2,Ebs Pensions Limited,LLOYDS BANKING GROUP PLC,no,Investments,0.0,0.0,,,,,firm-level-complaints-data-2025-h2.xlsx
2025H2,Elderbridge Limited,TECH MAHINDRA LIMITED,no,Home finance,758.0,781.0,0.0487,0.8079,0.5109,49.51,firm-level-complaints-data-2025-h2.xlsx
2025H2,Embark Investment Services Limited,LLOYDS BANKING GROUP PLC,no,Banking and credit cards,0.0,0.0,,,,,firm-level-complaints-data-2025-h2.xlsx
2025H2,Embark Investment Services Limited,LLOYDS BANKING GROUP PLC,no,Decumulation & pensions,419.0,429.0,0.4336,0.5408,0.7622,3.35,firm-level-complaints-data-2025-h2.xlsx
2025H2,Embark Investment Services Limited,LLOYDS BANKING GROUP PLC,no,Home finance,0.0,0.0,,,,,firm-level-complaints-data-2025-h2.xlsx
2025H2,Embark Investment Services Limited,LLOYDS BANKING GROUP PLC,no,Insurance & pure protection,0.0,0.0,,,,,firm-level-complaints-data-2025-h2.xlsx
2025H2,Embark Investment Services Limited,LLOYDS BANKING GROUP PLC,no,Investments,340.0,331.0,0.3867,0.5468,0.6828,1.36,firm-level-complaints-data-2025-h2.xlsx
2025H2,Embark Services Limited,LLOYDS BANKING GROUP PLC,no,Banking and credit cards,0.0,0.0,,,,,firm-level-complaints-data-2025-h2.xlsx
2025H2,Embark Services Limited,LLOYDS BANKING GROUP PLC,no,Decumulation & pensions,730.0,432.0,0.0139,0.3403,0.9167,14.23,firm-level-complaints-data-2025-h2.xlsx
2025H2,Embark Services Limited,LLOYDS BANKING GROUP PLC,no,Home finance,0.0,0.0,,,,,firm-level-complaints-data-2025-h2.xlsx
2025H2,Embark Services Limited,LLOYDS BANKING GROUP PLC,no,Insurance & pure protection,0.0,0.0,,,,,firm-level-complaints-data-2025-h2.xlsx
2025H2,Embark Services Limited,LLOYDS BANKING GROUP PLC,no,Investments,0.0,0.0,,,,,firm-level-complaints-data-2025-h2.xlsx
2025H2,Equiniti Financial Services Limited,EQUINITI GROUP PLC,no,Decumulation & pensions,11.0,11.0,0.0,1.0,0.2727,24.83,firm-level-complaints-data-2025-h2.xlsx
2025H2,Equiniti Financial Services Limited,EQUINITI GROUP PLC,no,Investments,2864.0,2814.0,0.3831,0.6155,0.3539,0.48,firm-level-complaints-data-2025-h2.xlsx
2025H2,Ergo Travel Insurance Services LTD,MUNICH RE,no,Insurance & pure protection,4524.0,4190.0,0.1449,0.7821,0.6239,4.01,firm-level-complaints-data-2025-h2.xlsx
2025H2,Esure Insurance Limited,ESURE GROUP PLC,no,Insurance & pure protection,11352.0,11394.0,0.4454,0.5062,0.7024,2.62,firm-level-complaints-data-2025-h2.xlsx
2025H2,Etoro (uk) Limited,ETORO GROUP LTD,no,Investments,504.0,514.0,0.5856,0.3949,0.0331,1.72,firm-level-complaints-data-2025-h2.xlsx
2025H2,Eui Limited,ADMIRAL GROUP PLC,yes,Insurance & pure protection,60221.0,60383.0,0.4757,0.4601,0.6386,3.47,firm-level-complaints-data-2025-h2.xlsx
2025H2,Eversure Limited,NO GROUP,no,Insurance & pure protection,612.0,662.0,0.281,0.7009,0.1193,1.31,firm-level-complaints-data-2025-h2.xlsx
2025H2,Evolution Insurance Company Limited,NO GROUP,no,Insurance & pure protection,582.0,579.0,0.3869,0.5423,0.266,0.81,firm-level-complaints-data-2025-h2.xlsx
2025H2,Exeter Friendly Society Limited,NO GROUP,no,Insurance & pure protection,1050.0,1050.0,0.8629,0.1352,0.1581,6.93,firm-level-complaints-data-2025-h2.xlsx
2025H2,Experian Limited,EXPERIAN PLC,no,Home finance,0.0,0.0,,,,,firm-level-complaints-data-2025-h2.xlsx
2025H2,Experian Limited,EXPERIAN PLC,no,Insurance & pure protection,1.0,1.0,0.0,1.0,0.0,,firm-level-complaints-data-2025-h2.xlsx
2025H2,Extracover Limited,NO GROUP,no,Insurance & pure protection,1114.0,1104.0,0.4067,0.5933,0.2889,0.16,firm-level-complaints-data-2025-h2.xlsx
2025H2,Family Equity Plan Limited,FAMILY ASSURANCE FRIENDLY SOCIETY LTD,no,Banking and credit cards,416.0,429.0,0.5338,0.4662,0.3403,,firm-level-complaints-data-2025-h2.xlsx
2025H2,Family Equity Plan Limited,FAMILY ASSURANCE FRIENDLY SOCIETY LTD,no,Investments,492.0,509.0,0.4244,0.5697,0.4676,,firm-level-complaints-data-2025-h2.xlsx
2025H2,Fce Bank PLC,FORD MOTOR CO,no,Banking and credit cards,154.0,169.0,0.497,0.503,0.5562,,firm-level-complaints-data-2025-h2.xlsx
2025H2,Fce Bank PLC,FORD MOTOR CO,no,Decumulation & pensions,0.0,0.0,,,,,firm-level-complaints-data-2025-h2.xlsx
2025H2,Fce Bank PLC,FORD MOTOR CO,no,Home finance,0.0,0.0,,,,,firm-level-complaints-data-2025-h2.xlsx
2025H2,Fce Bank PLC,FORD MOTOR CO,no,Insurance & pure protection,0.0,0.0,,,,,firm-level-complaints-data-2025-h2.xlsx
2025H2,Fce Bank PLC,FORD MOTOR CO,no,Investments,0.0,0.0,,,,,firm-level-complaints-data-2025-h2.xlsx
2025H2,Fil Life Insurance Limited,FIDELITY INTERNATIONAL GROUP,no,Decumulation & pensions,517.0,492.0,0.2154,0.6728,0.4614,1.28,firm-level-complaints-data-2025-h2.xlsx
2025H2,Financial Administration Services Limited,FIDELITY INTERNATIONAL GROUP,no,Decumulation & pensions,720.0,566.0,0.1696,0.6555,0.5618,3.5,firm-level-complaints-data-2025-h2.xlsx
2025H2,Financial Administration Services Limited,FIDELITY INTERNATIONAL GROUP,no,Investments,1308.0,1032.0,0.1444,0.7161,0.5145,1.37,firm-level-complaints-data-2025-h2.xlsx
2025H2,First Central Insurance Management Limited,FIRST CENTRAL GROUP LIMITED,no,Insurance & pure protection,8797.0,8965.0,0.555,0.4231,0.4236,6.26,firm-level-complaints-data-2025-h2.xlsx
2025H2,Firstrand Bank Limited,FIRSTRAND LIMITED,no,Insurance & pure protection,16.0,18.0,0.1111,0.6111,0.0,,firm-level-complaints-data-2025-h2.xlsx
2025H2,Forester Life Limited,FORSTERS FINANCIAL,no,Decumulation & pensions,20.0,21.0,0.381,0.5714,0.4286,1.4,firm-level-complaints-data-2025-h2.xlsx
2025H2,Forester Life Limited,FORSTERS FINANCIAL,no,Insurance & pure protection,42.0,36.0,0.3611,0.6389,0.3056,0.98,firm-level-complaints-data-2025-h2.xlsx
2025H2,Forester Life Limited,FORSTERS FINANCIAL,no,Investments,482.0,506.0,0.4447,0.5435,0.3854,0.49,firm-level-complaints-data-2025-h2.xlsx
2025H2,Fortegra Europe Insurance Company LTD,TIPTREE INC,no,Insurance & pure protection,3792.0,3119.0,0.1943,0.7637,0.5611,1.1,firm-level-complaints-data-2025-h2.xlsx
2025H2,Funding Circle LTD,NO GROUP,no,Investments,13.0,13.0,0.0,0.9231,0.5385,,firm-level-complaints-data-2025-h2.xlsx
2025H2,HSBC UK Bank PLC,HSBC GROUP,no,Banking and credit cards,75064.0,75510.0,0.6443,0.3491,0.5814,2.57,firm-level-complaints-data-2025-h2.xlsx
2025H2,HSBC UK Bank PLC,HSBC GROUP,no,Decumulation & pensions,66.0,65.0,0.0462,0.5692,0.5692,0.2,firm-level-complaints-data-2025-h2.xlsx
2025H2,HSBC UK Bank PLC,HSBC GROUP,no,Home finance,5047.0,5227.0,0.2522,0.6732,0.6302,5.14,firm-level-complaints-data-2025-h2.xlsx
2025H2,HSBC UK Bank PLC,HSBC GROUP,no,Insurance & pure protection,417.0,450.0,0.1844,0.7756,0.5533,0.05,firm-level-complaints-data-2025-h2.xlsx
2025H2,HSBC UK Bank PLC,HSBC GROUP,no,Investments,909.0,951.0,0.1441,0.8118,0.6309,0.76,firm-level-complaints-data-2025-h2.xlsx
2025H2,Halifax Share Dealing Limited,LLOYDS BANKING GROUP PLC,no,Banking and credit cards,0.0,0.0,,,,,firm-level-complaints-data-2025-h2.xlsx
2025H2,Halifax Share Dealing Limited,LLOYDS BANKING GROUP PLC,no,Decumulation & pensions,41.0,46.0,0.4565,0.5,0.5652,6.53,firm-level-complaints-data-2025-h2.xlsx
2025H2,Halifax Share Dealing Limited,LLOYDS BANKING GROUP PLC,no,Home finance,0.0,0.0,,,,,firm-level-complaints-data-2025-h2.xlsx
2025H2,Halifax Share Dealing Limited,LLOYDS BANKING GROUP PLC,no,Insurance & pure protection,0.0,0.0,,,,,firm-level-complaints-data-2025-h2.xlsx
2025H2,Halifax Share Dealing Limited,LLOYDS BANKING GROUP PLC,no,Investments,500.0,561.0,0.6043,0.3476,0.4991,0.73,firm-level-complaints-data-2025-h2.xlsx
2025H2,Hargreaves Lansdown Asset Management Limited,HARGREAVES LANSDOWN LIMITED,no,Decumulation & pensions,2262.0,2010.0,0.201,0.7791,0.5592,2.51,firm-level-complaints-data-2025-h2.xlsx
2025H2,Hargreaves Lansdown Asset Management Limited,HARGREAVES LANSDOWN LIMITED,no,Investments,4759.0,4789.0,0.285,0.682,0.4375,1.33,firm-level-complaints-data-2025-h2.xlsx
2025H2,Hastings Insurance Services Limited,HASTINGS GROUP,yes,Insurance & pure protection,19781.0,19003.0,0.285,0.6858,0.5204,,firm-level-complaints-data-2025-h2.xlsx
2025H2,Hbos Investment Fund Managers Limited,LLOYDS BANKING GROUP PLC,no,Banking and credit cards,0.0,0.0,,,,,firm-level-complaints-data-2025-h2.xlsx
2025H2,Hbos Investment Fund Managers Limited,LLOYDS BANKING GROUP PLC,no,Decumulation & pensions,0.0,0.0,,,,,firm-level-complaints-data-2025-h2.xlsx
2025H2,Hbos Investment Fund Managers Limited,LLOYDS BANKING GROUP PLC,no,Home finance,0.0,0.0,,,,,firm-level-complaints-data-2025-h2.xlsx
2025H2,Hbos Investment Fund Managers Limited,LLOYDS BANKING GROUP PLC,no,Insurance & pure protection,0.0,0.0,,,,,firm-level-complaints-data-2025-h2.xlsx
2025H2,Hbos Investment Fund Managers Limited,LLOYDS BANKING GROUP PLC,no,Investments,673.0,659.0,0.349,0.607,0.8619,2.48,firm-level-complaints-data-2025-h2.xlsx
2025H2,Helvetia Global Solutions LTD,HELVETIA GROUP,no,Insurance & pure protection,965.0,967.0,0.0879,0.8966,0.5109,0.45,firm-level-complaints-data-2025-h2.xlsx
2025H2,Highway Insurance Company Limited,ALLIANZ GROUP,no,Insurance & pure protection,611.0,613.0,0.2561,0.571,0.4731,0.86,firm-level-complaints-data-2025-h2.xlsx
2025H2,Home Retail Group Card Services Limited,J SAINSBURY PLC,no,Banking and credit cards,3824.0,3888.0,0.3629,0.6314,0.3485,1.27,firm-level-complaints-data-2025-h2.xlsx
2025H2,Homeserve Membership Limited,NO GROUP,no,Insurance & pure protection,2358.0,2317.0,0.8097,0.1847,0.2572,,firm-level-complaints-data-2025-h2.xlsx
2025H2,Hood Travel Limited,HOOD GROUP,no,Insurance & pure protection,711.0,814.0,0.3808,0.6081,0.172,1.81,firm-level-complaints-data-2025-h2.xlsx
2025H2,Howserv Limited,STAYSURE HOLDINGS LTD,no,Insurance & pure protection,3281.0,3281.0,0.3191,0.6742,0.4368,4.27,firm-level-complaints-data-2025-h2.xlsx
2025H2,I Go 4 Ltd.,MARKERSTUDY GROUP,no,Insurance & pure protection,958.0,946.0,0.5412,0.4556,0.4683,2.78,firm-level-complaints-data-2025-h2.xlsx
2025H2,Ikano Bank Ab (publ),INGKA GROUP,no,Banking and credit cards,879.0,926.0,0.1933,0.7797,0.4287,3.53,firm-level-complaints-data-2025-h2.xlsx
2025H2,Insurance Factory Limited,MARKERSTUDY GROUP,no,Insurance & pure protection,1266.0,1292.0,0.5155,0.483,0.4025,3.98,firm-level-complaints-data-2025-h2.xlsx
2025H2,Intact Insurance UK Limited,INTACT FINANCIAL CORPORATION,no,Insurance & pure protection,5765.0,6049.0,0.3606,0.5561,0.5646,2.01,firm-level-complaints-data-2025-h2.xlsx
2025H2,Inter Partner Assistance Sa,AXA GROUP,no,Insurance & pure protection,8125.0,7377.0,0.2586,0.7176,0.741,1.45,firm-level-complaints-data-2025-h2.xlsx
2025H2,Interactive Brokers (u.k.) Limited,NO GROUP,no,Investments,1116.0,1159.0,0.0656,0.8033,0.107,2.32,firm-level-complaints-data-2025-h2.xlsx
2025H2,Interactive Investor Services Limited,ABERDEEN GROUP,no,Decumulation & pensions,265.0,229.0,0.0873,0.8603,0.5371,2.38,firm-level-complaints-data-2025-h2.xlsx
2025H2,Interactive Investor Services Limited,ABERDEEN GROUP,no,Investments,2491.0,2334.0,0.2716,0.7048,0.4794,2.7,firm-level-complaints-data-2025-h2.xlsx
2025H2,J.p. Morgan Europe Limited,JPMORGAN CHASE & CO,no,Banking and credit cards,8343.0,8472.0,0.3415,0.6576,0.4754,0.97,firm-level-complaints-data-2025-h2.xlsx
2025H2,J.p. Morgan Personal Investing Limited,JPMORGAN CHASE & CO,no,Decumulation & pensions,278.0,278.0,0.1223,0.8669,0.7086,10.76,firm-level-complaints-data-2025-h2.xlsx
2025H2,J.p. Morgan Personal Investing Limited,JPMORGAN CHASE & CO,no,Investments,848.0,848.0,0.3455,0.6509,0.5731,2.75,firm-level-complaints-data-2025-h2.xlsx
2025H2,James Hay Administration Company Limited,JAMES HAY PARTNERSHIP,no,Decumulation & pensions,764.0,732.0,0.0902,0.8046,0.6831,15.17,firm-level-complaints-data-2025-h2.xlsx
2025H2,Kensington Mortgage Company Limited,NO GROUP,no,Home finance,1029.0,1047.0,0.2779,0.7173,0.2932,16.75,firm-level-complaints-data-2025-h2.xlsx
2025H2,Kroo Bank LTD,NO GROUP,no,Banking and credit cards,820.0,820.0,0.0,0.9915,0.2927,,firm-level-complaints-data-2025-h2.xlsx
2025H2,Leaseplan UK Limited,SOCIETY GENERALE GROUP,no,Insurance & pure protection,23.0,21.0,0.1429,0.619,0.7619,,firm-level-complaints-data-2025-h2.xlsx
2025H2,Leeds Building Society,LEEDS BUILDING SOCIETY,no,Banking and credit cards,1735.0,1778.0,0.6609,0.3391,0.7171,1.69,firm-level-complaints-data-2025-h2.xlsx
2025H2,Leeds Building Society,LEEDS BUILDING SOCIETY,no,Home finance,910.0,930.0,0.471,0.5247,0.6032,4.42,firm-level-complaints-data-2025-h2.xlsx
2025H2,Legal And General Assurance Society Limited,LEGAL & GENERAL GROUP PLC,no,Decumulation & pensions,1519.0,1519.0,0.1488,0.8413,0.7531,1.3,firm-level-complaints-data-2025-h2.xlsx
2025H2,Legal And General Assurance Society Limited,LEGAL & GENERAL GROUP PLC,no,Insurance & pure protection,2895.0,2963.0,0.4448,0.5285,0.3925,0.66,firm-level-complaints-data-2025-h2.xlsx
2025H2,Lexham Insurance Consultants Limited,NO GROUP,no,Insurance & pure protection,583.0,605.0,0.1686,0.8182,0.3289,6.01,firm-level-complaints-data-2025-h2.xlsx
2025H2,Link Financial Outsourcing Limited,LINK FINANCIAL GROUP,no,Home finance,10.0,10.0,,1.0,,,firm-level-complaints-data-2025-h2.xlsx
2025H2,Liverpool Victoria Financial Services Limited,LIVERPOOL VICTORIA GROUP,no,Decumulation & pensions,421.0,426.0,0.5258,0.4577,0.8333,2.55,firm-level-complaints-data-2025-h2.xlsx
2025H2,Liverpool Victoria Financial Services Limited,LIVERPOOL VICTORIA GROUP,no,Insurance & pure protection,1248.0,1252.0,0.5911,0.3954,0.5815,1.31,firm-level-complaints-data-2025-h2.xlsx
2025H2,Liverpool Victoria Financial Services Limited,LIVERPOOL VICTORIA GROUP,no,Investments,159.0,172.0,0.4535,0.5116,0.8314,3.86,firm-level-complaints-data-2025-h2.xlsx
2025H2,Liverpool Victoria Insurance Company Limited,ALLIANZ GROUP,no,Insurance & pure protection,12025.0,11028.0,0.3611,0.4816,0.5586,2.87,firm-level-complaints-data-2025-h2.xlsx
2025H2,Lloyds Bank General Insurance Limited,LLOYDS BANKING GROUP PLC,no,Banking and credit cards,0.0,0.0,,,,,firm-level-complaints-data-2025-h2.xlsx
2025H2,Lloyds Bank General Insurance Limited,LLOYDS BANKING GROUP PLC,no,Decumulation & pensions,0.0,0.0,,,,,firm-level-complaints-data-2025-h2.xlsx
2025H2,Lloyds Bank General Insurance Limited,LLOYDS BANKING GROUP PLC,no,Home finance,0.0,0.0,,,,,firm-level-complaints-data-2025-h2.xlsx
2025H2,Lloyds Bank General Insurance Limited,LLOYDS BANKING GROUP PLC,no,Insurance & pure protection,5683.0,5680.0,0.2586,0.6688,0.7824,2.17,firm-level-complaints-data-2025-h2.xlsx
2025H2,Lloyds Bank General Insurance Limited,LLOYDS BANKING GROUP PLC,no,Investments,0.0,0.0,,,,,firm-level-complaints-data-2025-h2.xlsx
2025H2,Lloyds Bank PLC,LLOYDS BANKING GROUP PLC,no,Banking and credit cards,87894.0,82768.0,0.5493,0.2994,0.6879,2.37,firm-level-complaints-data-2025-h2.xlsx
2025H2,Lloyds Bank PLC,LLOYDS BANKING GROUP PLC,no,Decumulation & pensions,50.0,46.0,0.0435,0.6739,0.3696,0.29,firm-level-complaints-data-2025-h2.xlsx
2025H2,Lloyds Bank PLC,LLOYDS BANKING GROUP PLC,no,Home finance,2575.0,2509.0,0.346,0.6034,0.6329,7.48,firm-level-complaints-data-2025-h2.xlsx
2025H2,Lloyds Bank PLC,LLOYDS BANKING GROUP PLC,no,Insurance & pure protection,293.0,305.0,0.3049,0.6525,0.177,0.45,firm-level-complaints-data-2025-h2.xlsx
2025H2,Lloyds Bank PLC,LLOYDS BANKING GROUP PLC,no,Investments,25.0,31.0,0.2581,0.6774,0.5806,0.09,firm-level-complaints-data-2025-h2.xlsx
2025H2,London & Country Mortgages Limited,NO GROUP,no,Home finance,597.0,605.0,0.1818,0.8165,0.6413,,firm-level-complaints-data-2025-h2.xlsx
2025H2,London & Country Mortgages Limited,NO GROUP,no,Insurance & pure protection,47.0,46.0,0.1304,0.8478,0.587,,firm-level-complaints-data-2025-h2.xlsx
2025H2,M & G Securities Limited,M&G PLC,no,Investments,786.0,781.0,0.3355,0.6376,0.484,,firm-level-complaints-data-2025-h2.xlsx
2025H2,MBNA Limited,LLOYDS BANKING GROUP PLC,no,Banking and credit cards,8774.0,8731.0,0.6099,0.3366,0.5404,3.21,firm-level-complaints-data-2025-h2.xlsx
2025H2,MBNA Limited,LLOYDS BANKING GROUP PLC,no,Decumulation & pensions,0.0,0.0,,,,,firm-level-complaints-data-2025-h2.xlsx
2025H2,MBNA Limited,LLOYDS BANKING GROUP PLC,no,Home finance,0.0,0.0,,,,,firm-level-complaints-data-2025-h2.xlsx
2025H2,MBNA Limited,LLOYDS BANKING GROUP PLC,no,Insurance & pure protection,22.0,22.0,0.0909,0.2273,0.0909,,firm-level-complaints-data-2025-h2.xlsx
2025H2,MBNA Limited,LLOYDS BANKING GROUP PLC,no,Investments,0.0,0.0,,,,,firm-level-complaints-data-2025-h2.xlsx
2025H2,Manypets LTD,NO GROUP,no,Insurance & pure protection,3134.0,3383.0,0.0653,0.9146,0.7198,8.36,firm-level-complaints-data-2025-h2.xlsx
2025H2,Marks And Spencer Financial Services PLC,HSBC GROUP,no,Banking and credit cards,5169.0,5234.0,0.8489,0.1496,0.6842,2.01,firm-level-complaints-data-2025-h2.xlsx
2025H2,Marks And Spencer Financial Services PLC,HSBC GROUP,no,Decumulation & pensions,0.0,0.0,,,,,firm-level-complaints-data-2025-h2.xlsx
2025H2,Marks And Spencer Financial Services PLC,HSBC GROUP,no,Home finance,0.0,0.0,,,,,firm-level-complaints-data-2025-h2.xlsx
2025H2,Marks And Spencer Financial Services PLC,HSBC GROUP,no,Insurance & pure protection,95.0,100.0,0.66,0.34,0.67,0.13,firm-level-complaints-data-2025-h2.xlsx
2025H2,Marks And Spencer Financial Services PLC,HSBC GROUP,no,Investments,0.0,0.0,,,,,firm-level-complaints-data-2025-h2.xlsx
2025H2,Marshmallow Financial Services LTD,NO GROUP,yes,Insurance & pure protection,4208.0,4462.0,0.1629,0.7768,0.5677,17.51,firm-level-complaints-data-2025-h2.xlsx
2025H2,Metlife Europe D.a.c.,"METLIFE, INC.",no,Insurance & pure protection,1126.0,1064.0,0.0705,0.765,0.5695,2.38,firm-level-complaints-data-2025-h2.xlsx
2025H2,Metro Bank PLC,NO GROUP,no,Banking and credit cards,11111.0,11236.0,0.4219,0.5762,0.5082,3.99,firm-level-complaints-data-2025-h2.xlsx
2025H2,Metro Bank PLC,NO GROUP,no,Home finance,133.0,145.0,0.4207,0.5724,0.7517,7.38,firm-level-complaints-data-2025-h2.xlsx
2025H2,Millennium Insurance Company Limited,DSA GROUP,no,Insurance & pure protection,542.0,551.0,0.265,0.7114,0.5045,0.98,firm-level-complaints-data-2025-h2.xlsx
2025H2,Monzo Bank LTD,MONZO GROUP,no,Banking and credit cards,49247.0,45276.0,0.0916,0.847,0.2994,2.07,firm-level-complaints-data-2025-h2.xlsx
2025H2,Monzo Bank LTD,MONZO GROUP,no,Decumulation & pensions,46.0,46.0,0.0217,0.6304,0.2826,0.98,firm-level-complaints-data-2025-h2.xlsx
2025H2,Monzo Bank LTD,MONZO GROUP,no,Insurance & pure protection,26.0,19.0,0.1579,0.7895,0.6842,,firm-level-complaints-data-2025-h2.xlsx
2025H2,Monzo Bank LTD,MONZO GROUP,no,Investments,251.0,211.0,0.0616,0.8341,0.4455,0.37,firm-level-complaints-data-2025-h2.xlsx
2025H2,Motonovo Finance Limited,FIRSTRAND LIMITED,no,Insurance & pure protection,18.0,18.0,0.0556,0.8333,0.0,,firm-level-complaints-data-2025-h2.xlsx
2025H2,Munich Re Digital Partners Limited,MUNICH RE,no,Insurance & pure protection,5012.0,5303.0,0.6528,0.3138,0.1082,53.54,firm-level-complaints-data-2025-h2.xlsx
2025H2,National House-building Council,NO GROUP,no,Insurance & pure protection,745.0,772.0,0.0427,0.9573,0.4391,0.51,firm-level-complaints-data-2025-h2.xlsx
2025H2,National Westminster Bank Public Limited Company,NATWEST GROUP,no,Banking and credit cards,90819.0,84602.0,0.4633,0.3598,0.5733,2.9,firm-level-complaints-data-2025-h2.xlsx
2025H2,National Westminster Bank Public Limited Company,NATWEST GROUP,no,Decumulation & pensions,41.0,45.0,0.0222,0.5333,0.6,2.96,firm-level-complaints-data-2025-h2.xlsx
2025H2,National Westminster Bank Public Limited Company,NATWEST GROUP,no,Home finance,6123.0,6063.0,0.5956,0.3069,0.5501,5.3,firm-level-complaints-data-2025-h2.xlsx
2025H2,National Westminster Bank Public Limited Company,NATWEST GROUP,no,Insurance & pure protection,77.0,81.0,0.0988,0.7778,0.0864,,firm-level-complaints-data-2025-h2.xlsx
2025H2,National Westminster Bank Public Limited Company,NATWEST GROUP,no,Investments,451.0,394.0,0.0152,0.7614,0.7411,1.85,firm-level-complaints-data-2025-h2.xlsx
2025H2,Nationwide Building Society,NATIONWIDE BUILDING SOCIETY,no,Banking and credit cards,63947.0,65216.0,0.5127,0.4841,0.5241,1.94,firm-level-complaints-data-2025-h2.xlsx
2025H2,Nationwide Building Society,NATIONWIDE BUILDING SOCIETY,no,Decumulation & pensions,2.0,3.0,0.3333,0.6667,,,firm-level-complaints-data-2025-h2.xlsx
2025H2,Nationwide Building Society,NATIONWIDE BUILDING SOCIETY,no,Home finance,5263.0,5410.0,0.3124,0.6828,0.5242,3.24,firm-level-complaints-data-2025-h2.xlsx
2025H2,Nationwide Building Society,NATIONWIDE BUILDING SOCIETY,no,Insurance & pure protection,132.0,140.0,0.3429,0.6571,0.35,,firm-level-complaints-data-2025-h2.xlsx
2025H2,Nationwide Building Society,NATIONWIDE BUILDING SOCIETY,no,Investments,44.0,49.0,0.102,0.8776,0.6122,,firm-level-complaints-data-2025-h2.xlsx
2025H2,Newcastle Building Society,NO GROUP,no,Banking and credit cards,485.0,472.0,0.5911,0.4089,0.6165,1.22,firm-level-complaints-data-2025-h2.xlsx
2025H2,Newcastle Building Society,NO GROUP,no,Decumulation & pensions,0.0,0.0,,,,0.0,firm-level-complaints-data-2025-h2.xlsx
2025H2,Newcastle Building Society,NO GROUP,no,Home finance,222.0,219.0,0.6986,0.3014,0.3607,5.6,firm-level-complaints-data-2025-h2.xlsx
2025H2,Newcastle Building Society,NO GROUP,no,Insurance & pure protection,0.0,0.0,,,,,firm-level-complaints-data-2025-h2.xlsx
2025H2,Newcastle Building Society,NO GROUP,no,Investments,6.0,6.0,1.0,0.0,0.8333,,firm-level-complaints-data-2025-h2.xlsx
2025H2,Northern Bank Limited,DANSKE BANK A/S,no,Banking and credit cards,1361.0,1369.0,0.4018,0.5982,0.3594,1.4,firm-level-complaints-data-2025-h2.xlsx
2025H2,Northern Bank Limited,DANSKE BANK A/S,no,Decumulation & pensions,0.0,0.0,,,,,firm-level-complaints-data-2025-h2.xlsx
2025H2,Northern Bank Limited,DANSKE BANK A/S,no,Home finance,85.0,86.0,0.1977,0.8023,0.4419,2.29,firm-level-complaints-data-2025-h2.xlsx
2025H2,Northern Bank Limited,DANSKE BANK A/S,no,Insurance & pure protection,0.0,0.0,,,,,firm-level-complaints-data-2025-h2.xlsx
2025H2,Northern Bank Limited,DANSKE BANK A/S,no,Investments,0.0,0.0,,,,,firm-level-complaints-data-2025-h2.xlsx
2025H2,Octopus Money Unit Trust Managers Limited,OCTOPUS MONEY,no,Decumulation & pensions,241.0,249.0,0.1325,0.8675,0.8474,3.69,firm-level-complaints-data-2025-h2.xlsx
2025H2,Octopus Money Unit Trust Managers Limited,OCTOPUS MONEY,no,Investments,381.0,403.0,0.1538,0.8437,0.8238,4.64,firm-level-complaints-data-2025-h2.xlsx
2025H2,One Call Insurance Services Limited,NO GROUP,no,Insurance & pure protection,2980.0,2960.0,0.6757,0.323,0.202,1.7,firm-level-complaints-data-2025-h2.xlsx
2025H2,One Sure Insurance Limited,NO GROUP,no,Insurance & pure protection,770.0,765.0,0.8614,0.1386,0.2902,9.11,firm-level-complaints-data-2025-h2.xlsx
2025H2,Onesavings Bank PLC,OSB GROUP,no,Banking and credit cards,1331.0,1480.0,0.2676,0.7027,0.6797,2.8,firm-level-complaints-data-2025-h2.xlsx
2025H2,Onesavings Bank PLC,OSB GROUP,no,Home finance,961.0,1084.0,0.1697,0.7703,0.4917,16.39,firm-level-complaints-data-2025-h2.xlsx
2025H2,Ovo Home Services LTD,OVO GROUP,no,Insurance & pure protection,1953.0,1573.0,0.0668,0.9154,0.7559,8.3,firm-level-complaints-data-2025-h2.xlsx
2025H2,Paragon Bank PLC,PARAGON BANKING GROUP PLC,yes,Banking and credit cards,772.0,774.0,0.2597,0.7326,0.5336,1.75,firm-level-complaints-data-2025-h2.xlsx
2025H2,Paragon Bank PLC,PARAGON BANKING GROUP PLC,yes,Home finance,230.0,249.0,0.2691,0.6787,0.5462,2.97,firm-level-complaints-data-2025-h2.xlsx
2025H2,Paragon Bank PLC,PARAGON BANKING GROUP PLC,yes,Insurance & pure protection,1.0,,,,,,firm-level-complaints-data-2025-h2.xlsx
2025H2,People's Administration Services Limited,PEOPLE'S PARTNERSHIP,no,Decumulation & pensions,2731.0,2731.0,0.138,0.8268,0.5002,0.36,firm-level-complaints-data-2025-h2.xlsx
2025H2,Pepper (uk) Limited,PEPPER GROUP,no,Home finance,723.0,718.0,0.1713,0.8078,0.4234,32.71,firm-level-complaints-data-2025-h2.xlsx
2025H2,Phoenix Life Ca Limited,PHOENIX GROUP,no,Decumulation & pensions,578.0,531.0,0.2015,0.6836,0.6158,1.91,firm-level-complaints-data-2025-h2.xlsx
2025H2,Phoenix Life Ca Limited,PHOENIX GROUP,no,Insurance & pure protection,269.0,347.0,0.1066,0.5908,0.5418,4.98,firm-level-complaints-data-2025-h2.xlsx
2025H2,Phoenix Life Ca Limited,PHOENIX GROUP,no,Investments,45.0,44.0,0.2955,0.5455,0.6591,6.79,firm-level-complaints-data-2025-h2.xlsx
2025H2,Phoenix Life Limited,PHOENIX GROUP,no,Decumulation & pensions,12980.0,12443.0,0.3496,0.5647,0.7861,2.18,firm-level-complaints-data-2025-h2.xlsx
2025H2,Phoenix Life Limited,PHOENIX GROUP,no,Home finance,7.0,7.0,0.0,1.0,0.4286,51.09,firm-level-complaints-data-2025-h2.xlsx
2025H2,Phoenix Life Limited,PHOENIX GROUP,no,Insurance & pure protection,3303.0,3322.0,0.3317,0.5972,0.7336,1.81,firm-level-complaints-data-2025-h2.xlsx
2025H2,Phoenix Life Limited,PHOENIX GROUP,no,Investments,796.0,810.0,0.2543,0.6185,0.8025,3.93,firm-level-complaints-data-2025-h2.xlsx
2025H2,Pinnacle Insurance Limited,BNP PARIBAS GROUP,no,Insurance & pure protection,3405.0,3241.0,0.681,0.3187,0.3807,3.44,firm-level-complaints-data-2025-h2.xlsx
2025H2,Principality Building Society,NO GROUP,no,Banking and credit cards,673.0,693.0,0.5527,0.443,0.5988,0.9,firm-level-complaints-data-2025-h2.xlsx
2025H2,Principality Building Society,NO GROUP,no,Home finance,384.0,397.0,0.4458,0.5416,0.4509,3.87,firm-level-complaints-data-2025-h2.xlsx
2025H2,Principality Building Society,NO GROUP,no,Insurance & pure protection,2.0,2.0,1.0,0.0,0.0,,firm-level-complaints-data-2025-h2.xlsx
2025H2,Principality Building Society,NO GROUP,no,Investments,0.0,0.0,,,,,firm-level-complaints-data-2025-h2.xlsx
2025H2,Qbe UK Limited,QBE INSURANCE GROUP,no,Insurance & pure protection,910.0,847.0,0.0472,0.7367,0.4061,4.73,firm-level-complaints-data-2025-h2.xlsx
2025H2,Qmetric Group Limited,NO GROUP,no,Insurance & pure protection,3696.0,3413.0,0.2699,0.7263,0.368,,firm-level-complaints-data-2025-h2.xlsx
2025H2,Quilter Financial Services Limited,QUILTER GROUP,no,Decumulation & pensions,287.0,355.0,0.0,1.0,0.3493,,firm-level-complaints-data-2025-h2.xlsx
2025H2,Quilter Financial Services Limited,QUILTER GROUP,no,Home finance,12.0,2.0,0.0,1.0,0.0,,firm-level-complaints-data-2025-h2.xlsx
2025H2,Quilter Financial Services Limited,QUILTER GROUP,no,Insurance & pure protection,20.0,9.0,0.0,1.0,0.4444,,firm-level-complaints-data-2025-h2.xlsx
2025H2,Quilter Financial Services Limited,QUILTER GROUP,no,Investments,261.0,273.0,0.0,1.0,0.5128,,firm-level-complaints-data-2025-h2.xlsx
2025H2,Quilter Investment Platform Limited,QUILTER GROUP,no,Investments,516.0,498.0,0.006,0.994,0.6908,1.38,firm-level-complaints-data-2025-h2.xlsx
2025H2,Quilter Life & Pensions Limited,QUILTER GROUP,no,Decumulation & pensions,853.0,820.0,0.011,0.989,0.6756,3.09,firm-level-complaints-data-2025-h2.xlsx
2025H2,Quilter Life & Pensions Limited,QUILTER GROUP,no,Investments,223.0,188.0,0.0106,0.984,0.7074,4.04,firm-level-complaints-data-2025-h2.xlsx
2025H2,RBS Collective Investment Funds Limited,NATWEST GROUP,no,Investments,1342.0,1434.0,0.4881,0.4916,0.2399,2.56,firm-level-complaints-data-2025-h2.xlsx
2025H2,Rac Financial Services Limited,RAC GROUP,yes,Insurance & pure protection,9491.0,9410.0,0.608,0.3894,0.2643,0.77,firm-level-complaints-data-2025-h2.xlsx
2025H2,Reassure Life Limited,PHOENIX GROUP,no,Decumulation & pensions,166.0,156.0,0.2564,0.6731,0.8526,3.64,firm-level-complaints-data-2025-h2.xlsx
2025H2,Reassure Life Limited,PHOENIX GROUP,no,Insurance & pure protection,315.0,310.0,0.3194,0.571,0.8839,7.49,firm-level-complaints-data-2025-h2.xlsx
2025H2,Reassure Life Limited,PHOENIX GROUP,no,Investments,182.0,159.0,0.4088,0.5283,0.8428,8.13,firm-level-complaints-data-2025-h2.xlsx
2025H2,Reassure Limited,PHOENIX GROUP,no,Decumulation & pensions,3410.0,3256.0,0.3553,0.4936,0.8123,2.1,firm-level-complaints-data-2025-h2.xlsx
2025H2,Reassure Limited,PHOENIX GROUP,no,Home finance,0.0,,,,,0.0,firm-level-complaints-data-2025-h2.xlsx
2025H2,Reassure Limited,PHOENIX GROUP,no,Insurance & pure protection,557.0,533.0,0.3865,0.4522,0.6773,2.8,firm-level-complaints-data-2025-h2.xlsx
2025H2,Reassure Limited,PHOENIX GROUP,no,Investments,496.0,474.0,0.4662,0.4494,0.8207,3.53,firm-level-complaints-data-2025-h2.xlsx
2025H2,Reassured Limited,NO GROUP,no,Insurance & pure protection,604.0,608.0,0.648,0.3438,0.4178,,firm-level-complaints-data-2025-h2.xlsx
2025H2,Rothesay Life PLC,NO GROUP,no,Decumulation & pensions,553.0,569.0,0.2004,0.7979,0.2496,1.07,firm-level-complaints-data-2025-h2.xlsx
2025H2,"Royal London Mutual Insurance Society, Limited (the)",ROYAL LONDON GROUP,no,Decumulation & pensions,5817.0,6081.0,0.2541,0.6468,0.6736,1.57,firm-level-complaints-data-2025-h2.xlsx
2025H2,"Royal London Mutual Insurance Society, Limited (the)",ROYAL LONDON GROUP,no,Insurance & pure protection,2362.0,2400.0,0.2958,0.6525,0.5138,0.65,firm-level-complaints-data-2025-h2.xlsx
2025H2,"Royal London Mutual Insurance Society, Limited (the)",ROYAL LONDON GROUP,no,Investments,235.0,224.0,0.308,0.6473,0.7143,0.36,firm-level-complaints-data-2025-h2.xlsx
2025H2,Sabre Insurance Company Limited,SABRE INSURANCE GROUP PLC,no,Insurance & pure protection,644.0,631.0,0.5198,0.4802,0.3423,2.59,firm-level-complaints-data-2025-h2.xlsx
2025H2,Saga Services Limited,SAGA PLC,no,Insurance & pure protection,7519.0,7375.0,0.7413,0.2489,0.5243,5.85,firm-level-complaints-data-2025-h2.xlsx
2025H2,Sainsbury's Bank PLC,J SAINSBURY PLC,no,Banking and credit cards,1108.0,1301.0,0.3505,0.6303,0.5058,1.11,firm-level-complaints-data-2025-h2.xlsx
2025H2,Sainsbury's Bank PLC,J SAINSBURY PLC,no,Insurance & pure protection,494.0,527.0,0.0854,0.907,0.4516,1.78,firm-level-complaints-data-2025-h2.xlsx
2025H2,Santander UK PLC,SANTANDER UK GROUP,no,Banking and credit cards,60432.0,62482.0,0.5278,0.4374,0.451,2.45,firm-level-complaints-data-2025-h2.xlsx
2025H2,Santander UK PLC,SANTANDER UK GROUP,no,Decumulation & pensions,16.0,21.0,0.0476,0.7619,0.4286,,firm-level-complaints-data-2025-h2.xlsx
2025H2,Santander UK PLC,SANTANDER UK GROUP,no,Home finance,4106.0,4262.0,0.519,0.4786,0.6462,4.2,firm-level-complaints-data-2025-h2.xlsx
2025H2,Santander UK PLC,SANTANDER UK GROUP,no,Insurance & pure protection,95.0,106.0,0.3396,0.566,0.2075,0.27,firm-level-complaints-data-2025-h2.xlsx
2025H2,Santander UK PLC,SANTANDER UK GROUP,no,Investments,92.0,92.0,0.3261,0.6196,0.5109,0.42,firm-level-complaints-data-2025-h2.xlsx
2025H2,Scottish Equitable PLC,AEGON N.V.,no,Banking and credit cards,0.0,0.0,,,,,firm-level-complaints-data-2025-h2.xlsx
2025H2,Scottish Equitable PLC,AEGON N.V.,no,Decumulation & pensions,5241.0,6212.0,0.1433,0.4955,0.6553,1.65,firm-level-complaints-data-2025-h2.xlsx
2025H2,Scottish Equitable PLC,AEGON N.V.,no,Home finance,0.0,0.0,,,,,firm-level-complaints-data-2025-h2.xlsx
2025H2,Scottish Equitable PLC,AEGON N.V.,no,Insurance & pure protection,11.0,15.0,0.0,0.4667,0.8,2.88,firm-level-complaints-data-2025-h2.xlsx
2025H2,Scottish Equitable PLC,AEGON N.V.,no,Investments,168.0,244.0,0.0574,0.4303,0.8811,10.82,firm-level-complaints-data-2025-h2.xlsx
2025H2,Scottish Friendly Assurance Society Limited,NO GROUP,no,Decumulation & pensions,268.0,326.0,0.0491,0.9233,0.7914,3.14,firm-level-complaints-data-2025-h2.xlsx
2025H2,Scottish Friendly Assurance Society Limited,NO GROUP,no,Insurance & pure protection,353.0,343.0,0.1108,0.7143,0.5569,0.35,firm-level-complaints-data-2025-h2.xlsx
2025H2,Scottish Friendly Assurance Society Limited,NO GROUP,no,Investments,364.0,399.0,0.1454,0.8471,0.7469,1.86,firm-level-complaints-data-2025-h2.xlsx
2025H2,Scottish Widows Limited,LLOYDS BANKING GROUP PLC,no,Banking and credit cards,0.0,0.0,,,,,firm-level-complaints-data-2025-h2.xlsx
2025H2,Scottish Widows Limited,LLOYDS BANKING GROUP PLC,no,Decumulation & pensions,5592.0,5551.0,0.2162,0.7152,0.8487,1.06,firm-level-complaints-data-2025-h2.xlsx
2025H2,Scottish Widows Limited,LLOYDS BANKING GROUP PLC,no,Home finance,0.0,0.0,,,,,firm-level-complaints-data-2025-h2.xlsx
2025H2,Scottish Widows Limited,LLOYDS BANKING GROUP PLC,no,Insurance & pure protection,1007.0,977.0,0.261,0.6878,0.6888,0.87,firm-level-complaints-data-2025-h2.xlsx
2025H2,Scottish Widows Limited,LLOYDS BANKING GROUP PLC,no,Investments,1163.0,1158.0,0.2858,0.6399,0.8834,6.62,firm-level-complaints-data-2025-h2.xlsx
2025H2,Secure Trust Bank Public Limited Company,NO GROUP,no,Banking and credit cards,315.0,290.0,0.0793,0.9103,0.3448,,firm-level-complaints-data-2025-h2.xlsx
2025H2,Shawbrook Bank Limited,SHAWBROOK GROUP PLC,no,Banking and credit cards,882.0,945.0,0.3958,0.5831,0.5968,2.04,firm-level-complaints-data-2025-h2.xlsx
2025H2,Shawbrook Bank Limited,SHAWBROOK GROUP PLC,no,Home finance,398.0,400.0,0.13,0.83,0.5625,18.03,firm-level-complaints-data-2025-h2.xlsx
2025H2,Shop Direct Finance Company Limited,THE VERY GROUP,no,Insurance & pure protection,87.0,100.0,0.01,0.98,0.31,,firm-level-complaints-data-2025-h2.xlsx
2025H2,Simplyhealth Access,SIMPLYHEALTH GROUP LIMITED,no,Insurance & pure protection,2101.0,2116.0,0.301,0.698,0.2911,0.96,firm-level-complaints-data-2025-h2.xlsx
2025H2,Skipton Building Society,SKIPTON BUILDING SOCIETY,no,Banking and credit cards,3820.0,3936.0,0.5371,0.4573,0.7185,2.45,firm-level-complaints-data-2025-h2.xlsx
2025H2,Skipton Building Society,SKIPTON BUILDING SOCIETY,no,Decumulation & pensions,51.0,52.0,0.0769,0.9231,0.7885,,firm-level-complaints-data-2025-h2.xlsx
2025H2,Skipton Building Society,SKIPTON BUILDING SOCIETY,no,Home finance,704.0,670.0,0.4627,0.5313,0.7731,3.32,firm-level-complaints-data-2025-h2.xlsx
2025H2,Skipton Building Society,SKIPTON BUILDING SOCIETY,no,Investments,66.0,66.0,0.1515,0.8485,0.7879,,firm-level-complaints-data-2025-h2.xlsx
2025H2,Society Of Lloyd's,SOCIETY OF LLOYD'S,no,Insurance & pure protection,5669.0,5756.0,0.2637,0.7088,0.3978,0.65,firm-level-complaints-data-2025-h2.xlsx
2025H2,Somerset Bridge Insurance Services Limited,SOMERSET BRIDGE GROUP,no,Insurance & pure protection,1472.0,1472.0,0.6943,0.3057,0.3689,,firm-level-complaints-data-2025-h2.xlsx
2025H2,St. James's Place UK PLC,ST. JAMES'S PLACE PLC,no,Decumulation & pensions,601.0,571.0,0.0175,0.9457,0.6357,0.94,firm-level-complaints-data-2025-h2.xlsx
2025H2,St. James's Place UK PLC,ST. JAMES'S PLACE PLC,no,Insurance & pure protection,3.0,4.0,0.0,0.75,0.0,0.35,firm-level-complaints-data-2025-h2.xlsx
2025H2,St. James's Place UK PLC,ST. JAMES'S PLACE PLC,no,Investments,236.0,232.0,0.0129,0.9095,0.6121,1.27,firm-level-complaints-data-2025-h2.xlsx
2025H2,St. James's Place Wealth Management PLC,ST. JAMES'S PLACE PLC,no,Banking and credit cards,0.0,1.0,0.0,0.0,1.0,,firm-level-complaints-data-2025-h2.xlsx
2025H2,St. James's Place Wealth Management PLC,ST. JAMES'S PLACE PLC,no,Decumulation & pensions,2020.0,3663.0,0.0085,0.4267,0.4382,,firm-level-complaints-data-2025-h2.xlsx
2025H2,St. James's Place Wealth Management PLC,ST. JAMES'S PLACE PLC,no,Home finance,13.0,27.0,0.0,0.2222,0.1852,,firm-level-complaints-data-2025-h2.xlsx
2025H2,St. James's Place Wealth Management PLC,ST. JAMES'S PLACE PLC,no,Insurance & pure protection,95.0,222.0,0.0045,0.2568,0.1126,,firm-level-complaints-data-2025-h2.xlsx
2025H2,St. James's Place Wealth Management PLC,ST. JAMES'S PLACE PLC,no,Investments,1597.0,3030.0,0.0033,0.3726,0.4855,,firm-level-complaints-data-2025-h2.xlsx
2025H2,Starling Bank Limited,NO GROUP,no,Banking and credit cards,17323.0,17629.0,0.199,0.7986,0.4099,3.62,firm-level-complaints-data-2025-h2.xlsx
2025H2,Starr International (europe) Limited,"STARR INTERNATIONAL COMPANY, INC.",no,Insurance & pure protection,1075.0,1083.0,0.2327,0.7636,0.4414,3.38,firm-level-complaints-data-2025-h2.xlsx
2025H2,Swift 1st Limited,SWIFT GROUP,no,Home finance,636.0,642.0,0.4626,0.5374,0.148,108.48,firm-level-complaints-data-2025-h2.xlsx
2025H2,TSB Bank PLC,BANCO DE SABADELL SA,no,Banking and credit cards,32154.0,31877.0,0.5922,0.4057,0.5234,3.48,firm-level-complaints-data-2025-h2.xlsx
2025H2,TSB Bank PLC,BANCO DE SABADELL SA,no,Home finance,1523.0,1524.0,0.5807,0.4068,0.5328,6.36,firm-level-complaints-data-2025-h2.xlsx
2025H2,TSB Bank PLC,BANCO DE SABADELL SA,no,Insurance & pure protection,28.0,29.0,0.7241,0.2759,0.4828,,firm-level-complaints-data-2025-h2.xlsx
2025H2,Telefonica Seguros Y Reaseguros Compania Aseguradora S.a.u.,TELEFONICA SA,no,Insurance & pure protection,2771.0,2803.0,0.2323,0.7631,0.5737,4.14,firm-level-complaints-data-2025-h2.xlsx
2025H2,Telefonica UK Limited,VIRGIN MEDIA O2 JOINT VENTURE,no,Insurance & pure protection,314.0,287.0,0.4878,0.4948,0.8188,,firm-level-complaints-data-2025-h2.xlsx
2025H2,Tesco Personal Finance Limited,TESCO BANK,no,Insurance & pure protection,4861.0,4894.0,0.4563,0.5435,0.3752,2.88,firm-level-complaints-data-2025-h2.xlsx
2025H2,Tesco Underwriting Limited,TESCO BANK,no,Insurance & pure protection,2672.0,2664.0,0.2815,0.5893,0.4989,1.43,firm-level-complaints-data-2025-h2.xlsx
2025H2,The Co-operative Bank P.l.c.,COVENTRY BUILDING SOCIETY,no,Banking and credit cards,8554.0,8443.0,0.6756,0.3096,0.657,2.48,firm-level-complaints-data-2025-h2.xlsx
2025H2,The Co-operative Bank P.l.c.,COVENTRY BUILDING SOCIETY,no,Decumulation & pensions,0.0,0.0,,,,,firm-level-complaints-data-2025-h2.xlsx
2025H2,The Co-operative Bank P.l.c.,COVENTRY BUILDING SOCIETY,no,Home finance,1067.0,1128.0,0.4122,0.5833,0.5762,7.99,firm-level-complaints-data-2025-h2.xlsx
2025H2,The Co-operative Bank P.l.c.,COVENTRY BUILDING SOCIETY,no,Insurance & pure protection,1.0,2.0,0.0,1.0,0.0,,firm-level-complaints-data-2025-h2.xlsx
2025H2,The Co-operative Bank P.l.c.,COVENTRY BUILDING SOCIETY,no,Investments,0.0,0.0,,,,,firm-level-complaints-data-2025-h2.xlsx
2025H2,The Mortgage Works (uk) PLC,NATIONWIDE BUILDING SOCIETY,no,Home finance,1481.0,1522.0,0.2339,0.7635,0.525,5.18,firm-level-complaints-data-2025-h2.xlsx
2025H2,The National Farmers' Union Mutual Insurance Society Limited,NO GROUP,yes,Decumulation & pensions,74.0,76.0,0.0132,0.9868,0.5658,0.71,firm-level-complaints-data-2025-h2.xlsx
2025H2,The National Farmers' Union Mutual Insurance Society Limited,NO GROUP,yes,Insurance & pure protection,4939.0,4864.0,0.3863,0.5724,0.626,2.9,firm-level-complaints-data-2025-h2.xlsx
2025H2,The National Farmers' Union Mutual Insurance Society Limited,NO GROUP,yes,Investments,63.0,60.0,0.0,1.0,0.5,0.98,firm-level-complaints-data-2025-h2.xlsx
2025H2,The Prudential Assurance Company Limited,M&G PLC,yes,Decumulation & pensions,6508.0,6617.0,0.1232,0.7859,0.8443,2.84,firm-level-complaints-data-2025-h2.xlsx
2025H2,The Prudential Assurance Company Limited,M&G PLC,yes,Home finance,34.0,40.0,0.1,0.35,0.325,5.01,firm-level-complaints-data-2025-h2.xlsx
2025H2,The Prudential Assurance Company Limited,M&G PLC,yes,Insurance & pure protection,750.0,785.0,0.1274,0.7618,0.893,0.49,firm-level-complaints-data-2025-h2.xlsx
2025H2,The Prudential Assurance Company Limited,M&G PLC,yes,Investments,2600.0,2721.0,0.1959,0.7211,0.8897,4.27,firm-level-complaints-data-2025-h2.xlsx
2025H2,The Royal Bank Of Scotland PLC,NATWEST GROUP,no,Banking and credit cards,18544.0,18093.0,0.4656,0.3443,0.5909,2.83,firm-level-complaints-data-2025-h2.xlsx
2025H2,The Royal Bank Of Scotland PLC,NATWEST GROUP,no,Decumulation & pensions,6.0,5.0,0.0,0.0,1.0,1.49,firm-level-complaints-data-2025-h2.xlsx
2025H2,The Royal Bank Of Scotland PLC,NATWEST GROUP,no,Home finance,1206.0,1215.0,0.4905,0.3992,0.5021,10.62,firm-level-complaints-data-2025-h2.xlsx
2025H2,The Royal Bank Of Scotland PLC,NATWEST GROUP,no,Insurance & pure protection,26.0,27.0,0.1111,0.7037,0.037,,firm-level-complaints-data-2025-h2.xlsx
2025H2,The Royal Bank Of Scotland PLC,NATWEST GROUP,no,Investments,102.0,93.0,0.0108,0.7097,0.6989,1.62,firm-level-complaints-data-2025-h2.xlsx
2025H2,Topaz Finance Limited,COMPUTERSHARE LIMITED,no,Home finance,3173.0,2978.0,0.2965,0.679,0.3741,24.13,firm-level-complaints-data-2025-h2.xlsx
2025H2,Tradex Insurance Company PLC,SATURN HOLDINGS PLC,no,Insurance & pure protection,3950.0,3993.0,0.4343,0.5284,0.6228,1.99,firm-level-complaints-data-2025-h2.xlsx
2025H2,Trading 212 UK Limited,NO GROUP,no,Banking and credit cards,513.0,538.0,0.2546,0.7454,0.145,0.57,firm-level-complaints-data-2025-h2.xlsx
2025H2,Trading 212 UK Limited,NO GROUP,no,Investments,1691.0,1680.0,0.2554,0.7435,0.0946,0.53,firm-level-complaints-data-2025-h2.xlsx
2025H2,True Potential Wealth Management LLP,NO GROUP,no,Decumulation & pensions,917.0,854.0,0.0199,0.8747,0.1581,,firm-level-complaints-data-2025-h2.xlsx
2025H2,True Potential Wealth Management LLP,NO GROUP,no,Home finance,1.0,1.0,,1.0,,,firm-level-complaints-data-2025-h2.xlsx
2025H2,True Potential Wealth Management LLP,NO GROUP,no,Insurance & pure protection,3.0,2.0,,1.0,,,firm-level-complaints-data-2025-h2.xlsx
2025H2,True Potential Wealth Management LLP,NO GROUP,no,Investments,121.0,124.0,0.0081,0.8548,0.25,,firm-level-complaints-data-2025-h2.xlsx
2025H2,U K Insurance Limited,DIRECT LINE GROUP,no,Insurance & pure protection,37282.0,37663.0,0.4741,0.491,0.6744,4.54,firm-level-complaints-data-2025-h2.xlsx
2025H2,U.s. Bank Europe Dac,U.S. BANCORP,no,Banking and credit cards,1747.0,1816.0,0.2296,0.7665,0.1525,22.25,firm-level-complaints-data-2025-h2.xlsx
2025H2,UK Mortgage Lending LTD,PEPPER GROUP,no,Home finance,682.0,643.0,0.3421,0.6439,0.5163,12.16,firm-level-complaints-data-2025-h2.xlsx
2025H2,Ubs Ag,UBS GROUP,no,Banking and credit cards,66.0,70.0,0.2286,0.7571,0.4571,4.54,firm-level-complaints-data-2025-h2.xlsx
2025H2,Ubs Ag,UBS GROUP,no,Decumulation & pensions,6.0,6.0,0.3333,0.6667,0.3333,,firm-level-complaints-data-2025-h2.xlsx
2025H2,Ubs Ag,UBS GROUP,no,Home finance,14.0,10.0,0.1,0.8,0.0,30.11,firm-level-complaints-data-2025-h2.xlsx
2025H2,Ubs Ag,UBS GROUP,no,Investments,462.0,475.0,0.5684,0.4168,0.6779,7.34,firm-level-complaints-data-2025-h2.xlsx
2025H2,Usay Business LTD,ARDONAGH GROUP,no,Insurance & pure protection,629.0,607.0,0.0824,0.9094,0.1944,,firm-level-complaints-data-2025-h2.xlsx
2025H2,Utility Warehouse Limited,TELECOM PLUS PLC,no,Insurance & pure protection,2188.0,2016.0,0.7951,0.0699,0.3155,11.93,firm-level-complaints-data-2025-h2.xlsx
2025H2,"Vanguard Asset Management, Ltd.","THE VANGUARD GROUP, INC.",no,Decumulation & pensions,569.0,596.0,0.0805,0.6946,0.6309,3.23,firm-level-complaints-data-2025-h2.xlsx
2025H2,"Vanguard Asset Management, Ltd.","THE VANGUARD GROUP, INC.",no,Investments,1075.0,1128.0,0.203,0.6578,0.4982,1.25,firm-level-complaints-data-2025-h2.xlsx
2025H2,Vanquis Bank Limited,VANQUIS BANKING GROUP,no,Banking and credit cards,18304.0,19927.0,0.3179,0.6602,0.2994,12.95,firm-level-complaints-data-2025-h2.xlsx
2025H2,Vitality Corporate Services Limited,DISCOVERY LIMITED,yes,Insurance & pure protection,10197.0,10580.0,0.4549,0.4954,0.5077,,firm-level-complaints-data-2025-h2.xlsx
2025H2,Vodafone Limited,VODAFONETHREE HOLDINGS LIMITED,no,Insurance & pure protection,252.0,253.0,0.6126,0.3874,0.5494,0.75,firm-level-complaints-data-2025-h2.xlsx
2025H2,Volkswagen Financial Services (uk) Limited,VOLKSWAGEN AG,no,Insurance & pure protection,15.0,22.0,0.0,0.0455,0.0,,firm-level-complaints-data-2025-h2.xlsx
2025H2,Wesleyan Assurance Society,NO GROUP,no,Decumulation & pensions,440.0,466.0,0.2747,0.6845,0.8927,5.49,firm-level-complaints-data-2025-h2.xlsx
2025H2,Wesleyan Assurance Society,NO GROUP,no,Insurance & pure protection,87.0,92.0,0.337,0.6196,0.8696,0.12,firm-level-complaints-data-2025-h2.xlsx
2025H2,Wesleyan Assurance Society,NO GROUP,no,Investments,217.0,219.0,0.3425,0.6393,0.9315,3.67,firm-level-complaints-data-2025-h2.xlsx
2025H2,West Bay Insurance PLC,QIC CAPITAL LLC,no,Insurance & pure protection,507.0,547.0,0.3144,0.5722,0.6673,,firm-level-complaints-data-2025-h2.xlsx
2025H2,Xbridge Limited,"THE TRAVELERS COMPANIES, INC.",no,Insurance & pure protection,1240.0,1319.0,0.113,0.8772,0.3958,,firm-level-complaints-data-2025-h2.xlsx
2025H2,Yorkshire Building Society,NO GROUP,no,Banking and credit cards,1832.0,1876.0,0.3678,0.629,0.7377,0.52,firm-level-complaints-data-2025-h2.xlsx
2025H2,Yorkshire Building Society,NO GROUP,no,Home finance,532.0,540.0,0.1889,0.7944,0.7426,8.21,firm-level-complaints-data-2025-h2.xlsx
2025H2,Yorkshire Building Society,NO GROUP,no,Insurance & pure protection,9.0,7.0,0.5714,0.4286,0.2857,0.25,firm-level-complaints-data-2025-h2.xlsx
2025H2,Yorkshire Building Society,NO GROUP,no,Investments,1.0,1.0,,1.0,,,firm-level-complaints-data-2025-h2.xlsx
2025H2,Zempler Bank Limited,ACCESS BANK PLC,no,Banking and credit cards,1519.0,1538.0,0.2627,0.7373,0.4298,3.05,firm-level-complaints-data-2025-h2.xlsx
2025H2,Zopa Bank Limited,ZOPA GROUP LIMITED,no,Banking and credit cards,6387.0,6533.0,0.4032,0.5953,0.4183,4.51,firm-level-complaints-data-2025-h2.xlsx
2025H2,Zopa Bank Limited,ZOPA GROUP LIMITED,no,Investments,4.0,4.0,0.0,1.0,1.0,1.94,firm-level-complaints-data-2025-h2.xlsx
2025H2,Zurich Assurance LTD,ZURICH INSURANCE GROUP LIMITED,no,Banking and credit cards,0.0,0.0,,,,,firm-level-complaints-data-2025-h2.xlsx
2025H2,Zurich Assurance LTD,ZURICH INSURANCE GROUP LIMITED,no,Decumulation & pensions,764.0,777.0,0.2625,0.7143,0.381,2.76,firm-level-complaints-data-2025-h2.xlsx
2025H2,Zurich Assurance LTD,ZURICH INSURANCE GROUP LIMITED,no,Home finance,3.0,3.0,0.0,1.0,0.0,,firm-level-complaints-data-2025-h2.xlsx
2025H2,Zurich Assurance LTD,ZURICH INSURANCE GROUP LIMITED,no,Insurance & pure protection,1851.0,1842.0,0.2264,0.7622,0.4696,0.6,firm-level-complaints-data-2025-h2.xlsx
2025H2,Zurich Assurance LTD,ZURICH INSURANCE GROUP LIMITED,no,Investments,278.0,293.0,0.1741,0.8157,0.4812,4.14,firm-level-complaints-data-2025-h2.xlsx
2025H2,Zurich Insurance Company LTD,ZURICH INSURANCE GROUP LIMITED,no,Insurance & pure protection,3407.0,3211.0,0.0909,0.7362,0.5979,0.88,firm-level-complaints-data-2025-h2.xlsx
