reporting_period,firm_name,product_group,complaints_opened,complaints_closed,closure_rate,pct_closed_3days,pct_closed_3to8weeks
2024H1,AIB Group (uk) PLC,Banking and credit cards,537.0,552.0,1.0279,0.3007,0.6975
2024H1,AIB Group (uk) PLC,Home finance,27.0,28.0,1.037,0.3214,0.6786
2024H1,AIB Group (uk) PLC,Insurance & pure protection,2.0,1.0,0.5,0.0,1.0
2024H1,AIB Group (uk) PLC,Investments,2.0,1.0,0.5,0.0,1.0
2024H1,Accord Mortgages Limited,Banking and credit cards,17.0,17.0,1.0,0.0588,0.8824
2024H1,Accord Mortgages Limited,Home finance,975.0,1022.0,1.0482,0.2867,0.5744
2024H1,Accredited Insurance (europe) LTD,Insurance & pure protection,5609.0,5831.0,1.0396,0.2307,0.5956
2024H1,Acorn Insurance & Financial Services LTD,Insurance & pure protection,633.0,686.0,1.0837,0.1953,0.8032
2024H1,Action 365 LTD,Insurance & pure protection,997.0,1127.0,1.1304,0.1109,0.638
2024H1,Adrian Flux Insurance Services Group,Insurance & pure protection,1271.0,1272.0,1.0008,0.9552,0.0448
2024H1,Advisory Insurance Brokers Limited,Insurance & pure protection,758.0,744.0,0.9815,0.3132,0.6331
2024H1,Ageas Insurance Limited,Insurance & pure protection,6073.0,6297.0,1.0369,0.2662,0.6228
2024H1,Ageas Retail Limited,Insurance & pure protection,1096.0,1083.0,0.9881,0.4561,0.5355
2024H1,Aioi Nissay Dowa Insurance UK Limited,Insurance & pure protection,2542.0,2465.0,0.9697,0.1201,0.8483
2024H1,Aj Bell Management Limited,Decumulation & pensions,763.0,772.0,1.0118,0.4417,0.5557
2024H1,Aj Bell Securities Limited,Banking and credit cards,23.0,27.0,1.1739,0.2593,0.7407
2024H1,Aj Bell Securities Limited,Decumulation & pensions,132.0,130.0,0.9848,0.2692,0.7308
2024H1,Aj Bell Securities Limited,Investments,537.0,545.0,1.0149,0.356,0.644
2024H1,Aldermore Bank PLC,Banking and credit cards,872.0,814.0,0.9335,0.5528,0.4373
2024H1,Aldermore Bank PLC,Home finance,924.0,881.0,0.9535,0.2599,0.7287
2024H1,Allianz Insurance PLC,Insurance & pure protection,3395.0,3411.0,1.0047,0.2911,0.6848
2024H1,American Express Services Europe Limited (aesel),Banking and credit cards,8716.0,8564.0,0.9826,0.1447,0.8542
2024H1,American Express Services Europe Limited (aesel),Insurance & pure protection,71.0,69.0,0.9718,0.058,0.9275
2024H1,American International Group UK Limited,Insurance & pure protection,3167.0,3147.0,0.9937,0.2371,0.7582
2024H1,Amtrust Europe Limited,Insurance & pure protection,2046.0,2243.0,1.0963,0.1734,0.6625
2024H1,Animal Friends Insurance Services LTD,Insurance & pure protection,3888.0,3657.0,0.9406,0.2316,0.7678
2024H1,Arnold Clark Automobiles Limited,Insurance & pure protection,21.0,22.0,1.0476,0.4545,0.5455
2024H1,Assurant General Insurance Limited,Insurance & pure protection,6202.0,6733.0,1.0856,0.3431,0.5696
2024H1,Astrenska Insurance Limited,Insurance & pure protection,1911.0,2387.0,1.2491,0.0855,0.7834
2024H1,Asurion Europe Limited,Insurance & pure protection,1586.0,1741.0,1.0977,0.251,0.7438
2024H1,Automobile Association Insurance Services Limited,Insurance & pure protection,11667.0,12312.0,1.0553,0.3409,0.6577
2024H1,Avantia Insurance Limited,Insurance & pure protection,1764.0,1679.0,0.9518,0.7147,0.2841
2024H1,Aviva Insurance Limited,Insurance & pure protection,48518.0,49278.0,1.0157,0.2904,0.646
2024H1,Aviva Life Services UK Limited,Decumulation & pensions,16375.0,15918.0,0.9721,0.3313,0.5298
2024H1,Aviva Life Services UK Limited,Home finance,1115.0,1065.0,0.9552,0.3859,0.4751
2024H1,Aviva Life Services UK Limited,Insurance & pure protection,3869.0,3745.0,0.968,0.3837,0.5196
2024H1,Aviva Life Services UK Limited,Investments,3032.0,3018.0,0.9954,0.3565,0.4417
2024H1,Awp Assistance UK LTD,Insurance & pure protection,2493.0,2282.0,0.9154,0.1507,0.8344
2024H1,Axa Insurance Designated Activity Company,Insurance & pure protection,2167.0,2172.0,1.0023,0.8435,0.1275
2024H1,Axa Insurance UK PLC,Insurance & pure protection,28525.0,30358.0,1.0643,0.2662,0.5126
2024H1,Axa Ppp Healthcare Limited,Insurance & pure protection,41657.0,41555.0,0.9976,0.7817,0.2095
2024H1,Bank Of Ireland (uk) PLC,Banking and credit cards,3059.0,3100.0,1.0134,0.4342,0.4835
2024H1,Bank Of Ireland (uk) PLC,Home finance,794.0,1155.0,1.4547,0.1593,0.2918
2024H1,Bank Of Ireland (uk) PLC,Insurance & pure protection,35.0,32.0,0.9143,,1.0
2024H1,Bank Of Ireland (uk) PLC,Investments,1.0,1.0,1.0,1.0,
2024H1,Bank Of Scotland PLC,Banking and credit cards,63896.0,64791.0,1.014,0.6118,0.3451
2024H1,Bank Of Scotland PLC,Decumulation & pensions,9.0,10.0,1.1111,0.1,0.7
2024H1,Bank Of Scotland PLC,Home finance,14104.0,14010.0,0.9933,0.4274,0.5374
2024H1,Bank Of Scotland PLC,Insurance & pure protection,291.0,280.0,0.9622,0.2464,0.7107
2024H1,Bank Of Scotland PLC,Investments,57.0,53.0,0.9298,0.0755,0.8302
2024H1,Barclays Bank PLC,Banking and credit cards,9600.0,9568.0,0.9967,0.7183,0.2594
2024H1,Barclays Bank PLC,Decumulation & pensions,32.0,40.0,1.25,0.275,0.625
2024H1,Barclays Bank PLC,Home finance,2.0,2.0,1.0,,1.0
2024H1,Barclays Bank PLC,Investments,1206.0,1454.0,1.2056,0.3088,0.478
2024H1,Barclays Bank UK PLC,Banking and credit cards,71096.0,75713.0,1.0649,0.605,0.3424
2024H1,Barclays Bank UK PLC,Decumulation & pensions,11.0,16.0,1.4545,0.25,0.25
2024H1,Barclays Bank UK PLC,Home finance,8557.0,9099.0,1.0633,0.4951,0.4313
2024H1,Barclays Bank UK PLC,Insurance & pure protection,245.0,282.0,1.151,0.4007,0.4255
2024H1,Barclays Bank UK PLC,Investments,46.0,74.0,1.6087,0.0405,0.3649
2024H1,Black Horse Limited,Home finance,374.0,2.0,0.0053,0.0,1.0
2024H1,Black Horse Limited,Insurance & pure protection,38.0,36.0,0.9474,0.5833,0.3889
2024H1,British Gas Services Limited,Insurance & pure protection,55282.0,55872.0,1.0107,0.755,0.2067
2024H1,Bspoke Underwriting LTD,Insurance & pure protection,526.0,520.0,0.9886,0.2135,0.775
2024H1,Bupa Insurance Services Limited,Insurance & pure protection,33137.0,34166.0,1.0311,0.4765,0.5158
2024H1,Cabot Credit Management Group Limited,Home finance,24.0,26.0,1.0833,0.0769,0.7692
2024H1,Call Assist LTD,Insurance & pure protection,852.0,909.0,1.0669,0.1936,0.8064
2024H1,Canada Life Limited,Decumulation & pensions,886.0,1232.0,1.3905,0.0682,0.6721
2024H1,Canada Life Limited,Insurance & pure protection,156.0,147.0,0.9423,0.3333,0.619
2024H1,Canada Life Limited,Investments,65.0,64.0,0.9846,0.0938,0.7969
2024H1,Capital One (europe) PLC,Banking and credit cards,24807.0,24932.0,1.005,0.1827,0.8019
2024H1,Capital One (europe) PLC,Insurance & pure protection,12.0,14.0,1.1667,0.1429,0.7143
2024H1,Car Care Plan Limited,Insurance & pure protection,978.0,980.0,1.002,0.3684,0.6255
2024H1,Carfinance247 Limited,Insurance & pure protection,146.0,140.0,0.9589,0.0,1.0
2024H1,Charter Court Financial Services Limited,Banking and credit cards,772.0,767.0,0.9935,0.3729,0.6271
2024H1,Charter Court Financial Services Limited,Home finance,1420.0,1495.0,1.0528,0.208,0.7552
2024H1,Chetwood Financial Limited,Banking and credit cards,354.0,334.0,0.9435,0.0299,0.9701
2024H1,Chubb European Group Se,Insurance & pure protection,4575.0,4476.0,0.9784,0.0827,0.9097
2024H1,Citibank UK Limited,Banking and credit cards,1808.0,1807.0,0.9994,0.6342,0.3658
2024H1,Citibank UK Limited,Investments,34.0,39.0,1.1471,0.1795,0.8205
2024H1,Clearbank Limited,Banking and credit cards,3239.0,3176.0,0.9805,0.4424,0.5551
2024H1,Close Brothers Limited,Banking and credit cards,347.0,349.0,1.0058,0.2006,0.7994
2024H1,Close Brothers Limited,Insurance & pure protection,1.0,1.0,1.0,0.0,0.0
2024H1,Clydesdale Bank PLC,Banking and credit cards,32221.0,31343.0,0.9728,0.4278,0.5413
2024H1,Clydesdale Bank PLC,Decumulation & pensions,2.0,2.0,1.0,0.5,0.5
2024H1,Clydesdale Bank PLC,Home finance,2126.0,2020.0,0.9501,0.1342,0.801
2024H1,Clydesdale Bank PLC,Insurance & pure protection,16.0,15.0,0.9375,0.1333,0.5333
2024H1,Clydesdale Bank PLC,Investments,12.0,11.0,0.9167,0.0909,0.5455
2024H1,Cofunds Limited,Decumulation & pensions,109.0,115.0,1.055,0.0261,0.2
2024H1,Cofunds Limited,Investments,962.0,1221.0,1.2692,0.0377,0.3325
2024H1,Columbia Threadneedle Management Limited,Investments,637.0,640.0,1.0047,0.2125,0.7547
2024H1,Compare The Market Limited,Banking and credit cards,0.0,0.0,,,
2024H1,Compare The Market Limited,Insurance & pure protection,505.0,506.0,1.002,0.1759,0.8241
2024H1,Complete Cover Group LTD,Insurance & pure protection,900.0,835.0,0.9278,0.1593,0.8371
2024H1,Connells Limited,Home finance,466.0,484.0,1.0386,0.0248,0.9401
2024H1,Connells Limited,Insurance & pure protection,106.0,111.0,1.0472,0.0991,0.8468
2024H1,Corgi Homeplan LTD,Insurance & pure protection,1956.0,2128.0,1.0879,0.0757,0.8999
2024H1,Coutts & Company,Banking and credit cards,1368.0,1386.0,1.0132,0.487,0.5022
2024H1,Coutts & Company,Decumulation & pensions,13.0,10.0,0.7692,0.0,1.0
2024H1,Coutts & Company,Home finance,131.0,129.0,0.9847,0.1395,0.7132
2024H1,Coutts & Company,Insurance & pure protection,11.0,11.0,1.0,0.6364,0.3636
2024H1,Coutts & Company,Investments,66.0,56.0,0.8485,,0.7857
2024H1,Covea Insurance PLC,Insurance & pure protection,2243.0,2240.0,0.9987,0.1759,0.7866
2024H1,Coventry Building Society,Banking and credit cards,3224.0,3224.0,1.0,0.5282,0.4705
2024H1,Coventry Building Society,Home finance,738.0,741.0,1.0041,0.4696,0.5196
2024H1,Coventry Building Society,Insurance & pure protection,2.0,2.0,1.0,0.5,0.5
2024H1,Creation Consumer Finance LTD,Banking and credit cards,6333.0,4554.0,0.7191,0.0736,0.7418
2024H1,Creation Consumer Finance LTD,Insurance & pure protection,0.0,0.0,,,
2024H1,Creation Financial Services Limited,Banking and credit cards,667.0,713.0,1.069,0.0827,0.6704
2024H1,Creation Financial Services Limited,Insurance & pure protection,0.0,0.0,,,
2024H1,Cynergy Bank PLC,Banking and credit cards,701.0,619.0,0.883,0.4023,0.5977
2024H1,Cynergy Bank PLC,Home finance,3.0,3.0,1.0,,1.0
2024H1,Das Legal Expenses Insurance Company Limited,Insurance & pure protection,1947.0,1964.0,1.0087,0.0891,0.8406
2024H1,Devitt Insurance Services LTD,Insurance & pure protection,486.0,486.0,1.0,0.8601,0.1132
2024H1,Domestic & General Insurance PLC,Insurance & pure protection,48821.0,48304.0,0.9894,0.5382,0.4463
2024H1,Elavon Financial Services Designated Activity Company,Banking and credit cards,2221.0,2217.0,0.9982,0.4375,0.5557
2024H1,Elderbridge Limited,Home finance,974.0,957.0,0.9825,0.069,0.6531
2024H1,Equiniti Financial Services Limited,Decumulation & pensions,18.0,19.0,1.0556,0.1579,0.8421
2024H1,Equiniti Financial Services Limited,Investments,3237.0,3045.0,0.9407,0.4102,0.5829
2024H1,Ergo Travel Insurance Services LTD,Insurance & pure protection,2921.0,3047.0,1.0431,0.1726,0.6567
2024H1,Esure Insurance Limited,Insurance & pure protection,20386.0,23636.0,1.1594,0.2248,0.4083
2024H1,Eui Limited,Insurance & pure protection,66719.0,66310.0,0.9939,0.5178,0.4454
2024H1,Exeter Friendly Society Limited,Insurance & pure protection,509.0,509.0,1.0,0.8566,0.1434
2024H1,Experian Limited,Home finance,0.0,0.0,,,
2024H1,Experian Limited,Insurance & pure protection,3.0,3.0,1.0,0.0,1.0
2024H1,Experian Limited,Investments,0.0,0.0,,,
2024H1,Extracover Limited,Banking and credit cards,0.0,0.0,,,
2024H1,Extracover Limited,Decumulation & pensions,0.0,0.0,,,
2024H1,Extracover Limited,Home finance,0.0,0.0,,,
2024H1,Extracover Limited,Insurance & pure protection,561.0,557.0,0.9929,0.4919,0.5081
2024H1,Extracover Limited,Investments,0.0,0.0,,,
2024H1,Family Equity Plan Limited,Banking and credit cards,480.0,483.0,1.0062,0.5942,0.4058
2024H1,Family Equity Plan Limited,Decumulation & pensions,0.0,0.0,,,
2024H1,Family Equity Plan Limited,Home finance,0.0,0.0,,,
2024H1,Family Equity Plan Limited,Insurance & pure protection,0.0,0.0,,,
2024H1,Family Equity Plan Limited,Investments,727.0,755.0,1.0385,0.298,0.702
2024H1,Fce Bank PLC,Banking and credit cards,94.0,115.0,1.2234,0.1391,0.8609
2024H1,Financial Administration Services Limited,Decumulation & pensions,654.0,725.0,1.1086,0.0841,0.5228
2024H1,Financial Administration Services Limited,Investments,1693.0,1938.0,1.1447,0.1548,0.582
2024H1,First Central Insurance Management Limited,Insurance & pure protection,10584.0,10408.0,0.9834,0.6845,0.2993
2024H1,Firstrand Bank Limited,Insurance & pure protection,31.0,22.0,0.7097,0.3182,0.6364
2024H1,Fish Administration Limited,Insurance & pure protection,530.0,481.0,0.9075,0.5301,0.4012
2024H1,Forester Life Limited,Decumulation & pensions,39.0,40.0,1.0256,0.375,0.375
2024H1,Forester Life Limited,Insurance & pure protection,51.0,51.0,1.0,0.4314,0.2745
2024H1,Forester Life Limited,Investments,622.0,626.0,1.0064,0.3946,0.4489
2024H1,Fortegra Europe Insurance Company LTD,Insurance & pure protection,4001.0,2944.0,0.7358,0.2561,0.6963
2024H1,Frasers Group Financial Services Limited,Insurance & pure protection,1.0,2.0,2.0,0.0,0.5
2024H1,Funding Circle LTD,Investments,36.0,35.0,0.9722,0.0571,0.9429
2024H1,HSBC UK Bank PLC,Banking and credit cards,101003.0,103743.0,1.0271,0.6447,0.351
2024H1,HSBC UK Bank PLC,Decumulation & pensions,48.0,49.0,1.0208,0.1633,0.5102
2024H1,HSBC UK Bank PLC,Home finance,6144.0,6302.0,1.0257,0.4118,0.5787
2024H1,HSBC UK Bank PLC,Insurance & pure protection,581.0,595.0,1.0241,0.2235,0.7395
2024H1,HSBC UK Bank PLC,Investments,1402.0,1411.0,1.0064,0.1914,0.7583
2024H1,Halifax Share Dealing Limited,Decumulation & pensions,17.0,14.0,0.8235,0.3571,0.5714
2024H1,Halifax Share Dealing Limited,Investments,689.0,679.0,0.9855,0.4993,0.4404
2024H1,Hargreaves Lansdown Asset Management Limited,Decumulation & pensions,1245.0,1358.0,1.0908,0.1598,0.8181
2024H1,Hargreaves Lansdown Asset Management Limited,Insurance & pure protection,2.0,2.0,1.0,0.0,0.0
2024H1,Hargreaves Lansdown Asset Management Limited,Investments,4100.0,3812.0,0.9298,0.2204,0.7529
2024H1,Hastings Insurance Services Limited,Insurance & pure protection,18217.0,17900.0,0.9826,0.3265,0.6545
2024H1,Hbos Investment Fund Managers Limited,Banking and credit cards,0.0,0.0,,,
2024H1,Hbos Investment Fund Managers Limited,Decumulation & pensions,0.0,0.0,,,
2024H1,Hbos Investment Fund Managers Limited,Home finance,0.0,0.0,,,
2024H1,Hbos Investment Fund Managers Limited,Insurance & pure protection,0.0,0.0,,,
2024H1,Hbos Investment Fund Managers Limited,Investments,754.0,757.0,1.004,0.502,0.4557
2024H1,Helvetia Global Solutions LTD,Insurance & pure protection,1363.0,1358.0,0.9963,0.3616,0.6009
2024H1,Hiscox Insurance Company Limited,Insurance & pure protection,630.0,586.0,0.9302,0.1126,0.872
2024H1,Home Retail Group Card Services Limited,Banking and credit cards,4398.0,4006.0,0.9109,0.2863,0.7089
2024H1,Homeserve Membership Limited,Insurance & pure protection,2864.0,2744.0,0.9581,0.1778,0.8083
2024H1,Hood Travel Limited,Insurance & pure protection,566.0,478.0,0.8445,0.5439,0.4519
2024H1,Howserv Limited,Insurance & pure protection,2045.0,2045.0,1.0,0.3423,0.6572
2024H1,Ikano Bank Ab (publ),Banking and credit cards,1732.0,1745.0,1.0075,0.2338,0.6762
2024H1,Insurance Factory LTD,Insurance & pure protection,3805.0,3848.0,1.0113,0.3067,0.6871
2024H1,Integra Insurance Solutions Limited,Insurance & pure protection,535.0,608.0,1.1364,0.097,0.7878
2024H1,Interactive Brokers (u.k.) Limited,Investments,673.0,643.0,0.9554,0.2519,0.7107
2024H1,Interactive Investor Services Limited,Decumulation & pensions,212.0,179.0,0.8443,0.1285,0.5978
2024H1,Interactive Investor Services Limited,Investments,2378.0,2353.0,0.9895,0.2014,0.6536
2024H1,Invesco Fund Managers Limited,Investments,650.0,627.0,0.9646,0.051,0.9155
2024H1,Investec Bank PLC,Banking and credit cards,467.0,445.0,0.9529,0.3213,0.6787
2024H1,Investec Bank PLC,Home finance,11.0,9.0,0.8182,,1.0
2024H1,Investec Bank PLC,Investments,28.0,28.0,1.0,0.0357,0.9286
2024H1,Investment Funds Direct Limited,Decumulation & pensions,286.0,375.0,1.3112,0.0693,0.576
2024H1,Investment Funds Direct Limited,Investments,320.0,396.0,1.2375,0.0556,0.5505
2024H1,J D Williams & Company Limited,Insurance & pure protection,10.0,9.0,0.9,0.0,1.0
2024H1,J.p. Morgan Europe Limited,Banking and credit cards,12121.0,12056.0,0.9946,0.2974,0.7021
2024H1,James Hay Administration Company LTD,Decumulation & pensions,734.0,688.0,0.9373,0.0349,0.9186
2024H1,Janus Henderson Fund Management UK Limited,Investments,792.0,769.0,0.971,0.4564,0.5241
2024H1,Kensington Mortgage Company Limited,Home finance,1055.0,1030.0,0.9763,0.3243,0.6612
2024H1,Kroo Bank LTD,Banking and credit cards,1083.0,1099.0,1.0148,0.0264,0.9636
2024H1,Landmark Mortgages Limited,Home finance,782.0,945.0,1.2084,0.1365,0.8042
2024H1,Leaseplan UK Limited,Insurance & pure protection,3.0,2.0,0.6667,0.5,0.5
2024H1,Leeds Building Society,Banking and credit cards,1951.0,2003.0,1.0267,0.5796,0.4199
2024H1,Leeds Building Society,Home finance,1334.0,1320.0,0.9895,0.4205,0.5758
2024H1,Leeds Building Society,Insurance & pure protection,19.0,20.0,1.0526,0.55,0.45
2024H1,Leeds Building Society,Investments,1.0,1.0,1.0,,1.0
2024H1,Legal & General (portfolio Management Services) LTD,Decumulation & pensions,565.0,590.0,1.0442,0.5712,0.422
2024H1,Legal & General (portfolio Management Services) LTD,Investments,6.0,5.0,0.8333,0.6,0.4
2024H1,Legal And General Assurance Society Limited,Decumulation & pensions,1742.0,1704.0,0.9782,0.1244,0.3011
2024H1,Legal And General Assurance Society Limited,Insurance & pure protection,3074.0,3230.0,1.0507,0.3337,0.4672
2024H1,Lenvi Servicing Limited,Home finance,1380.0,939.0,0.6804,0.2567,0.5176
2024H1,Liverpool Victoria Insurance Company Limited,Insurance & pure protection,10678.0,11297.0,1.058,0.3543,0.4754
2024H1,Lloyds Bank General Insurance Limited,Banking and credit cards,0.0,0.0,,,
2024H1,Lloyds Bank General Insurance Limited,Decumulation & pensions,0.0,0.0,,,
2024H1,Lloyds Bank General Insurance Limited,Home finance,0.0,0.0,,,
2024H1,Lloyds Bank General Insurance Limited,Insurance & pure protection,6428.0,6348.0,0.9876,0.3307,0.6363
2024H1,Lloyds Bank General Insurance Limited,Investments,0.0,0.0,,,
2024H1,Lloyds Bank PLC,Banking and credit cards,69299.0,69777.0,1.0069,0.597,0.3561
2024H1,Lloyds Bank PLC,Decumulation & pensions,57.0,58.0,1.0175,0.0862,0.8103
2024H1,Lloyds Bank PLC,Home finance,2984.0,2957.0,0.991,0.4278,0.5205
2024H1,Lloyds Bank PLC,Insurance & pure protection,556.0,550.0,0.9892,0.2218,0.7145
2024H1,Lloyds Bank PLC,Investments,53.0,50.0,0.9434,0.1,0.72
2024H1,London And Country Mortgages LTD,Home finance,581.0,601.0,1.0344,0.1864,0.807
2024H1,London And Country Mortgages LTD,Insurance & pure protection,34.0,34.0,1.0,0.2647,0.7353
2024H1,M & G Securities Limited,Investments,852.0,848.0,0.9953,0.3007,0.6651
2024H1,MBNA Limited,Banking and credit cards,10614.0,10620.0,1.0006,0.6088,0.3776
2024H1,MBNA Limited,Decumulation & pensions,0.0,0.0,,,
2024H1,MBNA Limited,Home finance,0.0,0.0,,,
2024H1,MBNA Limited,Insurance & pure protection,76.0,75.0,0.9868,0.2133,0.7867
2024H1,MBNA Limited,Investments,0.0,0.0,,,
2024H1,Manypets LTD,Insurance & pure protection,6653.0,6234.0,0.937,0.0175,0.8393
2024H1,Marks & Spencer Financial Services PLC,Banking and credit cards,9336.0,8975.0,0.9613,0.5426,0.4411
2024H1,Marks & Spencer Financial Services PLC,Decumulation & pensions,0.0,0.0,,,
2024H1,Marks & Spencer Financial Services PLC,Home finance,0.0,0.0,,,
2024H1,Marks & Spencer Financial Services PLC,Insurance & pure protection,143.0,160.0,1.1189,0.6063,0.3875
2024H1,Marks & Spencer Financial Services PLC,Investments,0.0,0.0,,,
2024H1,Marshmallow Financial Services LTD,Insurance & pure protection,2918.0,2049.0,0.7022,0.0254,0.7975
2024H1,Metlife Europe D.a.c.,Insurance & pure protection,501.0,468.0,0.9341,0.1859,0.703
2024H1,Metro Bank PLC,Banking and credit cards,9003.0,9312.0,1.0343,0.3319,0.667
2024H1,Metro Bank PLC,Home finance,243.0,241.0,0.9918,0.2531,0.6971
2024H1,Monzo Bank LTD,Banking and credit cards,42016.0,39742.0,0.9459,0.0041,0.8717
2024H1,Monzo Bank LTD,Investments,73.0,60.0,0.8219,0.0333,0.9667
2024H1,Moorcroft Debt Recovery Limited,Banking and credit cards,551.0,453.0,0.8221,0.2053,0.7947
2024H1,Motonovo Finance Limited,Insurance & pure protection,41.0,39.0,0.9512,0.2308,0.7179
2024H1,Munich Re Digital Partners LTD,Insurance & pure protection,1000.0,1159.0,1.159,0.4193,0.5695
2024H1,National Westminster Bank PLC,Banking and credit cards,80269.0,83548.0,1.0409,0.3836,0.5624
2024H1,National Westminster Bank PLC,Decumulation & pensions,37.0,39.0,1.0541,0.0256,0.4615
2024H1,National Westminster Bank PLC,Home finance,7245.0,7325.0,1.011,0.2808,0.6386
2024H1,National Westminster Bank PLC,Insurance & pure protection,115.0,129.0,1.1217,0.1008,0.7674
2024H1,National Westminster Bank PLC,Investments,134.0,147.0,1.097,0.0272,0.6667
2024H1,Nationwide Building Society,Banking and credit cards,56809.0,55806.0,0.9823,0.5502,0.447
2024H1,Nationwide Building Society,Decumulation & pensions,3.0,3.0,1.0,0.0,1.0
2024H1,Nationwide Building Society,Home finance,4617.0,4433.0,0.9601,0.372,0.6253
2024H1,Nationwide Building Society,Insurance & pure protection,178.0,185.0,1.0393,0.2865,0.5351
2024H1,Nationwide Building Society,Investments,171.0,188.0,1.0994,0.2128,0.7872
2024H1,Newcastle Building Society,Banking and credit cards,345.0,349.0,1.0116,0.5874,0.4126
2024H1,Newcastle Building Society,Decumulation & pensions,0.0,0.0,,,
2024H1,Newcastle Building Society,Home finance,191.0,190.0,0.9948,0.6421,0.3579
2024H1,Newcastle Building Society,Insurance & pure protection,0.0,0.0,,,
2024H1,Newcastle Building Society,Investments,7.0,7.0,1.0,0.4286,0.5714
2024H1,Northern Bank Limited,Banking and credit cards,1608.0,1527.0,0.9496,0.5632,0.4361
2024H1,Northern Bank Limited,Decumulation & pensions,0.0,0.0,,,
2024H1,Northern Bank Limited,Home finance,75.0,69.0,0.92,0.2464,0.7536
2024H1,Northern Bank Limited,Insurance & pure protection,4.0,4.0,1.0,0.0,1.0
2024H1,Northern Bank Limited,Investments,0.0,0.0,,,
2024H1,Nutmeg Saving And Investment Limited,Decumulation & pensions,185.0,185.0,1.0,0.1081,0.8919
2024H1,Nutmeg Saving And Investment Limited,Investments,474.0,474.0,1.0,0.2131,0.7869
2024H1,One Call Insurance Services Limited,Insurance & pure protection,3202.0,3199.0,0.9991,0.7956,0.2035
2024H1,Onesavings Bank PLC,Banking and credit cards,1308.0,1273.0,0.9732,0.5797,0.414
2024H1,Onesavings Bank PLC,Home finance,1089.0,1220.0,1.1203,0.2369,0.6402
2024H1,Paragon Bank PLC,Banking and credit cards,800.0,924.0,1.155,0.1461,0.8344
2024H1,Paragon Bank PLC,Home finance,237.0,228.0,0.962,0.3465,0.6184
2024H1,Pendragon Finance And Insurance Services Limited,Insurance & pure protection,34.0,34.0,1.0,0.2941,0.7059
2024H1,People's Administration Services Limited,Decumulation & pensions,4246.0,4246.0,1.0,0.4407,0.5483
2024H1,Pepper (uk) Limited,Home finance,763.0,776.0,1.017,0.2075,0.7796
2024H1,Phoenix Life Limited,Decumulation & pensions,10333.0,9632.0,0.9322,0.3798,0.5288
2024H1,Phoenix Life Limited,Home finance,7.0,9.0,1.2857,0.1111,0.5556
2024H1,Phoenix Life Limited,Insurance & pure protection,2682.0,2455.0,0.9154,0.3324,0.5678
2024H1,Phoenix Life Limited,Investments,952.0,900.0,0.9454,0.2856,0.6011
2024H1,Pinnacle Insurance PLC,Insurance & pure protection,2528.0,2533.0,1.002,0.4054,0.5914
2024H1,Prestige Underwriting Services LTD,Insurance & pure protection,507.0,528.0,1.0414,0.1534,0.8447
2024H1,Principality Building Society,Banking and credit cards,768.0,809.0,1.0534,0.5093,0.4808
2024H1,Principality Building Society,Home finance,466.0,480.0,1.03,0.45,0.5354
2024H1,Principality Building Society,Insurance & pure protection,2.0,2.0,1.0,0.0,1.0
2024H1,Principality Building Society,Investments,1.0,1.0,1.0,0.0,1.0
2024H1,Qbe UK Limited,Insurance & pure protection,944.0,918.0,0.9725,0.2102,0.6503
2024H1,Qmetric Group Limited,Insurance & pure protection,3280.0,3038.0,0.9262,0.1814,0.7699
2024H1,Quilter Investment Platform Limited,Investments,610.0,680.0,1.1148,0.0059,0.9926
2024H1,Quilter Life & Pensions Limited,Decumulation & pensions,655.0,714.0,1.0901,0.0042,0.9944
2024H1,Quilter Life & Pensions Limited,Investments,144.0,151.0,1.0486,0.0,1.0
2024H1,RBS Collective Investment Funds Limited,Investments,1430.0,1398.0,0.9776,0.5107,0.4807
2024H1,Rac Motoring Services,Insurance & pure protection,9218.0,10413.0,1.1296,0.1489,0.836
2024H1,Reassure Life Limited,Decumulation & pensions,280.0,274.0,0.9786,0.2372,0.7044
2024H1,Reassure Life Limited,Insurance & pure protection,467.0,451.0,0.9657,0.337,0.6075
2024H1,Reassure Life Limited,Investments,232.0,210.0,0.9052,0.3905,0.5714
2024H1,Reassure Limited,Decumulation & pensions,3505.0,3171.0,0.9047,0.3213,0.6462
2024H1,Reassure Limited,Insurance & pure protection,744.0,694.0,0.9328,0.2262,0.745
2024H1,Reassure Limited,Investments,757.0,743.0,0.9815,0.4482,0.5303
2024H1,Reassured LTD,Insurance & pure protection,607.0,616.0,1.0148,0.5812,0.4172
2024H1,Rock Insurance Services Limited,Insurance & pure protection,818.0,790.0,0.9658,0.3304,0.6671
2024H1,Royal & Sun Alliance Insurance Limited,Insurance & pure protection,15116.0,17052.0,1.1281,0.4382,0.3599
2024H1,Sabre Insurance Company Limited,Insurance & pure protection,681.0,695.0,1.0206,0.5655,0.4201
2024H1,Saga Services Limited,Insurance & pure protection,16349.0,16459.0,1.0067,0.8303,0.1654
2024H1,Sainsbury's Bank PLC,Banking and credit cards,3440.0,3838.0,1.1157,0.3671,0.5714
2024H1,Sainsbury's Bank PLC,Home finance,67.0,93.0,1.3881,0.0323,0.8602
2024H1,Sainsbury's Bank PLC,Insurance & pure protection,877.0,1378.0,1.5713,0.0602,0.6466
2024H1,Santander Consumer (uk) PLC,Insurance & pure protection,1.0,0.0,0.0,,
2024H1,Santander UK PLC,Banking and credit cards,60720.0,60610.0,0.9982,0.5554,0.4296
2024H1,Santander UK PLC,Decumulation & pensions,25.0,22.0,0.88,0.0909,0.5909
2024H1,Santander UK PLC,Home finance,6932.0,7130.0,1.0286,0.5732,0.4243
2024H1,Santander UK PLC,Insurance & pure protection,105.0,186.0,1.7714,0.3925,0.4355
2024H1,Santander UK PLC,Investments,34.0,31.0,0.9118,,0.5161
2024H1,Scottish Equitable PLC,Decumulation & pensions,4586.0,5713.0,1.2457,0.1859,0.3651
2024H1,Scottish Equitable PLC,Insurance & pure protection,239.0,242.0,1.0126,0.4132,0.5702
2024H1,Scottish Equitable PLC,Investments,74.0,77.0,1.0405,0.3506,0.6104
2024H1,Scottish Friendly Assurance Society Limited,Decumulation & pensions,406.0,407.0,1.0025,0.1057,0.8206
2024H1,Scottish Friendly Assurance Society Limited,Insurance & pure protection,390.0,410.0,1.0513,0.1366,0.8488
2024H1,Scottish Friendly Assurance Society Limited,Investments,570.0,575.0,1.0088,0.1722,0.8226
2024H1,Scottish Widows Administration Services Limited,Banking and credit cards,0.0,0.0,,,
2024H1,Scottish Widows Administration Services Limited,Decumulation & pensions,537.0,631.0,1.175,0.0507,0.8447
2024H1,Scottish Widows Administration Services Limited,Home finance,0.0,0.0,,,
2024H1,Scottish Widows Administration Services Limited,Insurance & pure protection,0.0,0.0,,,
2024H1,Scottish Widows Administration Services Limited,Investments,1.0,1.0,1.0,0.0,1.0
2024H1,Scottish Widows Limited,Banking and credit cards,0.0,0.0,,,
2024H1,Scottish Widows Limited,Decumulation & pensions,9160.0,9037.0,0.9866,0.2091,0.6602
2024H1,Scottish Widows Limited,Home finance,0.0,0.0,,,
2024H1,Scottish Widows Limited,Insurance & pure protection,1472.0,1518.0,1.0312,0.3564,0.5514
2024H1,Scottish Widows Limited,Investments,2102.0,2157.0,1.0262,0.2017,0.6963
2024H1,Scottish Widows Unit Trust Managers Limited,Banking and credit cards,0.0,0.0,,,
2024H1,Scottish Widows Unit Trust Managers Limited,Decumulation & pensions,0.0,0.0,,,
2024H1,Scottish Widows Unit Trust Managers Limited,Home finance,0.0,0.0,,,
2024H1,Scottish Widows Unit Trust Managers Limited,Insurance & pure protection,0.0,0.0,,,
2024H1,Scottish Widows Unit Trust Managers Limited,Investments,631.0,632.0,1.0016,0.4604,0.5063
2024H1,Secure Trust Bank PLC,Banking and credit cards,320.0,354.0,1.1062,0.0763,0.8814
2024H1,Secure Trust Bank PLC,Home finance,3.0,2.0,0.6667,0.0,0.5
2024H1,Shawbrook Bank Limited,Banking and credit cards,1251.0,1465.0,1.1711,0.2942,0.6355
2024H1,Shawbrook Bank Limited,Home finance,516.0,554.0,1.0736,0.1408,0.8032
2024H1,Shop Direct Finance Company Limited,Insurance & pure protection,418.0,451.0,1.0789,0.0044,0.9579
2024H1,Simplyhealth Access,Insurance & pure protection,1997.0,1991.0,0.997,0.3551,0.6444
2024H1,Skipton Building Society,Banking and credit cards,2837.0,2809.0,0.9901,0.5785,0.4155
2024H1,Skipton Building Society,Decumulation & pensions,51.0,53.0,1.0392,0.0377,0.9623
2024H1,Skipton Building Society,Home finance,630.0,621.0,0.9857,0.3929,0.6023
2024H1,Skipton Building Society,Insurance & pure protection,14.0,10.0,0.7143,0.7,0.3
2024H1,Skipton Building Society,Investments,147.0,139.0,0.9456,0.1799,0.8201
2024H1,Society Of Lloyd's,Insurance & pure protection,5309.0,5361.0,1.0098,0.2953,0.681
2024H1,Somerset Bridge Insurance Services Limited,Insurance & pure protection,519.0,472.0,0.9094,0.4386,0.5551
2024H1,St James's Place Investment Administration Limited,Investments,508.0,509.0,1.002,0.0118,0.945
2024H1,St James's Place UK PLC,Decumulation & pensions,1066.0,966.0,0.9062,0.0031,0.9213
2024H1,St James's Place UK PLC,Insurance & pure protection,10.0,8.0,0.8,0.0,0.875
2024H1,St James's Place UK PLC,Investments,270.0,215.0,0.7963,0.0047,0.9628
2024H1,St. James's Place Wealth Management PLC,Banking and credit cards,0.0,0.0,,,
2024H1,St. James's Place Wealth Management PLC,Decumulation & pensions,8323.0,3251.0,0.3906,0.0009,0.0692
2024H1,St. James's Place Wealth Management PLC,Home finance,18.0,6.0,0.3333,0.0,0.0
2024H1,St. James's Place Wealth Management PLC,Insurance & pure protection,206.0,39.0,0.1893,0.0,0.0513
2024H1,St. James's Place Wealth Management PLC,Investments,6828.0,3052.0,0.447,0.001,0.0731
2024H1,Standard Life Savings Limited,Investments,665.0,671.0,1.009,0.1103,0.8718
2024H1,Starling Bank Limited,Banking and credit cards,20482.0,19426.0,0.9484,0.0962,0.8984
2024H1,Starr International (europe) Limited,Insurance & pure protection,1681.0,1682.0,1.0006,0.1314,0.865
2024H1,Suffolk Life Pensions Limited,Decumulation & pensions,536.0,530.0,0.9888,0.1868,0.5509
2024H1,Sun Life Assurance Company Of Canada (u.k.) Limited,Decumulation & pensions,714.0,750.0,1.0504,0.18,0.7653
2024H1,Sun Life Assurance Company Of Canada (u.k.) Limited,Insurance & pure protection,367.0,379.0,1.0327,0.1266,0.8522
2024H1,Sun Life Assurance Company Of Canada (u.k.) Limited,Investments,96.0,98.0,1.0208,0.1939,0.8061
2024H1,Swift 1st Limited,Home finance,912.0,879.0,0.9638,0.504,0.4937
2024H1,TSB Bank PLC,Banking and credit cards,23784.0,23831.0,1.002,0.6762,0.3185
2024H1,TSB Bank PLC,Home finance,1920.0,1997.0,1.0401,0.5734,0.4136
2024H1,TSB Bank PLC,Insurance & pure protection,30.0,28.0,0.9333,0.6071,0.3214
2024H1,Telefonica Seguros Y Reaseguros Compania Aseguradora S.a.u.,Insurance & pure protection,3102.0,3110.0,1.0026,0.1974,0.7859
2024H1,Telefonica UK Limited,Insurance & pure protection,29.0,16.0,0.5517,0.1875,0.5
2024H1,Tesco Personal Finance PLC,Banking and credit cards,14290.0,14388.0,1.0069,0.5261,0.4719
2024H1,Tesco Personal Finance PLC,Insurance & pure protection,3659.0,3634.0,0.9932,0.3448,0.6544
2024H1,Tesco Underwriting Limited,Insurance & pure protection,2740.0,2827.0,1.0318,0.2423,0.5094
2024H1,The Co-operative Bank PLC,Banking and credit cards,12595.0,12016.0,0.954,0.806,0.153
2024H1,The Co-operative Bank PLC,Decumulation & pensions,2.0,1.0,0.5,0.0,1.0
2024H1,The Co-operative Bank PLC,Home finance,3548.0,3051.0,0.8599,0.3019,0.3281
2024H1,The Co-operative Bank PLC,Insurance & pure protection,6.0,6.0,1.0,0.0,0.8333
2024H1,The Co-operative Bank PLC,Investments,1.0,1.0,1.0,0.0,0.0
2024H1,The Mortgage Works (uk) PLC,Home finance,1534.0,1465.0,0.955,0.2491,0.7392
2024H1,The National Farmers' Union Mutual Insurance Society Limited,Decumulation & pensions,80.0,77.0,0.9625,0.039,0.961
2024H1,The National Farmers' Union Mutual Insurance Society Limited,Insurance & pure protection,6635.0,6769.0,1.0202,0.3996,0.5632
2024H1,The National Farmers' Union Mutual Insurance Society Limited,Investments,59.0,54.0,0.9153,0.037,0.963
2024H1,The Prudential Assurance Company Limited,Decumulation & pensions,6734.0,6117.0,0.9084,0.1579,0.7899
2024H1,The Prudential Assurance Company Limited,Home finance,33.0,37.0,1.1212,0.0541,0.8919
2024H1,The Prudential Assurance Company Limited,Insurance & pure protection,704.0,628.0,0.892,0.1736,0.7866
2024H1,The Prudential Assurance Company Limited,Investments,2696.0,2627.0,0.9744,0.2143,0.7457
2024H1,The Royal Bank Of Scotland PLC,Banking and credit cards,18625.0,19282.0,1.0353,0.3801,0.5626
2024H1,The Royal Bank Of Scotland PLC,Decumulation & pensions,6.0,7.0,1.1667,0.0,0.1429
2024H1,The Royal Bank Of Scotland PLC,Home finance,1583.0,1643.0,1.0379,0.2538,0.6318
2024H1,The Royal Bank Of Scotland PLC,Insurance & pure protection,35.0,36.0,1.0286,0.0556,0.6389
2024H1,The Royal Bank Of Scotland PLC,Investments,37.0,36.0,0.973,0.0,0.5833
2024H1,Topaz Finance Limited,Home finance,2693.0,3222.0,1.1964,0.1738,0.7874
2024H1,Tradex Insurance Company PLC,Insurance & pure protection,1588.0,1430.0,0.9005,0.3601,0.6196
2024H1,Triodos Bank UK Limited,Banking and credit cards,590.0,579.0,0.9814,0.4508,0.5492
2024H1,Triodos Bank UK Limited,Investments,97.0,96.0,0.9897,0.3646,0.6354
2024H1,U K Insurance Limited,Insurance & pure protection,53474.0,54621.0,1.0214,0.4844,0.4748
2024H1,UK Mortgage Lending LTD,Home finance,656.0,693.0,1.0564,0.3896,0.6003
2024H1,Unum LTD,Insurance & pure protection,581.0,466.0,0.8021,0.0515,0.8133
2024H1,Usay Business Limited,Insurance & pure protection,688.0,650.0,0.9448,0.0354,0.9615
2024H1,Utility Warehouse Limited,Insurance & pure protection,609.0,578.0,0.9491,0.6003,0.3997
2024H1,"Vanguard Asset Management, LTD",Decumulation & pensions,805.0,759.0,0.9429,0.0527,0.1238
2024H1,"Vanguard Asset Management, LTD",Investments,1330.0,1216.0,0.9143,0.0987,0.3092
2024H1,Vanquis Bank Limited,Banking and credit cards,33775.0,39974.0,1.1835,0.0682,0.3487
2024H1,Vitality Corporate Services Limited,Insurance & pure protection,9239.0,9285.0,1.005,0.384,0.5468
2024H1,Vodafone Limited,Insurance & pure protection,377.0,377.0,1.0,0.7798,0.2202
2024H1,Volkswagen Financial Services (uk) Limited,Insurance & pure protection,3.0,3.0,1.0,0.0,1.0
2024H1,Wesleyan Assurance Society,Decumulation & pensions,352.0,336.0,0.9545,0.2292,0.753
2024H1,Wesleyan Assurance Society,Insurance & pure protection,138.0,139.0,1.0072,0.3237,0.6475
2024H1,Wesleyan Assurance Society,Investments,395.0,415.0,1.0506,0.3542,0.6217
2024H1,Xbridge Limited,Insurance & pure protection,1061.0,1040.0,0.9802,0.1904,0.8019
2024H1,Yorkshire Building Society,Banking and credit cards,2491.0,2623.0,1.053,0.3054,0.6748
2024H1,Yorkshire Building Society,Decumulation & pensions,2.0,1.0,0.5,0.0,1.0
2024H1,Yorkshire Building Society,Home finance,746.0,785.0,1.0523,0.2344,0.6701
2024H1,Yorkshire Building Society,Insurance & pure protection,16.0,13.0,0.8125,0.2308,0.7692
2024H1,Yorkshire Building Society,Investments,4.0,3.0,0.75,0.3333,0.6667
2024H1,Zempler Bank Limited,Banking and credit cards,1769.0,1624.0,0.918,0.2272,0.7722
2024H1,Zopa Bank Limited,Banking and credit cards,3092.0,2927.0,0.9466,0.3468,0.6498
2024H1,Zurich Assurance LTD,Banking and credit cards,0.0,0.0,,,
2024H1,Zurich Assurance LTD,Decumulation & pensions,1337.0,1313.0,0.982,0.2285,0.7502
2024H1,Zurich Assurance LTD,Home finance,1.0,1.0,1.0,0.0,0.0
2024H1,Zurich Assurance LTD,Insurance & pure protection,2387.0,2430.0,1.018,0.2412,0.7527
2024H1,Zurich Assurance LTD,Investments,440.0,443.0,1.0068,0.2889,0.7088
2024H1,Zurich Insurance Company LTD,Insurance & pure protection,3455.0,3473.0,1.0052,0.1857,0.7924
2024H2,Accord Mortgages Limited,Banking and credit cards,27.0,25.0,0.9259,0.32,0.68
2024H2,Accord Mortgages Limited,Home finance,865.0,855.0,0.9884,0.324,0.6526
2024H2,Accredited Insurance (europe) LTD,Insurance & pure protection,4219.0,4005.0,0.9493,0.2787,0.6979
2024H2,Acm Ulr Limited,Insurance & pure protection,865.0,837.0,0.9676,0.086,0.8984
2024H2,Acorn Insurance & Financial Services LTD,Insurance & pure protection,823.0,770.0,0.9356,0.274,0.7247
2024H2,Action 365 LTD,Insurance & pure protection,966.0,998.0,1.0331,0.2124,0.6984
2024H2,Adrian Flux Insurance Services Group,Insurance & pure protection,1665.0,1665.0,1.0,0.9369,0.0619
2024H2,Advisory Insurance Brokers Limited,Insurance & pure protection,816.0,778.0,0.9534,0.2198,0.7057
2024H2,Affinity Insurance Solutions Limited,Insurance & pure protection,806.0,807.0,1.0012,0.8278,0.1698
2024H2,Ageas Insurance Limited,Insurance & pure protection,5058.0,5243.0,1.0366,0.2685,0.6481
2024H2,Ageas Retail Limited,Insurance & pure protection,993.0,995.0,1.002,0.4834,0.5126
2024H2,Aioi Nissay Dowa Insurance UK Limited,Insurance & pure protection,2193.0,2628.0,1.1984,0.1572,0.8204
2024H2,Aj Bell Management Limited,Decumulation & pensions,955.0,963.0,1.0084,0.4382,0.5576
2024H2,Aj Bell Securities Limited,Banking and credit cards,19.0,19.0,1.0,0.4211,0.5789
2024H2,Aj Bell Securities Limited,Decumulation & pensions,191.0,196.0,1.0262,0.2704,0.7296
2024H2,Aj Bell Securities Limited,Investments,749.0,753.0,1.0053,0.417,0.579
2024H2,Aldermore Bank PLC,Banking and credit cards,695.0,586.0,0.8432,0.3584,0.6041
2024H2,Aldermore Bank PLC,Home finance,749.0,800.0,1.0681,0.2825,0.6638
2024H2,Allianz Insurance PLC,Insurance & pure protection,2947.0,2929.0,0.9939,0.2414,0.7426
2024H2,American Express Services Europe Limited,Banking and credit cards,11203.0,10728.0,0.9576,0.133,0.8669
2024H2,American Express Services Europe Limited,Insurance & pure protection,70.0,64.0,0.9143,0.0,1.0
2024H2,American International Group UK Limited,Insurance & pure protection,1109.0,1107.0,0.9982,0.168,0.8202
2024H2,Amtrust Specialty Limited,Insurance & pure protection,2314.0,2140.0,0.9248,0.1654,0.7673
2024H2,Animal Friends Insurance Services LTD,Insurance & pure protection,3228.0,3041.0,0.9421,0.2499,0.7494
2024H2,Arag Legal Expenses Insurance Company Limited,Insurance & pure protection,1930.0,1948.0,1.0093,0.0765,0.8178
2024H2,Arthur J. Gallagher Insurance Brokers Limited,Insurance & pure protection,1047.0,1051.0,1.0038,0.3406,0.6365
2024H2,Assurant General Insurance Limited,Insurance & pure protection,6996.0,7621.0,1.0893,0.576,0.3486
2024H2,Astrenska Insurance Limited,Insurance & pure protection,1854.0,1789.0,0.9649,0.1873,0.7915
2024H2,Asurion Europe Limited,Insurance & pure protection,1431.0,1465.0,1.0238,0.4382,0.5577
2024H2,Atlanta Insurance Intermediaries Limited,Insurance & pure protection,9798.0,9764.0,0.9965,0.6726,0.3224
2024H2,Automobile Association Insurance Services Limited,Banking and credit cards,0.0,0.0,,,
2024H2,Automobile Association Insurance Services Limited,Decumulation & pensions,0.0,0.0,,,
2024H2,Automobile Association Insurance Services Limited,Home finance,0.0,0.0,,,
2024H2,Automobile Association Insurance Services Limited,Insurance & pure protection,8063.0,0.0,0.0,,
2024H2,Automobile Association Insurance Services Limited,Investments,0.0,0.0,,,
2024H2,Avantia Insurance Limited,Insurance & pure protection,1437.0,1460.0,1.016,0.6685,0.3315
2024H2,Aviva Health UK Limited,Insurance & pure protection,1337.0,1386.0,1.0366,0.4942,0.4798
2024H2,Aviva Insurance Limited,Insurance & pure protection,49190.0,50012.0,1.0167,0.3191,0.6558
2024H2,Aviva Life Services UK Limited,Decumulation & pensions,16030.0,16218.0,1.0117,0.2702,0.5573
2024H2,Aviva Life Services UK Limited,Home finance,1125.0,1136.0,1.0098,0.2614,0.4472
2024H2,Aviva Life Services UK Limited,Insurance & pure protection,3866.0,3917.0,1.0132,0.2755,0.5716
2024H2,Aviva Life Services UK Limited,Investments,2841.0,2914.0,1.0257,0.301,0.4523
2024H2,Aviva Protection UK Limited,Insurance & pure protection,742.0,862.0,1.1617,0.3144,0.6671
2024H2,Awp Assistance UK LTD,Insurance & pure protection,2716.0,2555.0,0.9407,0.2751,0.7229
2024H2,Awp P&c S.a.,Insurance & pure protection,2225.0,2049.0,0.9209,0.2001,0.7721
2024H2,Axa Insurance Designated Activity Company,Insurance & pure protection,2047.0,2091.0,1.0215,0.858,0.1062
2024H2,Axa Insurance UK PLC,Insurance & pure protection,20381.0,22083.0,1.0835,0.3015,0.5245
2024H2,Axa Ppp Healthcare Limited,Insurance & pure protection,24510.0,24363.0,0.994,0.6477,0.3252
2024H2,Bank Of Ireland (uk) PLC,Banking and credit cards,2444.0,2531.0,1.0356,0.5045,0.4473
2024H2,Bank Of Ireland (uk) PLC,Home finance,882.0,954.0,1.0816,0.2746,0.6478
2024H2,Bank Of Ireland (uk) PLC,Insurance & pure protection,41.0,46.0,1.122,0.0217,0.9565
2024H2,Bank Of Scotland PLC,Banking and credit cards,61366.0,60234.0,0.9816,0.6309,0.3239
2024H2,Bank Of Scotland PLC,Decumulation & pensions,11.0,12.0,1.0909,0.0833,0.5833
2024H2,Bank Of Scotland PLC,Home finance,12741.0,12514.0,0.9822,0.4236,0.548
2024H2,Bank Of Scotland PLC,Insurance & pure protection,241.0,296.0,1.2282,0.3378,0.5878
2024H2,Bank Of Scotland PLC,Investments,45.0,46.0,1.0222,0.1957,0.6957
2024H2,Barclays Bank PLC,Banking and credit cards,8336.0,8337.0,1.0001,0.7242,0.2552
2024H2,Barclays Bank PLC,Decumulation & pensions,13.0,15.0,1.1538,0.1333,0.8
2024H2,Barclays Bank PLC,Home finance,3.0,1.0,0.3333,0.0,1.0
2024H2,Barclays Bank PLC,Insurance & pure protection,1.0,1.0,1.0,0.0,1.0
2024H2,Barclays Bank PLC,Investments,1105.0,1091.0,0.9873,0.2933,0.6407
2024H2,Barclays Bank UK PLC,Banking and credit cards,62061.0,61470.0,0.9905,0.5638,0.4233
2024H2,Barclays Bank UK PLC,Decumulation & pensions,27.0,25.0,0.9259,0.32,0.48
2024H2,Barclays Bank UK PLC,Home finance,6445.0,6587.0,1.022,0.4055,0.5535
2024H2,Barclays Bank UK PLC,Insurance & pure protection,181.0,198.0,1.0939,0.1667,0.5859
2024H2,Barclays Bank UK PLC,Investments,36.0,51.0,1.4167,0.1961,0.4118
2024H2,Bisl Limited,Insurance & pure protection,13571.0,13387.0,0.9864,0.4977,0.5002
2024H2,British Gas Services Limited,Insurance & pure protection,57808.0,56598.0,0.9791,0.6728,0.2941
2024H2,Bupa Insurance Services Limited,Insurance & pure protection,31626.0,31336.0,0.9908,0.6314,0.3652
2024H2,Cabot Credit Management Group Limited,Home finance,26.0,28.0,1.0769,0.1071,0.7857
2024H2,Call Assist LTD,Insurance & pure protection,644.0,656.0,1.0186,0.3491,0.6494
2024H2,Capital Home Loans Limited,Home finance,515.0,571.0,1.1087,0.0981,0.8354
2024H2,Capital Home Loans Limited,Insurance & pure protection,0.0,0.0,,,
2024H2,Capital One (europe) PLC,Banking and credit cards,23660.0,25132.0,1.0622,0.1811,0.8088
2024H2,Capital One (europe) PLC,Insurance & pure protection,5.0,6.0,1.2,0.0,0.8333
2024H2,Car Care Plan Limited,Insurance & pure protection,1043.0,1040.0,0.9971,0.2385,0.7606
2024H2,Carfinance247 Limited,Insurance & pure protection,158.0,173.0,1.0949,0.1098,0.8902
2024H2,Carole Nash Insurance Consultants LTD,Insurance & pure protection,3087.0,3103.0,1.0052,0.7316,0.2662
2024H2,Castelan Limited,Insurance & pure protection,541.0,551.0,1.0185,0.3067,0.6897
2024H2,Charter Court Financial Services Limited,Banking and credit cards,735.0,741.0,1.0082,0.3333,0.6667
2024H2,Charter Court Financial Services Limited,Home finance,1287.0,1313.0,1.0202,0.1059,0.8888
2024H2,Chetwood Financial Limited,Banking and credit cards,339.0,324.0,0.9558,0.0247,0.9753
2024H2,Chubb European Group Se,Insurance & pure protection,4200.0,4213.0,1.0031,0.1484,0.8296
2024H2,Citibank UK Limited,Banking and credit cards,730.0,758.0,1.0384,0.5963,0.4037
2024H2,Citibank UK Limited,Investments,25.0,22.0,0.88,0.3636,0.6364
2024H2,Clearbank Limited,Banking and credit cards,3540.0,3398.0,0.9599,0.4461,0.5527
2024H2,Close Brothers Limited,Banking and credit cards,310.0,295.0,0.9516,0.1797,0.8136
2024H2,Close Brothers Limited,Insurance & pure protection,5.0,5.0,1.0,0.0,1.0
2024H2,Clydesdale Bank PLC,Banking and credit cards,35191.0,32947.0,0.9362,0.3828,0.4476
2024H2,Clydesdale Bank PLC,Decumulation & pensions,1.0,1.0,1.0,0.0,1.0
2024H2,Clydesdale Bank PLC,Home finance,2185.0,1841.0,0.8426,0.1081,0.5714
2024H2,Clydesdale Bank PLC,Insurance & pure protection,7.0,8.0,1.1429,0.25,0.625
2024H2,Clydesdale Bank PLC,Investments,54.0,21.0,0.3889,0.1429,0.4762
2024H2,Cofunds Limited,Decumulation & pensions,106.0,115.0,1.0849,0.0522,0.8348
2024H2,Cofunds Limited,Investments,886.0,947.0,1.0688,0.0771,0.8448
2024H2,Complete Cover Group LTD,Insurance & pure protection,963.0,995.0,1.0332,0.2673,0.7307
2024H2,Connells Limited,Home finance,406.0,401.0,0.9877,0.0224,0.9426
2024H2,Connells Limited,Insurance & pure protection,119.0,112.0,0.9412,0.0893,0.9018
2024H2,Corgi Homeplan LTD,Insurance & pure protection,1809.0,1603.0,0.8861,0.0979,0.8752
2024H2,Countrywide Assured PLC,Decumulation & pensions,413.0,512.0,1.2397,0.248,0.3496
2024H2,Countrywide Assured PLC,Insurance & pure protection,184.0,172.0,0.9348,0.2616,0.3488
2024H2,Countrywide Assured PLC,Investments,67.0,60.0,0.8955,0.1833,0.45
2024H2,Coutts & Company,Banking and credit cards,1570.0,1562.0,0.9949,0.5006,0.4878
2024H2,Coutts & Company,Decumulation & pensions,20.0,15.0,0.75,0.0,0.8
2024H2,Coutts & Company,Home finance,92.0,108.0,1.1739,0.1111,0.6944
2024H2,Coutts & Company,Insurance & pure protection,14.0,14.0,1.0,0.2857,0.7143
2024H2,Coutts & Company,Investments,80.0,75.0,0.9375,0.04,0.6533
2024H2,Covea Insurance PLC,Insurance & pure protection,2490.0,2479.0,0.9956,0.2053,0.7471
2024H2,Coventry Building Society,Banking and credit cards,3246.0,3249.0,1.0009,0.6504,0.3487
2024H2,Coventry Building Society,Home finance,722.0,716.0,0.9917,0.5796,0.4176
2024H2,Coventry Building Society,Insurance & pure protection,1.0,1.0,1.0,0.0,1.0
2024H2,Creation Consumer Finance LTD,Banking and credit cards,5621.0,3877.0,0.6897,0.1545,0.7741
2024H2,Creation Financial Services Limited,Banking and credit cards,519.0,601.0,1.158,0.0616,0.8453
2024H2,Creation Financial Services Limited,Insurance & pure protection,1.0,0.0,0.0,,
2024H2,Cynergy Bank PLC,Banking and credit cards,900.0,693.0,0.77,0.1703,0.8254
2024H2,Cynergy Bank PLC,Home finance,7.0,4.0,0.5714,,1.0
2024H2,Domestic & General Insurance PLC,Insurance & pure protection,44570.0,45614.0,1.0234,0.7767,0.2177
2024H2,Elderbridge Limited,Home finance,917.0,1003.0,1.0938,0.0339,0.5713
2024H2,Elderbridge Limited,Insurance & pure protection,2.0,1.0,0.5,,1.0
2024H2,Embark Investment Services Limited,Banking and credit cards,0.0,0.0,,,
2024H2,Embark Investment Services Limited,Decumulation & pensions,381.0,301.0,0.79,0.1661,0.3621
2024H2,Embark Investment Services Limited,Home finance,0.0,0.0,,,
2024H2,Embark Investment Services Limited,Insurance & pure protection,0.0,0.0,,,
2024H2,Embark Investment Services Limited,Investments,374.0,297.0,0.7941,0.1279,0.4007
2024H2,Equiniti Financial Services Limited,Decumulation & pensions,8.0,10.0,1.25,0.0,1.0
2024H2,Equiniti Financial Services Limited,Investments,2091.0,2378.0,1.1373,0.4731,0.516
2024H2,Ergo Travel Insurance Services LTD,Insurance & pure protection,3011.0,2863.0,0.9508,0.1642,0.7552
2024H2,Esure Insurance Limited,Insurance & pure protection,16080.0,15914.0,0.9897,0.3836,0.5848
2024H2,Eui Limited,Insurance & pure protection,73418.0,72246.0,0.984,0.4637,0.5023
2024H2,Exeter Friendly Society Limited,Insurance & pure protection,1162.0,1162.0,1.0,0.7694,0.2134
2024H2,Experian Limited,Home finance,0.0,0.0,,,
2024H2,Experian Limited,Insurance & pure protection,2.0,3.0,1.5,0.3333,0.6667
2024H2,Extracover Limited,Insurance & pure protection,519.0,507.0,0.9769,0.5542,0.4458
2024H2,Family Assurance Friendly Society Limited,Decumulation & pensions,5.0,5.0,1.0,0.0,1.0
2024H2,Family Assurance Friendly Society Limited,Insurance & pure protection,429.0,397.0,0.9254,0.5491,0.4484
2024H2,Family Assurance Friendly Society Limited,Investments,95.0,85.0,0.8947,0.5647,0.4353
2024H2,Family Equity Plan Limited,Banking and credit cards,219.0,219.0,1.0,0.6393,0.3607
2024H2,Family Equity Plan Limited,Investments,611.0,599.0,0.9804,0.5559,0.4441
2024H2,Fce Bank PLC,Banking and credit cards,146.0,150.0,1.0274,0.64,0.36
2024H2,Financial Administration Services Limited,Decumulation & pensions,710.0,727.0,1.0239,0.1252,0.7414
2024H2,Financial Administration Services Limited,Investments,1320.0,1419.0,1.075,0.179,0.7111
2024H2,First Central Insurance Management Limited,Insurance & pure protection,9224.0,9158.0,0.9928,0.5924,0.3899
2024H2,Firstrand Bank Limited,Insurance & pure protection,42.0,52.0,1.2381,0.0192,0.5769
2024H2,Forester Life Limited,Decumulation & pensions,12.0,15.0,1.25,0.4,0.4667
2024H2,Forester Life Limited,Insurance & pure protection,33.0,38.0,1.1515,0.5,0.2895
2024H2,Forester Life Limited,Investments,457.0,515.0,1.1269,0.5165,0.3922
2024H2,Forsakringsaktiebolaget Agria (publ),Insurance & pure protection,674.0,690.0,1.0237,0.6899,0.3101
2024H2,Fortegra Europe Insurance Company LTD,Insurance & pure protection,3858.0,3417.0,0.8857,0.3143,0.6675
2024H2,Funding Circle LTD,Investments,36.0,40.0,1.1111,0.05,0.95
2024H2,HSBC UK Bank PLC,Banking and credit cards,91184.0,92214.0,1.0113,0.7424,0.2544
2024H2,HSBC UK Bank PLC,Decumulation & pensions,29.0,30.0,1.0345,0.0667,0.5333
2024H2,HSBC UK Bank PLC,Home finance,5656.0,5508.0,0.9738,0.4049,0.5851
2024H2,HSBC UK Bank PLC,Insurance & pure protection,469.0,493.0,1.0512,0.2617,0.714
2024H2,HSBC UK Bank PLC,Investments,1083.0,1147.0,1.0591,0.1857,0.7716
2024H2,Halifax Share Dealing Limited,Decumulation & pensions,11.0,15.0,1.3636,0.2667,0.4667
2024H2,Halifax Share Dealing Limited,Investments,551.0,559.0,1.0145,0.356,0.6064
2024H2,Hargreaves Lansdown Asset Management Limited,Decumulation & pensions,2594.0,2463.0,0.9495,0.1389,0.8408
2024H2,Hargreaves Lansdown Asset Management Limited,Investments,3109.0,3445.0,1.1081,0.2383,0.7385
2024H2,Hastings Insurance Services Limited,Insurance & pure protection,15998.0,14645.0,0.9154,0.2954,0.6921
2024H2,Hbos Investment Fund Managers Limited,Banking and credit cards,0.0,0.0,,,
2024H2,Hbos Investment Fund Managers Limited,Decumulation & pensions,0.0,0.0,,,
2024H2,Hbos Investment Fund Managers Limited,Home finance,0.0,0.0,,,
2024H2,Hbos Investment Fund Managers Limited,Insurance & pure protection,0.0,0.0,,,
2024H2,Hbos Investment Fund Managers Limited,Investments,710.0,676.0,0.9521,0.426,0.5473
2024H2,Helvetia Global Solutions LTD,Insurance & pure protection,1232.0,1286.0,1.0438,0.1392,0.8429
2024H2,Highway Insurance Company Limited,Insurance & pure protection,505.0,521.0,1.0317,0.2303,0.6084
2024H2,Hiscox Insurance Company Limited,Insurance & pure protection,510.0,529.0,1.0373,0.0662,0.913
2024H2,Home Retail Group Card Services Limited,Banking and credit cards,3944.0,4548.0,1.1531,0.3076,0.6803
2024H2,Homeserve Membership Limited,Insurance & pure protection,2489.0,2655.0,1.0667,0.2685,0.7243
2024H2,Hood Travel Limited,Insurance & pure protection,681.0,745.0,1.094,0.4564,0.5235
2024H2,Howserv Limited,Insurance & pure protection,2239.0,2239.0,1.0,0.2751,0.7213
2024H2,Hyundai Capital UK Limited,Insurance & pure protection,0.0,0.0,,,
2024H2,I Go 4 Ltd.,Insurance & pure protection,890.0,984.0,1.1056,0.4177,0.5793
2024H2,Ikano Bank Ab (publ),Banking and credit cards,1357.0,1321.0,0.9735,0.2491,0.7017
2024H2,Insurance Factory LTD,Insurance & pure protection,4565.0,4215.0,0.9233,0.3295,0.6593
2024H2,Inter Partner Assistance Sa,Insurance & pure protection,9669.0,8619.0,0.8914,0.3662,0.3135
2024H2,Interactive Brokers (u.k.) Limited,Investments,617.0,557.0,0.9028,0.1508,0.8187
2024H2,Interactive Investor Services Limited,Decumulation & pensions,479.0,535.0,1.1169,0.0467,0.7607
2024H2,Interactive Investor Services Limited,Investments,1614.0,1714.0,1.062,0.2445,0.7165
2024H2,Invesco Fund Managers Limited,Investments,544.0,573.0,1.0533,0.0192,0.9668
2024H2,J D Williams & Company Limited,Insurance & pure protection,1.0,1.0,1.0,0.0,1.0
2024H2,J.p. Morgan Europe Limited,Banking and credit cards,12193.0,12516.0,1.0265,0.3854,0.6143
2024H2,James Hay Administration Company LTD,Decumulation & pensions,1179.0,807.0,0.6845,0.0347,0.7807
2024H2,Janus Henderson Fund Management UK Limited,Investments,541.0,571.0,1.0555,0.3152,0.655
2024H2,Kensington Mortgage Company Limited,Home finance,992.0,1028.0,1.0363,0.3268,0.6625
2024H2,Kroo Bank LTD,Banking and credit cards,1246.0,1265.0,1.0152,0.0079,0.9763
2024H2,Landmark Mortgages Limited,Home finance,751.0,715.0,0.9521,0.2895,0.7007
2024H2,Leaseplan UK Limited,Insurance & pure protection,20.0,21.0,1.05,0.2381,0.4762
2024H2,Leeds Building Society,Banking and credit cards,2049.0,1947.0,0.9502,0.6492,0.3498
2024H2,Leeds Building Society,Home finance,1271.0,1271.0,1.0,0.5146,0.4847
2024H2,Leeds Building Society,Insurance & pure protection,5.0,4.0,0.8,0.75,0.25
2024H2,Leeds Building Society,Investments,1.0,1.0,1.0,,1.0
2024H2,Legal & General (portfolio Management Services) LTD,Decumulation & pensions,516.0,536.0,1.0388,0.5373,0.4552
2024H2,Legal & General (portfolio Management Services) LTD,Investments,6.0,4.0,0.6667,0.5,0.5
2024H2,Legal And General Assurance Society Limited,Decumulation & pensions,1203.0,1556.0,1.2934,0.2095,0.6883
2024H2,Legal And General Assurance Society Limited,Insurance & pure protection,2920.0,2923.0,1.001,0.3384,0.6021
2024H2,Lenvi Servicing Limited,Home finance,813.0,1607.0,1.9766,0.0037,0.3765
2024H2,Liverpool Victoria Financial Services Limited,Decumulation & pensions,431.0,468.0,1.0858,0.3974,0.5021
2024H2,Liverpool Victoria Financial Services Limited,Insurance & pure protection,1321.0,1295.0,0.9803,0.6556,0.332
2024H2,Liverpool Victoria Financial Services Limited,Investments,292.0,288.0,0.9863,0.5833,0.3819
2024H2,Liverpool Victoria Insurance Company Limited,Insurance & pure protection,9279.0,9436.0,1.0169,0.3068,0.4921
2024H2,Lloyds Bank General Insurance Limited,Banking and credit cards,0.0,0.0,,,
2024H2,Lloyds Bank General Insurance Limited,Decumulation & pensions,0.0,0.0,,,
2024H2,Lloyds Bank General Insurance Limited,Home finance,0.0,0.0,,,
2024H2,Lloyds Bank General Insurance Limited,Insurance & pure protection,5611.0,5663.0,1.0093,0.2435,0.7134
2024H2,Lloyds Bank General Insurance Limited,Investments,0.0,0.0,,,
2024H2,Lloyds Bank PLC,Banking and credit cards,73473.0,72491.0,0.9866,0.6241,0.3311
2024H2,Lloyds Bank PLC,Decumulation & pensions,58.0,54.0,0.931,0.0185,0.8148
2024H2,Lloyds Bank PLC,Home finance,2821.0,2759.0,0.978,0.4107,0.5549
2024H2,Lloyds Bank PLC,Insurance & pure protection,362.0,381.0,1.0525,0.3386,0.6142
2024H2,Lloyds Bank PLC,Investments,46.0,49.0,1.0652,0.2041,0.6327
2024H2,London And Country Mortgages LTD,Home finance,597.0,602.0,1.0084,0.1512,0.8472
2024H2,London And Country Mortgages LTD,Insurance & pure protection,38.0,36.0,0.9474,0.2222,0.7778
2024H2,M & G Securities Limited,Investments,577.0,615.0,1.0659,0.1837,0.787
2024H2,MBNA Limited,Banking and credit cards,9072.0,8941.0,0.9856,0.6263,0.3541
2024H2,MBNA Limited,Decumulation & pensions,0.0,0.0,,,
2024H2,MBNA Limited,Home finance,0.0,0.0,,,
2024H2,MBNA Limited,Insurance & pure protection,9.0,10.0,1.1111,0.3,0.7
2024H2,MBNA Limited,Investments,0.0,0.0,,,
2024H2,Manypets LTD,Insurance & pure protection,4914.0,5843.0,1.1891,0.0332,0.9206
2024H2,Marks & Spencer Financial Services PLC,Banking and credit cards,8226.0,7834.0,0.9523,0.5771,0.4165
2024H2,Marks & Spencer Financial Services PLC,Decumulation & pensions,0.0,0.0,,,
2024H2,Marks & Spencer Financial Services PLC,Home finance,0.0,0.0,,,
2024H2,Marks & Spencer Financial Services PLC,Insurance & pure protection,112.0,174.0,1.5536,0.592,0.4023
2024H2,Marks & Spencer Financial Services PLC,Investments,0.0,0.0,,,
2024H2,Marshmallow Financial Services LTD,Insurance & pure protection,4843.0,4866.0,1.0047,0.0401,0.917
2024H2,Metlife Europe D.a.c.,Insurance & pure protection,750.0,728.0,0.9707,0.1113,0.7816
2024H2,Metro Bank PLC,Banking and credit cards,8682.0,8283.0,0.954,0.2638,0.7345
2024H2,Metro Bank PLC,Home finance,234.0,229.0,0.9786,0.3624,0.6026
2024H2,Monzo Bank LTD,Banking and credit cards,50586.0,56058.0,1.1082,0.0342,0.7975
2024H2,Monzo Bank LTD,Decumulation & pensions,1.0,1.0,1.0,1.0,
2024H2,Monzo Bank LTD,Investments,165.0,167.0,1.0121,0.0898,0.8383
2024H2,Moorcroft Debt Recovery Limited,Banking and credit cards,578.0,482.0,0.8339,0.2054,0.7946
2024H2,Motonovo Finance Limited,Insurance & pure protection,24.0,27.0,1.125,0.0,0.7778
2024H2,Munich Re Digital Partners Limited,Insurance & pure protection,1289.0,1210.0,0.9387,0.3512,0.6446
2024H2,National House-building Council,Insurance & pure protection,570.0,569.0,0.9982,0.0211,0.9684
2024H2,National Westminster Bank Public Limited Company,Banking and credit cards,81022.0,79462.0,0.9807,0.4814,0.4728
2024H2,National Westminster Bank Public Limited Company,Decumulation & pensions,38.0,39.0,1.0263,0.0256,0.4615
2024H2,National Westminster Bank Public Limited Company,Home finance,7113.0,7405.0,1.0411,0.5179,0.4019
2024H2,National Westminster Bank Public Limited Company,Insurance & pure protection,104.0,121.0,1.1635,0.2975,0.5868
2024H2,National Westminster Bank Public Limited Company,Investments,184.0,105.0,0.5707,0.0286,0.619
2024H2,Nationwide Building Society,Banking and credit cards,58563.0,57858.0,0.988,0.5558,0.4411
2024H2,Nationwide Building Society,Decumulation & pensions,4.0,4.0,1.0,0.25,0.75
2024H2,Nationwide Building Society,Home finance,4597.0,4518.0,0.9828,0.3944,0.6
2024H2,Nationwide Building Society,Insurance & pure protection,145.0,144.0,0.9931,0.3194,0.6667
2024H2,Nationwide Building Society,Investments,54.0,61.0,1.1296,0.1639,0.8197
2024H2,Newcastle Building Society,Banking and credit cards,558.0,554.0,0.9928,0.5397,0.4585
2024H2,Newcastle Building Society,Decumulation & pensions,1.0,1.0,1.0,0.0,1.0
2024H2,Newcastle Building Society,Home finance,229.0,231.0,1.0087,0.7706,0.2294
2024H2,Newcastle Building Society,Insurance & pure protection,0.0,0.0,,,
2024H2,Newcastle Building Society,Investments,16.0,17.0,1.0625,0.8235,0.1176
2024H2,Northern Bank Limited,Banking and credit cards,1472.0,1509.0,1.0251,0.4023,0.5977
2024H2,Northern Bank Limited,Home finance,63.0,69.0,1.0952,0.1594,0.8406
2024H2,Northern Bank Limited,Insurance & pure protection,1.0,1.0,1.0,0.0,1.0
2024H2,Nutmeg Saving And Investment Limited,Decumulation & pensions,167.0,167.0,1.0,0.0898,0.9042
2024H2,Nutmeg Saving And Investment Limited,Investments,605.0,596.0,0.9851,0.1829,0.8138
2024H2,One Call Insurance Services Limited,Insurance & pure protection,3113.0,3061.0,0.9833,0.7393,0.2565
2024H2,Onesavings Bank PLC,Banking and credit cards,1834.0,1592.0,0.868,0.3448,0.647
2024H2,Onesavings Bank PLC,Home finance,1143.0,1187.0,1.0385,0.2789,0.69
2024H2,Paragon Bank PLC,Banking and credit cards,826.0,848.0,1.0266,0.2677,0.7217
2024H2,Paragon Bank PLC,Home finance,267.0,266.0,0.9963,0.312,0.6729
2024H2,Paragon Bank PLC,Insurance & pure protection,2.0,3.0,1.5,0.6667,0.3333
2024H2,People's Administration Services Limited,Decumulation & pensions,3611.0,3611.0,1.0,0.4248,0.5467
2024H2,Pepper (uk) Limited,Home finance,621.0,683.0,1.0998,0.1859,0.8023
2024H2,Phoenix Life Ca Limited,Decumulation & pensions,607.0,616.0,1.0148,0.2208,0.7679
2024H2,Phoenix Life Ca Limited,Insurance & pure protection,322.0,319.0,0.9907,0.2194,0.7774
2024H2,Phoenix Life Ca Limited,Investments,113.0,110.0,0.9735,0.1273,0.8727
2024H2,Phoenix Life Limited,Decumulation & pensions,10178.0,10365.0,1.0184,0.3408,0.5092
2024H2,Phoenix Life Limited,Home finance,6.0,6.0,1.0,0.1667,0.6667
2024H2,Phoenix Life Limited,Insurance & pure protection,3043.0,2862.0,0.9405,0.3288,0.5549
2024H2,Phoenix Life Limited,Investments,803.0,729.0,0.9078,0.3004,0.5213
2024H2,Pinnacle Insurance Limited,Insurance & pure protection,2410.0,2388.0,0.9909,0.4171,0.5796
2024H2,Post Office Management Services Limited,Insurance & pure protection,617.0,479.0,0.7763,0.2004,0.7996
2024H2,Principality Building Society,Banking and credit cards,879.0,834.0,0.9488,0.53,0.4676
2024H2,Principality Building Society,Home finance,444.0,431.0,0.9707,0.4524,0.5429
2024H2,Principality Building Society,Insurance & pure protection,5.0,5.0,1.0,0.2,0.8
2024H2,Principality Building Society,Investments,0.0,0.0,,,
2024H2,Qbe UK Limited,Insurance & pure protection,893.0,884.0,0.9899,0.1335,0.7364
2024H2,Qmetric Group Limited,Insurance & pure protection,3112.0,3028.0,0.973,0.2513,0.7067
2024H2,Quilter Financial Services Limited,Decumulation & pensions,478.0,391.0,0.818,0.0,1.0
2024H2,Quilter Financial Services Limited,Home finance,2.0,1.0,0.5,0.0,1.0
2024H2,Quilter Financial Services Limited,Insurance & pure protection,13.0,12.0,0.9231,0.0,1.0
2024H2,Quilter Financial Services Limited,Investments,187.0,150.0,0.8021,0.0,1.0
2024H2,Quilter Life & Pensions Limited,Decumulation & pensions,546.0,619.0,1.1337,0.0129,0.9855
2024H2,Quilter Life & Pensions Limited,Investments,87.0,117.0,1.3448,0.0342,0.9658
2024H2,RBS Collective Investment Funds Limited,Investments,1465.0,1491.0,1.0177,0.3883,0.5956
2024H2,Rac Motoring Services,Insurance & pure protection,9193.0,9712.0,1.0565,0.4614,0.5356
2024H2,Reassure Life Limited,Decumulation & pensions,203.0,229.0,1.1281,0.3755,0.5677
2024H2,Reassure Life Limited,Insurance & pure protection,356.0,392.0,1.1011,0.3469,0.5714
2024H2,Reassure Life Limited,Investments,199.0,215.0,1.0804,0.3721,0.5721
2024H2,Reassure Limited,Decumulation & pensions,3691.0,3875.0,1.0499,0.3672,0.5375
2024H2,Reassure Limited,Insurance & pure protection,557.0,584.0,1.0485,0.3048,0.5788
2024H2,Reassure Limited,Investments,559.0,617.0,1.1038,0.3906,0.5429
2024H2,Reassured LTD,Insurance & pure protection,579.0,576.0,0.9948,0.6597,0.3368
2024H2,Rothesay Life PLC,Decumulation & pensions,676.0,684.0,1.0118,0.0819,0.9181
2024H2,Royal & Sun Alliance Insurance Limited,Insurance & pure protection,11992.0,12505.0,1.0428,0.4395,0.5065
2024H2,Sabre Insurance Company Limited,Insurance & pure protection,675.0,686.0,1.0163,0.6953,0.3017
2024H2,Saga Services Limited,Insurance & pure protection,15359.0,15404.0,1.0029,0.8432,0.1535
2024H2,Sainsbury's Bank PLC,Banking and credit cards,3199.0,3307.0,1.0338,0.4865,0.4859
2024H2,Sainsbury's Bank PLC,Home finance,28.0,34.0,1.2143,0.2941,0.6765
2024H2,Sainsbury's Bank PLC,Insurance & pure protection,786.0,620.0,0.7888,0.0661,0.9258
2024H2,Santander UK PLC,Banking and credit cards,59173.0,59737.0,1.0095,0.595,0.4003
2024H2,Santander UK PLC,Decumulation & pensions,37.0,40.0,1.0811,0.175,0.725
2024H2,Santander UK PLC,Home finance,5270.0,5334.0,1.0121,0.6905,0.3078
2024H2,Santander UK PLC,Insurance & pure protection,116.0,131.0,1.1293,0.1221,0.7023
2024H2,Santander UK PLC,Investments,50.0,54.0,1.08,0.2037,0.5926
2024H2,Scottish Equitable PLC,Decumulation & pensions,6683.0,5580.0,0.835,0.3068,0.5615
2024H2,Scottish Equitable PLC,Insurance & pure protection,9.0,8.0,0.8889,0.375,0.625
2024H2,Scottish Equitable PLC,Investments,259.0,180.0,0.695,0.6278,0.2778
2024H2,Scottish Friendly Assurance Society Limited,Decumulation & pensions,284.0,314.0,1.1056,0.1146,0.8503
2024H2,Scottish Friendly Assurance Society Limited,Insurance & pure protection,361.0,357.0,0.9889,0.1737,0.8179
2024H2,Scottish Friendly Assurance Society Limited,Investments,475.0,473.0,0.9958,0.2389,0.7569
2024H2,Scottish Widows Limited,Banking and credit cards,0.0,0.0,,,
2024H2,Scottish Widows Limited,Decumulation & pensions,9046.0,8963.0,0.9908,0.1652,0.7028
2024H2,Scottish Widows Limited,Home finance,0.0,0.0,,,
2024H2,Scottish Widows Limited,Insurance & pure protection,1452.0,1426.0,0.9821,0.1942,0.7195
2024H2,Scottish Widows Limited,Investments,2488.0,2296.0,0.9228,0.1921,0.7256
2024H2,Scottish Widows Unit Trust Managers Limited,Banking and credit cards,0.0,0.0,,,
2024H2,Scottish Widows Unit Trust Managers Limited,Decumulation & pensions,0.0,0.0,,,
2024H2,Scottish Widows Unit Trust Managers Limited,Home finance,0.0,0.0,,,
2024H2,Scottish Widows Unit Trust Managers Limited,Insurance & pure protection,0.0,0.0,,,
2024H2,Scottish Widows Unit Trust Managers Limited,Investments,561.0,529.0,0.943,0.3932,0.5747
2024H2,Secure Trust Bank PLC,Banking and credit cards,359.0,301.0,0.8384,0.1196,0.8704
2024H2,Shawbrook Bank Limited,Banking and credit cards,877.0,887.0,1.0114,0.487,0.5096
2024H2,Shawbrook Bank Limited,Home finance,428.0,451.0,1.0537,0.1109,0.8315
2024H2,Shop Direct Finance Company Limited,Insurance & pure protection,367.0,377.0,1.0272,0.0133,0.9708
2024H2,Simplyhealth Access,Insurance & pure protection,1988.0,1999.0,1.0055,0.3087,0.6903
2024H2,Skipton Building Society,Banking and credit cards,2918.0,2687.0,0.9208,0.4615,0.5292
2024H2,Skipton Building Society,Decumulation & pensions,44.0,47.0,1.0682,0.0213,0.9787
2024H2,Skipton Building Society,Home finance,505.0,467.0,0.9248,0.5075,0.4925
2024H2,Skipton Building Society,Insurance & pure protection,7.0,11.0,1.5714,0.2727,0.7273
2024H2,Skipton Building Society,Investments,105.0,118.0,1.1238,0.0932,0.8898
2024H2,Society Of Lloyd's,Insurance & pure protection,4865.0,5056.0,1.0393,0.3301,0.646
2024H2,Somerset Bridge Insurance Services Limited,Insurance & pure protection,784.0,773.0,0.986,0.5692,0.4282
2024H2,St James's Place UK PLC,Decumulation & pensions,528.0,691.0,1.3087,0.0391,0.6874
2024H2,St James's Place UK PLC,Insurance & pure protection,6.0,8.0,1.3333,0.125,0.75
2024H2,St James's Place UK PLC,Investments,189.0,241.0,1.2751,0.0871,0.6929
2024H2,St. James's Place Wealth Management PLC,Banking and credit cards,1.0,2.0,2.0,0.0,0.0
2024H2,St. James's Place Wealth Management PLC,Decumulation & pensions,2899.0,6880.0,2.0,0.0013,0.0379
2024H2,St. James's Place Wealth Management PLC,Home finance,14.0,13.0,0.9286,0.0,0.0
2024H2,St. James's Place Wealth Management PLC,Insurance & pure protection,140.0,82.0,0.5857,0.0,0.0366
2024H2,St. James's Place Wealth Management PLC,Investments,2532.0,4702.0,1.857,0.0021,0.0515
2024H2,Starling Bank Limited,Banking and credit cards,22175.0,21983.0,0.9913,0.0743,0.9247
2024H2,Starr International (europe) Limited,Insurance & pure protection,1448.0,1682.0,1.1616,0.1314,0.865
2024H2,Suffolk Life Pensions Limited,Decumulation & pensions,589.0,486.0,0.8251,0.1276,0.7984
2024H2,Swift 1st Limited,Home finance,843.0,872.0,1.0344,0.4518,0.547
2024H2,TSB Bank PLC,Banking and credit cards,30108.0,29045.0,0.9647,0.6117,0.376
2024H2,TSB Bank PLC,Home finance,1753.0,1720.0,0.9812,0.6262,0.3622
2024H2,TSB Bank PLC,Insurance & pure protection,22.0,24.0,1.0909,0.375,0.4583
2024H2,Tandem Bank Limited,Banking and credit cards,88.0,89.0,1.0114,0.3034,0.6966
2024H2,Tandem Bank Limited,Home finance,2.0,2.0,1.0,0.0,1.0
2024H2,Telefonica Seguros Y Reaseguros Compania Aseguradora S.a.u.,Insurance & pure protection,3845.0,3772.0,0.981,0.1408,0.8393
2024H2,Telefonica UK Limited,Insurance & pure protection,123.0,152.0,1.2358,0.3355,0.3355
2024H2,Tesco Personal Finance Limited,Banking and credit cards,15374.0,15309.0,0.9958,0.5877,0.4113
2024H2,Tesco Personal Finance Limited,Insurance & pure protection,4254.0,4279.0,1.0059,0.412,0.588
2024H2,Tesco Underwriting Limited,Insurance & pure protection,2415.0,2777.0,1.1499,0.2773,0.5063
2024H2,The Co-operative Bank PLC,Banking and credit cards,10290.0,10735.0,1.0432,0.7661,0.1308
2024H2,The Co-operative Bank PLC,Decumulation & pensions,1.0,2.0,2.0,0.0,0.5
2024H2,The Co-operative Bank PLC,Home finance,2402.0,3215.0,1.3385,0.3328,0.3838
2024H2,The Co-operative Bank PLC,Insurance & pure protection,3.0,3.0,1.0,0.3333,0.3333
2024H2,The Co-operative Bank PLC,Investments,2.0,1.0,0.5,0.0,1.0
2024H2,The Mortgage Works (uk) PLC,Home finance,1576.0,1637.0,1.0387,0.2535,0.7324
2024H2,The National Farmers' Union Mutual Insurance Society Limited,Decumulation & pensions,80.0,81.0,1.0125,0.0123,0.9877
2024H2,The National Farmers' Union Mutual Insurance Society Limited,Insurance & pure protection,5787.0,5941.0,1.0266,0.3844,0.576
2024H2,The National Farmers' Union Mutual Insurance Society Limited,Investments,43.0,48.0,1.1163,0.0208,0.9792
2024H2,The Prudential Assurance Company Limited,Decumulation & pensions,7658.0,7500.0,0.9794,0.0716,0.8157
2024H2,The Prudential Assurance Company Limited,Home finance,36.0,31.0,0.8611,0.0323,0.9355
2024H2,The Prudential Assurance Company Limited,Insurance & pure protection,712.0,663.0,0.9312,0.0452,0.8597
2024H2,The Prudential Assurance Company Limited,Investments,2889.0,2822.0,0.9768,0.0787,0.8487
2024H2,The Royal Bank Of Scotland PLC,Banking and credit cards,18053.0,17910.0,0.9921,0.4784,0.4709
2024H2,The Royal Bank Of Scotland PLC,Decumulation & pensions,8.0,7.0,0.875,0.0,0.1429
2024H2,The Royal Bank Of Scotland PLC,Home finance,1465.0,1504.0,1.0266,0.3703,0.4967
2024H2,The Royal Bank Of Scotland PLC,Insurance & pure protection,39.0,35.0,0.8974,0.3143,0.5143
2024H2,The Royal Bank Of Scotland PLC,Investments,40.0,28.0,0.7,0.0357,0.5357
2024H2,The Royal London Mutual Insurance Society Limited,Decumulation & pensions,4924.0,5270.0,1.0703,0.2611,0.6381
2024H2,The Royal London Mutual Insurance Society Limited,Insurance & pure protection,1724.0,1806.0,1.0476,0.3289,0.6047
2024H2,The Royal London Mutual Insurance Society Limited,Investments,221.0,225.0,1.0181,0.36,0.5956
2024H2,Topaz Finance Limited,Home finance,2336.0,2288.0,0.9795,0.3789,0.6071
2024H2,Tradex Insurance Company PLC,Insurance & pure protection,2485.0,2561.0,1.0306,0.4104,0.5623
2024H2,Trading 212 UK Limited,Banking and credit cards,256.0,209.0,0.8164,0.0,1.0
2024H2,Trading 212 UK Limited,Investments,595.0,601.0,1.0101,0.0067,0.9917
2024H2,Triodos Bank UK Limited,Banking and credit cards,595.0,620.0,1.042,0.4145,0.5855
2024H2,Triodos Bank UK Limited,Investments,36.0,38.0,1.0556,0.3421,0.6579
2024H2,U K Insurance Limited,Insurance & pure protection,51800.0,52048.0,1.0048,0.5029,0.4476
2024H2,U.s. Bank Europe Dac,Banking and credit cards,1859.0,1867.0,1.0043,0.2721,0.7193
2024H2,UK Mortgage Lending LTD,Home finance,652.0,670.0,1.0276,0.3687,0.6209
2024H2,Usay Business LTD,Insurance & pure protection,662.0,623.0,0.9411,0.0064,0.992
2024H2,Utility Warehouse Limited,Insurance & pure protection,2693.0,2326.0,0.8637,0.7489,0.2296
2024H2,"Vanguard Asset Management, LTD",Decumulation & pensions,601.0,892.0,1.4842,0.1166,0.3206
2024H2,"Vanguard Asset Management, LTD",Investments,1140.0,1586.0,1.3912,0.2037,0.4079
2024H2,Vanquis Bank Limited,Banking and credit cards,26951.0,31574.0,1.1715,0.1247,0.8043
2024H2,Virgin Money Unit Trust Managers LTD,Banking and credit cards,0.0,0.0,,,
2024H2,Virgin Money Unit Trust Managers LTD,Decumulation & pensions,713.0,796.0,1.1164,0.0013,0.9912
2024H2,Virgin Money Unit Trust Managers LTD,Home finance,0.0,0.0,,,
2024H2,Virgin Money Unit Trust Managers LTD,Insurance & pure protection,0.0,0.0,,,
2024H2,Virgin Money Unit Trust Managers LTD,Investments,1153.0,1333.0,1.1561,0.0023,0.988
2024H2,Vitality Corporate Services Limited,Insurance & pure protection,8702.0,9075.0,1.0429,0.4246,0.5247
2024H2,Vodafone Limited,Insurance & pure protection,290.0,294.0,1.0138,0.6701,0.3299
2024H2,Volkswagen Financial Services (uk) Limited,Insurance & pure protection,47.0,43.0,0.9149,0.0,0.6744
2024H2,Wesleyan Assurance Society,Decumulation & pensions,340.0,303.0,0.8912,0.3696,0.6073
2024H2,Wesleyan Assurance Society,Insurance & pure protection,143.0,133.0,0.9301,0.4211,0.5414
2024H2,Wesleyan Assurance Society,Investments,248.0,224.0,0.9032,0.4286,0.5625
2024H2,Xbridge Limited,Insurance & pure protection,1174.0,1128.0,0.9608,0.1835,0.8085
2024H2,Yorkshire Building Society,Banking and credit cards,1776.0,1726.0,0.9718,0.3905,0.606
2024H2,Yorkshire Building Society,Home finance,602.0,593.0,0.985,0.3693,0.6172
2024H2,Yorkshire Building Society,Insurance & pure protection,8.0,9.0,1.125,0.0,1.0
2024H2,Zempler Bank Limited,Banking and credit cards,1805.0,1816.0,1.0061,0.2329,0.7665
2024H2,Zopa Bank Limited,Banking and credit cards,3286.0,3258.0,0.9915,0.551,0.4451
2024H2,Zurich Assurance LTD,Banking and credit cards,0.0,0.0,,,
2024H2,Zurich Assurance LTD,Decumulation & pensions,1085.0,1142.0,1.0525,0.204,0.7662
2024H2,Zurich Assurance LTD,Home finance,0.0,1.0,2.0,0.0,0.0
2024H2,Zurich Assurance LTD,Insurance & pure protection,2249.0,2219.0,0.9867,0.2186,0.7747
2024H2,Zurich Assurance LTD,Investments,364.0,352.0,0.967,0.1761,0.8239
2024H2,Zurich Insurance Company LTD,Insurance & pure protection,3112.0,2785.0,0.8949,0.163,0.7885
2025H1,Abrdn Fund Managers Limited,Investments,800.0,768.0,0.96,0.4896,0.4766
2025H1,Accord Mortgages Limited,Banking and credit cards,22.0,24.0,1.0909,0.125,0.8333
2025H1,Accord Mortgages Limited,Home finance,896.0,863.0,0.9632,0.2225,0.7555
2025H1,Accredited Insurance (europe) LTD,Insurance & pure protection,4649.0,4940.0,1.0626,0.2316,0.7555
2025H1,Acm Ulr Limited,Insurance & pure protection,723.0,709.0,0.9806,0.1016,0.8364
2025H1,Acorn Insurance & Financial Services LTD,Insurance & pure protection,805.0,879.0,1.0919,0.3732,0.6257
2025H1,Acromas Insurance Company Limited,Insurance & pure protection,2446.0,2527.0,1.0331,0.3265,0.6478
2025H1,Action 365 LTD,Insurance & pure protection,789.0,913.0,1.1572,0.2037,0.7437
2025H1,Admiral Financial Services Limited,Home finance,9.0,8.0,0.8889,0.125,0.875
2025H1,Adrian Flux Insurance Services Group,Insurance & pure protection,1554.0,1557.0,1.0019,0.9351,0.0642
2025H1,Advisory Insurance Brokers Limited,Insurance & pure protection,708.0,697.0,0.9845,0.1363,0.7446
2025H1,Ageas Insurance Limited,Insurance & pure protection,5090.0,5189.0,1.0194,0.312,0.6329
2025H1,Ageas Retail Limited,Insurance & pure protection,912.0,932.0,1.0219,0.5021,0.4936
2025H1,Aioi Nissay Dowa Insurance UK Limited,Insurance & pure protection,1585.0,1671.0,1.0543,0.304,0.6852
2025H1,Aj Bell Management Limited,Decumulation & pensions,1350.0,1349.0,0.9993,0.3195,0.6768
2025H1,Aj Bell Securities Limited,Banking and credit cards,51.0,50.0,0.9804,0.52,0.48
2025H1,Aj Bell Securities Limited,Decumulation & pensions,216.0,216.0,1.0,0.3565,0.6435
2025H1,Aj Bell Securities Limited,Investments,966.0,963.0,0.9969,0.4008,0.5971
2025H1,Aldermore Bank PLC,Banking and credit cards,962.0,693.0,0.7204,0.4517,0.5426
2025H1,Aldermore Bank PLC,Home finance,671.0,1039.0,1.5484,0.2791,0.6968
2025H1,Allianz Insurance PLC,Insurance & pure protection,2758.0,2787.0,1.0105,0.1697,0.8113
2025H1,American Express Services Europe Limited,Banking and credit cards,13170.0,12390.0,0.9408,0.1567,0.8428
2025H1,American Express Services Europe Limited,Insurance & pure protection,183.0,162.0,0.8852,0.0062,0.9938
2025H1,American International Group UK Limited,Insurance & pure protection,925.0,921.0,0.9957,0.165,0.8252
2025H1,Amtrust Specialty Limited,Insurance & pure protection,2170.0,2229.0,1.0272,0.1153,0.7658
2025H1,Animal Friends Insurance Services LTD,Insurance & pure protection,3055.0,2620.0,0.8576,0.2427,0.7546
2025H1,Arag Legal Expenses Insurance Company Limited,Insurance & pure protection,2041.0,2220.0,1.0877,0.1194,0.8374
2025H1,Arthur J. Gallagher Insurance Brokers Limited,Insurance & pure protection,1053.0,1072.0,1.018,0.3713,0.597
2025H1,Assurant General Insurance Limited,Insurance & pure protection,5778.0,6584.0,1.1395,0.5409,0.3262
2025H1,Astrenska Insurance Limited,Insurance & pure protection,2026.0,1981.0,0.9778,0.1403,0.8344
2025H1,Asurion Europe Limited,Insurance & pure protection,1548.0,1487.0,0.9606,0.3941,0.6052
2025H1,Atlanta Insurance Intermediaries Limited,Insurance & pure protection,9569.0,9889.0,1.0334,0.7197,0.2772
2025H1,Automobile Association Insurance Services Limited,Insurance & pure protection,6366.0,6710.0,1.054,0.3602,0.6222
2025H1,Avantia Insurance Limited,Insurance & pure protection,1122.0,1181.0,1.0526,0.6876,0.3116
2025H1,Aviva Health UK Limited,Insurance & pure protection,1262.0,1211.0,0.9596,0.507,0.4781
2025H1,Aviva Insurance Limited,Insurance & pure protection,48979.0,49655.0,1.0138,0.3666,0.6002
2025H1,Aviva Life Services UK Limited,Decumulation & pensions,17246.0,17397.0,1.0088,0.2548,0.6464
2025H1,Aviva Life Services UK Limited,Home finance,797.0,880.0,1.1041,0.2443,0.4352
2025H1,Aviva Life Services UK Limited,Insurance & pure protection,3995.0,3925.0,0.9825,0.2461,0.6769
2025H1,Aviva Life Services UK Limited,Investments,3048.0,3073.0,1.0082,0.2288,0.6443
2025H1,Aviva Protection UK Limited,Insurance & pure protection,642.0,661.0,1.0296,0.6082,0.3722
2025H1,Awp Assistance UK LTD,Insurance & pure protection,2911.0,2771.0,0.9519,0.2176,0.7755
2025H1,Awp P&c S.a.,Insurance & pure protection,1771.0,1635.0,0.9232,0.1609,0.8165
2025H1,Axa Insurance Designated Activity Company,Insurance & pure protection,2085.0,2117.0,1.0153,0.8172,0.1474
2025H1,Axa Insurance UK PLC,Insurance & pure protection,16910.0,17758.0,1.0501,0.3177,0.5749
2025H1,Axa Ppp Healthcare Limited,Insurance & pure protection,21855.0,21622.0,0.9893,0.5745,0.3579
2025H1,Bank Of Ireland (uk) PLC,Banking and credit cards,2208.0,2199.0,0.9959,0.4798,0.477
2025H1,Bank Of Ireland (uk) PLC,Home finance,972.0,876.0,0.9012,0.3516,0.5822
2025H1,Bank Of Ireland (uk) PLC,Insurance & pure protection,33.0,31.0,0.9394,0.0323,0.9032
2025H1,Bank Of Scotland PLC,Banking and credit cards,65337.0,64180.0,0.9823,0.5915,0.294
2025H1,Bank Of Scotland PLC,Decumulation & pensions,5.0,5.0,1.0,0.0,0.4
2025H1,Bank Of Scotland PLC,Home finance,12120.0,12267.0,1.0121,0.4423,0.5225
2025H1,Bank Of Scotland PLC,Insurance & pure protection,211.0,205.0,0.9716,0.1073,0.8439
2025H1,Bank Of Scotland PLC,Investments,41.0,41.0,1.0,0.0244,0.8049
2025H1,Barclays Bank PLC,Banking and credit cards,9513.0,8995.0,0.9455,0.7234,0.247
2025H1,Barclays Bank PLC,Decumulation & pensions,49.0,47.0,0.9592,0.2766,0.3617
2025H1,Barclays Bank PLC,Home finance,2.0,3.0,1.5,0.3333,0.6667
2025H1,Barclays Bank PLC,Investments,1418.0,1386.0,0.9774,0.2792,0.5274
2025H1,Barclays Bank UK PLC,Banking and credit cards,147524.0,147228.0,0.998,0.6247,0.2857
2025H1,Barclays Bank UK PLC,Decumulation & pensions,9.0,9.0,1.0,0.1111,0.8889
2025H1,Barclays Bank UK PLC,Home finance,6544.0,6587.0,1.0066,0.4318,0.5471
2025H1,Barclays Bank UK PLC,Insurance & pure protection,162.0,184.0,1.1358,0.3533,0.4457
2025H1,Barclays Bank UK PLC,Investments,34.0,36.0,1.0588,0.0556,0.5556
2025H1,Bisl Limited,Insurance & pure protection,12473.0,12369.0,0.9917,0.5547,0.4417
2025H1,British Gas Services Limited,Insurance & pure protection,51725.0,52837.0,1.0215,0.6663,0.2842
2025H1,Bupa Insurance Services Limited,Insurance & pure protection,31133.0,31139.0,1.0002,0.5559,0.4412
2025H1,Cabot Credit Management Group Limited,Home finance,47.0,30.0,0.6383,0.1,0.8
2025H1,Call Assist Limited,Insurance & pure protection,711.0,698.0,0.9817,0.2794,0.7206
2025H1,Canada Life Limited,Decumulation & pensions,329.0,340.0,1.0334,0.1676,0.7529
2025H1,Canada Life Limited,Insurance & pure protection,200.0,196.0,0.98,0.3316,0.5765
2025H1,Canada Life Limited,Investments,39.0,43.0,1.1026,0.1395,0.814
2025H1,Capital One (europe) PLC,Banking and credit cards,24847.0,24529.0,0.9872,0.1639,0.8141
2025H1,Capital One (europe) PLC,Insurance & pure protection,8.0,8.0,1.0,0.125,0.875
2025H1,Car Care Plan Limited,Insurance & pure protection,886.0,929.0,1.0485,0.493,0.507
2025H1,Carole Nash Insurance Consultants Limited,Insurance & pure protection,3049.0,3098.0,1.0161,0.7682,0.2295
2025H1,Castelan Limited,Insurance & pure protection,552.0,549.0,0.9946,0.3005,0.6976
2025H1,Casualty & General Insurance Company (europe) LTD,Insurance & pure protection,1114.0,1023.0,0.9183,0.13,0.8641
2025H1,Charter Court Financial Services Limited,Banking and credit cards,741.0,741.0,1.0,0.3833,0.6167
2025H1,Charter Court Financial Services Limited,Home finance,1133.0,1172.0,1.0344,0.2099,0.7773
2025H1,Chubb European Group Se,Insurance & pure protection,4134.0,3969.0,0.9601,0.1877,0.7916
2025H1,Clearbank Limited,Banking and credit cards,3961.0,3906.0,0.9861,0.0579,0.9375
2025H1,Close Brothers Limited,Banking and credit cards,162.0,172.0,1.0617,0.6512,0.3488
2025H1,Close Brothers Limited,Insurance & pure protection,1.0,1.0,1.0,0.0,1.0
2025H1,Clydesdale Bank PLC,Banking and credit cards,29819.0,33450.0,1.1218,0.3338,0.5613
2025H1,Clydesdale Bank PLC,Decumulation & pensions,1.0,1.0,1.0,1.0,0.0
2025H1,Clydesdale Bank PLC,Home finance,1840.0,2246.0,1.2207,0.0681,0.5962
2025H1,Clydesdale Bank PLC,Insurance & pure protection,9.0,9.0,1.0,0.1111,0.4444
2025H1,Clydesdale Bank PLC,Investments,22.0,38.0,1.7273,0.1053,0.7368
2025H1,Cofunds Limited,Decumulation & pensions,76.0,83.0,1.0921,0.1687,0.8193
2025H1,Cofunds Limited,Investments,950.0,943.0,0.9926,0.1845,0.8091
2025H1,Complete Cover Group LTD,Insurance & pure protection,905.0,879.0,0.9713,0.4767,0.5233
2025H1,Connells Limited,Home finance,428.0,405.0,0.9463,0.037,0.8889
2025H1,Connells Limited,Insurance & pure protection,115.0,110.0,0.9565,0.0636,0.8455
2025H1,Countrywide Assured PLC,Decumulation & pensions,332.0,373.0,1.1235,0.2225,0.5684
2025H1,Countrywide Assured PLC,Insurance & pure protection,263.0,315.0,1.1977,0.2349,0.527
2025H1,Countrywide Assured PLC,Investments,81.0,99.0,1.2222,0.1111,0.6364
2025H1,Coutts & Company,Banking and credit cards,1459.0,1433.0,0.9822,0.4976,0.4941
2025H1,Coutts & Company,Decumulation & pensions,14.0,15.0,1.0714,0.0,0.4
2025H1,Coutts & Company,Home finance,84.0,82.0,0.9762,0.1829,0.7195
2025H1,Coutts & Company,Insurance & pure protection,13.0,13.0,1.0,0.5385,0.3846
2025H1,Coutts & Company,Investments,107.0,101.0,0.9439,0.0396,0.6931
2025H1,Covea Insurance PLC,Insurance & pure protection,2528.0,2435.0,0.9632,0.2074,0.7577
2025H1,Coventry Building Society,Banking and credit cards,3806.0,3772.0,0.9911,0.6471,0.3523
2025H1,Coventry Building Society,Home finance,658.0,644.0,0.9787,0.5978,0.4022
2025H1,Coventry Building Society,Insurance & pure protection,2.0,2.0,1.0,0.0,1.0
2025H1,Creation Consumer Finance LTD,Banking and credit cards,9886.0,3247.0,0.3284,0.1703,0.7933
2025H1,Creation Financial Services Limited,Banking and credit cards,404.0,406.0,1.005,0.1921,0.7882
2025H1,Cynergy Bank PLC,Banking and credit cards,1047.0,766.0,0.7316,0.1815,0.8159
2025H1,Cynergy Bank PLC,Home finance,2.0,2.0,1.0,,1.0
2025H1,Digital Moneybox Limited,Banking and credit cards,535.0,404.0,0.7551,0.2921,0.7079
2025H1,Digital Moneybox Limited,Decumulation & pensions,19.0,19.0,1.0,0.2632,0.7368
2025H1,Digital Moneybox Limited,Investments,101.0,98.0,0.9703,0.2245,0.7755
2025H1,Domestic & General Insurance PLC,Insurance & pure protection,60444.0,59489.0,0.9842,0.7763,0.2143
2025H1,Elderbridge Limited,Home finance,756.0,783.0,1.0357,0.0319,0.8008
2025H1,Embark Investment Services Limited,Banking and credit cards,0.0,0.0,,,
2025H1,Embark Investment Services Limited,Decumulation & pensions,305.0,422.0,1.3836,0.3341,0.2417
2025H1,Embark Investment Services Limited,Home finance,0.0,0.0,,,
2025H1,Embark Investment Services Limited,Insurance & pure protection,0.0,0.0,,,
2025H1,Embark Investment Services Limited,Investments,323.0,463.0,1.4334,0.3283,0.2397
2025H1,Embark Services Limited,Banking and credit cards,0.0,0.0,,,
2025H1,Embark Services Limited,Decumulation & pensions,515.0,471.0,0.9146,0.0722,0.3355
2025H1,Embark Services Limited,Home finance,0.0,0.0,,,
2025H1,Embark Services Limited,Insurance & pure protection,0.0,0.0,,,
2025H1,Embark Services Limited,Investments,0.0,0.0,,,
2025H1,Equiniti Financial Services Limited,Decumulation & pensions,26.0,25.0,0.9615,0.32,0.68
2025H1,Equiniti Financial Services Limited,Investments,2333.0,2228.0,0.955,0.4758,0.5229
2025H1,Ergo Travel Insurance Services LTD,Insurance & pure protection,2738.0,2614.0,0.9547,0.1959,0.7223
2025H1,Ergo UK Specialty Limited,Insurance & pure protection,574.0,513.0,0.8937,0.0312,0.924
2025H1,Esure Insurance Limited,Insurance & pure protection,14395.0,14334.0,0.9958,0.4976,0.4717
2025H1,Eui Limited,Insurance & pure protection,70326.0,69925.0,0.9943,0.4779,0.4751
2025H1,Evolution Insurance Company Limited,Insurance & pure protection,540.0,543.0,1.0056,0.2063,0.7035
2025H1,Exeter Friendly Society Limited,Insurance & pure protection,1294.0,1308.0,1.0108,0.737,0.2592
2025H1,Experian Limited,Home finance,0.0,0.0,,,
2025H1,Experian Limited,Insurance & pure protection,0.0,0.0,,,
2025H1,Family Assurance Friendly Society Limited,Banking and credit cards,0.0,0.0,,,
2025H1,Family Assurance Friendly Society Limited,Decumulation & pensions,3.0,3.0,1.0,0.3333,0.6667
2025H1,Family Assurance Friendly Society Limited,Home finance,0.0,0.0,,,
2025H1,Family Assurance Friendly Society Limited,Insurance & pure protection,530.0,550.0,1.0377,0.4327,0.5636
2025H1,Family Assurance Friendly Society Limited,Investments,160.0,165.0,1.0312,0.5333,0.4667
2025H1,Family Equity Plan Limited,Banking and credit cards,631.0,615.0,0.9746,0.3512,0.6488
2025H1,Family Equity Plan Limited,Decumulation & pensions,0.0,0.0,,,
2025H1,Family Equity Plan Limited,Home finance,0.0,0.0,,,
2025H1,Family Equity Plan Limited,Insurance & pure protection,0.0,0.0,,,
2025H1,Family Equity Plan Limited,Investments,563.0,565.0,1.0036,0.3664,0.6301
2025H1,Financial Administration Services Limited,Decumulation & pensions,630.0,641.0,1.0175,0.1217,0.7036
2025H1,Financial Administration Services Limited,Investments,1224.0,1245.0,1.0172,0.102,0.7671
2025H1,First Central Insurance Management Limited,Insurance & pure protection,8149.0,8266.0,1.0144,0.5665,0.4044
2025H1,Firstrand Bank Limited,Insurance & pure protection,21.0,22.0,1.0476,0.0,0.7273
2025H1,Forester Life Limited,Decumulation & pensions,31.0,26.0,0.8387,0.4231,0.5
2025H1,Forester Life Limited,Insurance & pure protection,29.0,30.0,1.0345,0.4667,0.5
2025H1,Forester Life Limited,Investments,552.0,520.0,0.942,0.5558,0.4365
2025H1,Fortegra Europe Insurance Company LTD,Insurance & pure protection,3743.0,3100.0,0.8282,0.2723,0.7113
2025H1,Funding Circle LTD,Investments,15.0,18.0,1.2,0.1111,0.8333
2025H1,HSBC Bank PLC,Banking and credit cards,465.0,454.0,0.9763,0.7423,0.2004
2025H1,HSBC Bank PLC,Decumulation & pensions,0.0,0.0,,,
2025H1,HSBC Bank PLC,Home finance,0.0,0.0,,,
2025H1,HSBC Bank PLC,Insurance & pure protection,2.0,2.0,1.0,0.5,0.5
2025H1,HSBC Bank PLC,Investments,47.0,54.0,1.1489,0.2222,0.5556
2025H1,HSBC UK Bank PLC,Banking and credit cards,84351.0,83920.0,0.9949,0.7221,0.2746
2025H1,HSBC UK Bank PLC,Decumulation & pensions,66.0,69.0,1.0455,0.1739,0.4928
2025H1,HSBC UK Bank PLC,Home finance,5264.0,5186.0,0.9852,0.3218,0.6516
2025H1,HSBC UK Bank PLC,Insurance & pure protection,548.0,522.0,0.9526,0.272,0.7107
2025H1,HSBC UK Bank PLC,Investments,1160.0,1105.0,0.9526,0.1783,0.7792
2025H1,Halifax Share Dealing Limited,Banking and credit cards,0.0,0.0,,,
2025H1,Halifax Share Dealing Limited,Decumulation & pensions,35.0,29.0,0.8286,0.2414,0.6552
2025H1,Halifax Share Dealing Limited,Home finance,0.0,0.0,,,
2025H1,Halifax Share Dealing Limited,Insurance & pure protection,0.0,0.0,,,
2025H1,Halifax Share Dealing Limited,Investments,651.0,634.0,0.9739,0.3565,0.5599
2025H1,Hargreaves Lansdown Asset Management Limited,Decumulation & pensions,1938.0,2026.0,1.0454,0.1969,0.7794
2025H1,Hargreaves Lansdown Asset Management Limited,Investments,4701.0,4461.0,0.9489,0.2547,0.7285
2025H1,Hastings Insurance Services Limited,Insurance & pure protection,18123.0,17586.0,0.9704,0.2439,0.7367
2025H1,Hbos Investment Fund Managers Limited,Banking and credit cards,0.0,0.0,,,
2025H1,Hbos Investment Fund Managers Limited,Decumulation & pensions,0.0,0.0,,,
2025H1,Hbos Investment Fund Managers Limited,Home finance,0.0,0.0,,,
2025H1,Hbos Investment Fund Managers Limited,Insurance & pure protection,0.0,0.0,,,
2025H1,Hbos Investment Fund Managers Limited,Investments,734.0,756.0,1.03,0.455,0.5013
2025H1,Helvetia Global Solutions LTD,Insurance & pure protection,914.0,916.0,1.0022,0.1103,0.8723
2025H1,Highway Insurance Company Limited,Insurance & pure protection,744.0,762.0,1.0242,0.2139,0.5814
2025H1,Hiscox Insurance Company Limited,Insurance & pure protection,510.0,517.0,1.0137,0.1006,0.8491
2025H1,Home Retail Group Card Services Limited,Banking and credit cards,4438.0,4359.0,0.9822,0.39,0.6011
2025H1,Homeserve Membership Limited,Insurance & pure protection,2971.0,3072.0,1.034,0.3314,0.6605
2025H1,Hood Travel Limited,Insurance & pure protection,740.0,637.0,0.8608,0.4788,0.4914
2025H1,Howserv Limited,Insurance & pure protection,2358.0,2374.0,1.0068,0.3521,0.639
2025H1,I Go 4 Ltd.,Insurance & pure protection,940.0,921.0,0.9798,0.2649,0.7188
2025H1,Ikano Bank Ab (publ),Banking and credit cards,1191.0,1362.0,1.1436,0.243,0.6968
2025H1,Inshur UK LTD,Insurance & pure protection,614.0,606.0,0.987,0.8053,0.1667
2025H1,Insurance Factory Limited,Insurance & pure protection,2708.0,3211.0,1.1857,0.3806,0.6007
2025H1,Intact Insurance UK Limited,Insurance & pure protection,8694.0,9144.0,1.0518,0.4201,0.529
2025H1,Inter Partner Assistance Sa,Insurance & pure protection,8212.0,9685.0,1.1794,0.2482,0.4641
2025H1,Interactive Brokers (u.k.) Limited,Investments,927.0,862.0,0.9299,0.1218,0.7715
2025H1,Interactive Investor Services Limited,Decumulation & pensions,280.0,287.0,1.025,0.0976,0.8571
2025H1,Interactive Investor Services Limited,Investments,2225.0,2287.0,1.0279,0.2112,0.7787
2025H1,J.p. Morgan Europe Limited,Banking and credit cards,10803.0,10763.0,0.9963,0.3896,0.6096
2025H1,James Hay Administration Company Limited,Decumulation & pensions,950.0,1244.0,1.3095,0.0619,0.5305
2025H1,Janus Henderson Fund Management UK Limited,Investments,569.0,570.0,1.0018,0.3281,0.6404
2025H1,Kensington Mortgage Company Limited,Home finance,919.0,894.0,0.9728,0.3445,0.6465
2025H1,Kroo Bank LTD,Banking and credit cards,893.0,893.0,1.0,0.0,0.9295
2025H1,Landmark Mortgages Limited,Home finance,604.0,633.0,1.048,0.2859,0.684
2025H1,Leeds Building Society,Banking and credit cards,2336.0,2391.0,1.0235,,0.4714
2025H1,Leeds Building Society,Home finance,1076.0,1098.0,1.0204,,0.6166
2025H1,Leeds Building Society,Insurance & pure protection,5.0,5.0,1.0,,0.4
2025H1,Legal And General Assurance Society Limited,Decumulation & pensions,1386.0,1270.0,0.9163,0.1354,0.8551
2025H1,Legal And General Assurance Society Limited,Insurance & pure protection,3051.0,3119.0,1.0223,0.4229,0.5566
2025H1,Lenvi Servicing Limited,Home finance,756.0,782.0,1.0344,0.2404,0.5818
2025H1,Liverpool Victoria Financial Services Limited,Decumulation & pensions,384.0,397.0,1.0339,0.4433,0.5063
2025H1,Liverpool Victoria Financial Services Limited,Insurance & pure protection,1349.0,1380.0,1.023,0.6333,0.3486
2025H1,Liverpool Victoria Financial Services Limited,Investments,274.0,275.0,1.0036,0.5964,0.3455
2025H1,Liverpool Victoria Insurance Company Limited,Insurance & pure protection,10359.0,10636.0,1.0267,0.3057,0.5069
2025H1,Lloyds Bank General Insurance Limited,Banking and credit cards,0.0,0.0,,,
2025H1,Lloyds Bank General Insurance Limited,Decumulation & pensions,0.0,0.0,,,
2025H1,Lloyds Bank General Insurance Limited,Home finance,0.0,0.0,,,
2025H1,Lloyds Bank General Insurance Limited,Insurance & pure protection,5782.0,5776.0,0.999,0.1974,0.7355
2025H1,Lloyds Bank General Insurance Limited,Investments,0.0,0.0,,,
2025H1,Lloyds Bank PLC,Banking and credit cards,78119.0,76734.0,0.9823,0.5867,0.3011
2025H1,Lloyds Bank PLC,Decumulation & pensions,43.0,44.0,1.0233,0.0909,0.7045
2025H1,Lloyds Bank PLC,Home finance,2845.0,2884.0,1.0137,0.4317,0.5302
2025H1,Lloyds Bank PLC,Insurance & pure protection,350.0,339.0,0.9686,0.1298,0.8201
2025H1,Lloyds Bank PLC,Investments,46.0,40.0,0.8696,0.125,0.75
2025H1,London And Country Mortgages LTD,Home finance,585.0,574.0,0.9812,0.2404,0.7596
2025H1,London And Country Mortgages LTD,Insurance & pure protection,48.0,46.0,0.9583,0.1522,0.8478
2025H1,M & G Securities Limited,Investments,738.0,734.0,0.9946,0.2929,0.6853
2025H1,MBNA Limited,Banking and credit cards,9487.0,9578.0,1.0096,0.5894,0.3839
2025H1,MBNA Limited,Decumulation & pensions,0.0,0.0,,,
2025H1,MBNA Limited,Home finance,0.0,0.0,,,
2025H1,MBNA Limited,Insurance & pure protection,8.0,8.0,1.0,0.75,0.25
2025H1,MBNA Limited,Investments,0.0,0.0,,,
2025H1,Manypets LTD,Insurance & pure protection,3709.0,3973.0,1.0712,0.0121,0.6091
2025H1,Marks & Spencer Financial Services PLC,Banking and credit cards,7097.0,7224.0,1.0179,0.7835,0.2143
2025H1,Marks & Spencer Financial Services PLC,Decumulation & pensions,0.0,0.0,,,
2025H1,Marks & Spencer Financial Services PLC,Home finance,0.0,0.0,,,
2025H1,Marks & Spencer Financial Services PLC,Insurance & pure protection,100.0,97.0,0.97,0.5773,0.4227
2025H1,Marks & Spencer Financial Services PLC,Investments,0.0,0.0,,,
2025H1,Marshmallow Financial Services LTD,Insurance & pure protection,5700.0,5656.0,0.9923,0.2329,0.6855
2025H1,Metlife Europe D.a.c.,Insurance & pure protection,808.0,743.0,0.9196,0.1036,0.7887
2025H1,Metro Bank PLC,Banking and credit cards,9473.0,9789.0,1.0334,0.3795,0.6179
2025H1,Metro Bank PLC,Home finance,201.0,218.0,1.0846,0.3349,0.6606
2025H1,Millennium Insurance Company Limited,Insurance & pure protection,759.0,714.0,0.9407,0.4566,0.535
2025H1,Monzo Bank LTD,Banking and credit cards,34946.0,37486.0,1.0727,0.2488,0.6736
2025H1,Monzo Bank LTD,Decumulation & pensions,30.0,25.0,0.8333,0.04,0.88
2025H1,Monzo Bank LTD,Investments,116.0,124.0,1.069,0.2742,0.6129
2025H1,Moorcroft Debt Recovery Limited,Banking and credit cards,468.0,421.0,0.8996,0.1829,0.8171
2025H1,Motonovo Finance Limited,Insurance & pure protection,22.0,23.0,1.0455,0.0,0.8696
2025H1,Munich Re Digital Partners Limited,Insurance & pure protection,3850.0,3482.0,0.9044,0.593,0.4009
2025H1,National House-building Council,Insurance & pure protection,698.0,686.0,0.9828,0.0204,0.9738
2025H1,National Westminster Bank Public Limited Company,Banking and credit cards,87171.0,83986.0,0.9635,0.504,0.4425
2025H1,National Westminster Bank Public Limited Company,Decumulation & pensions,41.0,41.0,1.0,0.0,0.4634
2025H1,National Westminster Bank Public Limited Company,Home finance,6580.0,6731.0,1.0229,0.5803,0.3597
2025H1,National Westminster Bank Public Limited Company,Insurance & pure protection,83.0,81.0,0.9759,0.2099,0.7531
2025H1,National Westminster Bank Public Limited Company,Investments,245.0,246.0,1.0041,0.0122,0.7561
2025H1,Nationwide Building Society,Banking and credit cards,61048.0,60313.0,0.988,0.5369,0.4581
2025H1,Nationwide Building Society,Decumulation & pensions,3.0,3.0,1.0,0.3333,0.6667
2025H1,Nationwide Building Society,Home finance,4514.0,4519.0,1.0011,0.3837,0.6054
2025H1,Nationwide Building Society,Insurance & pure protection,168.0,166.0,0.9881,0.3735,0.6265
2025H1,Nationwide Building Society,Investments,53.0,46.0,0.8679,0.1087,0.8913
2025H1,Newcastle Building Society,Banking and credit cards,498.0,479.0,0.9618,0.5031,0.4969
2025H1,Newcastle Building Society,Decumulation & pensions,0.0,0.0,,,
2025H1,Newcastle Building Society,Home finance,204.0,197.0,0.9657,0.7107,0.2893
2025H1,Newcastle Building Society,Insurance & pure protection,1.0,1.0,1.0,0.0,1.0
2025H1,Newcastle Building Society,Investments,4.0,3.0,0.75,0.3333,0.6667
2025H1,Northern Bank Limited,Banking and credit cards,1379.0,1374.0,0.9964,0.4309,0.5684
2025H1,Northern Bank Limited,Home finance,79.0,74.0,0.9367,0.1486,0.8514
2025H1,Northern Bank Limited,Insurance & pure protection,1.0,1.0,1.0,0.0,1.0
2025H1,Nutmeg Saving And Investment Limited,Decumulation & pensions,256.0,256.0,1.0,0.043,0.9492
2025H1,Nutmeg Saving And Investment Limited,Investments,863.0,863.0,1.0,0.2341,0.7601
2025H1,One Call Insurance Services Limited,Insurance & pure protection,3098.0,3056.0,0.9864,0.6695,0.3285
2025H1,Onesavings Bank PLC,Banking and credit cards,1778.0,1936.0,1.0889,0.2195,0.6751
2025H1,Onesavings Bank PLC,Home finance,959.0,940.0,0.9802,0.2989,0.5819
2025H1,Ovo Home Services LTD,Insurance & pure protection,2067.0,2269.0,1.0977,0.1027,0.8854
2025H1,Paragon Bank PLC,Banking and credit cards,640.0,687.0,1.0734,0.3945,0.5953
2025H1,Paragon Bank PLC,Home finance,238.0,241.0,1.0126,0.2324,0.6888
2025H1,Paragon Bank PLC,Insurance & pure protection,2.0,2.0,1.0,0.0,1.0
2025H1,People's Administration Services Limited,Decumulation & pensions,6548.0,6548.0,1.0,0.0301,0.9411
2025H1,Pepper (uk) Limited,Home finance,680.0,621.0,0.9132,0.1723,0.8196
2025H1,Phoenix Life Ca Limited,Decumulation & pensions,623.0,599.0,0.9615,0.1669,0.8063
2025H1,Phoenix Life Ca Limited,Insurance & pure protection,396.0,295.0,0.7449,0.1695,0.7966
2025H1,Phoenix Life Ca Limited,Investments,75.0,75.0,1.0,0.1867,0.7867
2025H1,Phoenix Life Limited,Decumulation & pensions,11963.0,11861.0,0.9915,0.3862,0.5061
2025H1,Phoenix Life Limited,Home finance,6.0,3.0,0.5,0.3333,0.6667
2025H1,Phoenix Life Limited,Insurance & pure protection,3321.0,3280.0,0.9877,0.3265,0.5503
2025H1,Phoenix Life Limited,Investments,885.0,912.0,1.0305,0.2862,0.5241
2025H1,Pinnacle Insurance Limited,Insurance & pure protection,2817.0,2901.0,1.0298,0.5653,0.4333
2025H1,Principality Building Society,Banking and credit cards,807.0,842.0,1.0434,0.4751,0.5095
2025H1,Principality Building Society,Home finance,383.0,387.0,1.0104,0.4677,0.5194
2025H1,Principality Building Society,Insurance & pure protection,2.0,2.0,1.0,0.5,0.5
2025H1,Principality Building Society,Investments,0.0,0.0,,,
2025H1,Qbe UK Limited,Insurance & pure protection,976.0,941.0,0.9641,0.1594,0.6897
2025H1,Qmetric Group Limited,Insurance & pure protection,4122.0,3613.0,0.8765,0.2928,0.669
2025H1,Quilter Financial Services Limited,Decumulation & pensions,646.0,681.0,1.0542,0.0,0.9956
2025H1,Quilter Financial Services Limited,Home finance,1.0,2.0,2.0,0.0,1.0
2025H1,Quilter Financial Services Limited,Insurance & pure protection,5.0,6.0,1.2,0.0,1.0
2025H1,Quilter Financial Services Limited,Investments,313.0,311.0,0.9936,0.0,1.0
2025H1,Quilter Life & Pensions Limited,Decumulation & pensions,575.0,499.0,0.8678,0.012,0.988
2025H1,Quilter Life & Pensions Limited,Investments,134.0,109.0,0.8134,0.0092,0.9908
2025H1,RBS Collective Investment Funds Limited,Investments,2028.0,2006.0,0.9892,0.4711,0.515
2025H1,Rac Financial Services Limited,Insurance & pure protection,8793.0,8756.0,0.9958,0.5614,0.4357
2025H1,Reassure Life Limited,Decumulation & pensions,195.0,193.0,0.9897,0.3212,0.6062
2025H1,Reassure Life Limited,Insurance & pure protection,335.0,339.0,1.0119,0.3068,0.59
2025H1,Reassure Life Limited,Investments,139.0,147.0,1.0576,0.3605,0.5034
2025H1,Reassure Limited,Decumulation & pensions,3646.0,3625.0,0.9942,0.379,0.5274
2025H1,Reassure Limited,Home finance,1.0,1.0,1.0,0.0,1.0
2025H1,Reassure Limited,Insurance & pure protection,597.0,572.0,0.9581,0.3566,0.5122
2025H1,Reassure Limited,Investments,503.0,491.0,0.9761,0.4542,0.4745
2025H1,Reassured LTD,Insurance & pure protection,556.0,558.0,1.0036,0.629,0.371
2025H1,Rothesay Life PLC,Decumulation & pensions,725.0,726.0,1.0014,0.1749,0.8251
2025H1,Sabre Insurance Company Limited,Insurance & pure protection,590.0,588.0,0.9966,0.6905,0.3044
2025H1,Saga Services Limited,Insurance & pure protection,8353.0,8421.0,1.0081,0.7269,0.2642
2025H1,Sainsbury's Bank PLC,Banking and credit cards,2808.0,2830.0,1.0078,0.4597,0.5166
2025H1,Sainsbury's Bank PLC,Insurance & pure protection,860.0,848.0,0.986,0.1509,0.8455
2025H1,Santander UK PLC,Banking and credit cards,57110.0,55350.0,0.9692,0.4263,0.5586
2025H1,Santander UK PLC,Decumulation & pensions,27.0,20.0,0.7407,,0.55
2025H1,Santander UK PLC,Home finance,5040.0,4896.0,0.9714,0.5413,0.4565
2025H1,Santander UK PLC,Insurance & pure protection,131.0,126.0,0.9618,0.3095,0.6111
2025H1,Santander UK PLC,Investments,78.0,71.0,0.9103,0.2394,0.6338
2025H1,Scottish Equitable PLC,Decumulation & pensions,7562.0,6340.0,0.8384,0.2442,0.5363
2025H1,Scottish Equitable PLC,Insurance & pure protection,10.0,7.0,0.7,0.2857,0.2857
2025H1,Scottish Equitable PLC,Investments,329.0,301.0,0.9149,0.1894,0.4252
2025H1,Scottish Friendly Assurance Society Limited,Decumulation & pensions,445.0,406.0,0.9124,0.1133,0.8793
2025H1,Scottish Friendly Assurance Society Limited,Insurance & pure protection,407.0,407.0,1.0,0.1278,0.8501
2025H1,Scottish Friendly Assurance Society Limited,Investments,813.0,812.0,0.9988,0.1404,0.8584
2025H1,Scottish Widows Limited,Banking and credit cards,0.0,0.0,,,
2025H1,Scottish Widows Limited,Decumulation & pensions,7493.0,8104.0,1.0815,0.1459,0.7182
2025H1,Scottish Widows Limited,Home finance,0.0,0.0,,,
2025H1,Scottish Widows Limited,Insurance & pure protection,1413.0,1485.0,1.051,0.1852,0.7037
2025H1,Scottish Widows Limited,Investments,1940.0,2209.0,1.1387,0.1498,0.7089
2025H1,Scottish Widows Unit Trust Managers Limited,Banking and credit cards,0.0,0.0,,,
2025H1,Scottish Widows Unit Trust Managers Limited,Decumulation & pensions,0.0,0.0,,,
2025H1,Scottish Widows Unit Trust Managers Limited,Home finance,0.0,0.0,,,
2025H1,Scottish Widows Unit Trust Managers Limited,Insurance & pure protection,0.0,0.0,,,
2025H1,Scottish Widows Unit Trust Managers Limited,Investments,536.0,572.0,1.0672,0.4073,0.5507
2025H1,Secure Trust Bank Public Limited Company,Banking and credit cards,399.0,451.0,1.1303,0.1086,0.8758
2025H1,Secure Trust Bank Public Limited Company,Home finance,3.0,2.0,0.6667,,
2025H1,Shawbrook Bank Limited,Banking and credit cards,1063.0,998.0,0.9389,0.4609,0.5331
2025H1,Shawbrook Bank Limited,Home finance,479.0,472.0,0.9854,0.1547,0.7966
2025H1,Shop Direct Finance Company Limited,Insurance & pure protection,394.0,356.0,0.9036,0.0056,0.9494
2025H1,Simplyhealth Access,Insurance & pure protection,2222.0,2207.0,0.9932,0.2646,0.7322
2025H1,Skipton Building Society,Banking and credit cards,4282.0,4413.0,1.0306,0.3456,0.5663
2025H1,Skipton Building Society,Decumulation & pensions,49.0,47.0,0.9592,,1.0
2025H1,Skipton Building Society,Home finance,593.0,611.0,1.0304,0.455,0.5352
2025H1,Skipton Building Society,Insurance & pure protection,5.0,5.0,1.0,1.0,
2025H1,Skipton Building Society,Investments,97.0,100.0,1.0309,0.11,0.82
2025H1,Society Of Lloyd's,Insurance & pure protection,4972.0,4858.0,0.9771,0.3361,0.6375
2025H1,Somerset Bridge Insurance Services Limited,Insurance & pure protection,1403.0,1372.0,0.9779,0.6144,0.3834
2025H1,St. James's Place UK PLC,Decumulation & pensions,562.0,599.0,1.0658,0.0184,0.9082
2025H1,St. James's Place UK PLC,Insurance & pure protection,5.0,5.0,1.0,0.0,0.6
2025H1,St. James's Place UK PLC,Investments,200.0,209.0,1.045,0.0383,0.8373
2025H1,St. James's Place Wealth Management PLC,Banking and credit cards,2.0,1.0,0.5,0.0,0.0
2025H1,St. James's Place Wealth Management PLC,Decumulation & pensions,2996.0,6248.0,2.0,0.0019,0.1432
2025H1,St. James's Place Wealth Management PLC,Home finance,16.0,28.0,1.75,0.0,0.0357
2025H1,St. James's Place Wealth Management PLC,Insurance & pure protection,145.0,216.0,1.4897,0.0,0.0324
2025H1,St. James's Place Wealth Management PLC,Investments,2352.0,5027.0,2.0,0.0014,0.1219
2025H1,Starling Bank Limited,Banking and credit cards,20833.0,21949.0,1.0536,0.1816,0.8174
2025H1,Starr International (europe) Limited,Insurance & pure protection,1326.0,1297.0,0.9781,0.0894,0.9021
2025H1,Swift 1st Limited,Home finance,867.0,845.0,0.9746,0.6095,0.3905
2025H1,TSB Bank PLC,Banking and credit cards,28085.0,29105.0,1.0363,0.5674,0.4101
2025H1,TSB Bank PLC,Home finance,1614.0,1611.0,0.9981,0.5531,0.4364
2025H1,TSB Bank PLC,Insurance & pure protection,23.0,25.0,1.087,0.64,0.2
2025H1,Telefonica Seguros Y Reaseguros Compania Aseguradora S.a.u.,Insurance & pure protection,3103.0,3284.0,1.0583,0.2506,0.7421
2025H1,Telefonica UK Limited,Insurance & pure protection,416.0,401.0,0.9639,0.5761,0.3815
2025H1,Tesco Personal Finance Limited,Insurance & pure protection,4180.0,4184.0,1.001,0.4665,0.533
2025H1,Tesco Underwriting Limited,Insurance & pure protection,2550.0,2462.0,0.9655,0.2409,0.6621
2025H1,The Co-operative Bank PLC,Banking and credit cards,9034.0,9244.0,1.0232,0.7175,0.2433
2025H1,The Co-operative Bank PLC,Decumulation & pensions,0.0,1.0,2.0,0.0,0.0
2025H1,The Co-operative Bank PLC,Home finance,1507.0,1609.0,1.0677,0.3592,0.6314
2025H1,The Co-operative Bank PLC,Insurance & pure protection,1.0,1.0,1.0,0.0,0.0
2025H1,The Co-operative Bank PLC,Investments,0.0,0.0,,,
2025H1,The Mortgage Works (uk) PLC,Home finance,1463.0,1637.0,1.1189,0.2535,0.7324
2025H1,The National Farmers' Union Mutual Insurance Society Limited,Decumulation & pensions,104.0,103.0,0.9904,0.0097,0.9903
2025H1,The National Farmers' Union Mutual Insurance Society Limited,Insurance & pure protection,5252.0,5311.0,1.0112,0.3958,0.5654
2025H1,The National Farmers' Union Mutual Insurance Society Limited,Investments,56.0,56.0,1.0,0.0357,0.9643
2025H1,The Prudential Assurance Company Limited,Decumulation & pensions,6193.0,5697.0,0.9199,0.0841,0.799
2025H1,The Prudential Assurance Company Limited,Home finance,38.0,34.0,0.8947,0.0294,0.5588
2025H1,The Prudential Assurance Company Limited,Insurance & pure protection,718.0,661.0,0.9206,0.0393,0.8638
2025H1,The Prudential Assurance Company Limited,Investments,2525.0,2463.0,0.9754,0.0735,0.8193
2025H1,The Royal Bank Of Scotland PLC,Banking and credit cards,18642.0,17936.0,0.9621,0.4829,0.4579
2025H1,The Royal Bank Of Scotland PLC,Decumulation & pensions,8.0,7.0,0.875,0.0,0.2857
2025H1,The Royal Bank Of Scotland PLC,Home finance,1287.0,1359.0,1.0559,0.4481,0.4386
2025H1,The Royal Bank Of Scotland PLC,Insurance & pure protection,21.0,24.0,1.1429,0.1667,0.75
2025H1,The Royal Bank Of Scotland PLC,Investments,61.0,64.0,1.0492,0.0313,0.7031
2025H1,The Royal London Mutual Insurance Society Limited,Decumulation & pensions,6087.0,5655.0,0.929,0.2808,0.6419
2025H1,The Royal London Mutual Insurance Society Limited,Insurance & pure protection,2152.0,2032.0,0.9442,0.3105,0.6388
2025H1,The Royal London Mutual Insurance Society Limited,Investments,198.0,185.0,0.9343,0.3405,0.6324
2025H1,Topaz Finance Limited,Home finance,2301.0,2209.0,0.96,0.3997,0.5731
2025H1,Tradex Insurance Company PLC,Insurance & pure protection,3465.0,3137.0,0.9053,0.4772,0.5021
2025H1,Trading 212 UK Limited,Banking and credit cards,610.0,666.0,1.0918,0.542,0.458
2025H1,Trading 212 UK Limited,Investments,1014.0,1179.0,1.1627,0.5225,0.4775
2025H1,U K Insurance Limited,Insurance & pure protection,42802.0,44506.0,1.0398,0.3636,0.5844
2025H1,U.s. Bank Europe Dac,Banking and credit cards,1732.0,1686.0,0.9734,0.2888,0.704
2025H1,UK Mortgage Lending LTD,Home finance,705.0,676.0,0.9589,0.3846,0.5976
2025H1,Usay Business LTD,Insurance & pure protection,666.0,737.0,1.1066,0.0217,0.9769
2025H1,Utility Warehouse Limited,Insurance & pure protection,3996.0,3717.0,0.9302,0.767,0.1593
2025H1,"Vanguard Asset Management, Ltd.",Decumulation & pensions,686.0,737.0,1.0743,0.1262,0.4301
2025H1,"Vanguard Asset Management, Ltd.",Investments,1766.0,1779.0,1.0074,0.1951,0.4862
2025H1,Vanquis Bank Limited,Banking and credit cards,22086.0,23062.0,1.0442,0.115,0.8484
2025H1,Virgin Money Unit Trust Managers LTD,Decumulation & pensions,381.0,457.0,1.1995,0.0875,0.9081
2025H1,Virgin Money Unit Trust Managers LTD,Investments,529.0,586.0,1.1078,0.0956,0.9027
2025H1,Vitality Corporate Services Limited,Insurance & pure protection,10069.0,9711.0,0.9644,0.4977,0.4469
2025H1,Vodafone Limited,Insurance & pure protection,225.0,226.0,1.0044,0.6681,0.3319
2025H1,Volkswagen Financial Services (uk) Limited,Insurance & pure protection,35.0,40.0,1.1429,0.025,0.625
2025H1,Wesleyan Assurance Society,Decumulation & pensions,392.0,371.0,0.9464,0.3827,0.5957
2025H1,Wesleyan Assurance Society,Insurance & pure protection,122.0,122.0,1.0,0.5,0.4754
2025H1,Wesleyan Assurance Society,Investments,261.0,269.0,1.0307,0.3903,0.5911
2025H1,West Bay Insurance PLC,Insurance & pure protection,751.0,693.0,0.9228,0.3608,0.5887
2025H1,Xbridge Limited,Insurance & pure protection,1186.0,1216.0,1.0253,0.1563,0.8421
2025H1,Yorkshire Building Society,Banking and credit cards,2271.0,2251.0,0.9912,0.3452,0.653
2025H1,Yorkshire Building Society,Decumulation & pensions,1.0,1.0,1.0,0.0,1.0
2025H1,Yorkshire Building Society,Home finance,578.0,552.0,0.955,0.2355,0.7409
2025H1,Yorkshire Building Society,Insurance & pure protection,19.0,19.0,1.0,0.2632,0.7368
2025H1,Zempler Bank Limited,Banking and credit cards,1507.0,1456.0,0.9662,0.2054,0.7946
2025H1,Zopa Bank Limited,Banking and credit cards,4637.0,4251.0,0.9168,0.3357,0.6601
2025H1,Zurich Assurance LTD,Banking and credit cards,0.0,0.0,,,
2025H1,Zurich Assurance LTD,Decumulation & pensions,949.0,1008.0,1.0622,0.248,0.7401
2025H1,Zurich Assurance LTD,Home finance,0.0,0.0,,,
2025H1,Zurich Assurance LTD,Insurance & pure protection,2230.0,2260.0,1.0135,0.2071,0.7876
2025H1,Zurich Assurance LTD,Investments,371.0,388.0,1.0458,0.201,0.7938
2025H1,Zurich Insurance Company LTD,Insurance & pure protection,2848.0,2914.0,1.0232,0.1548,0.7598
2025H2,Accord Mortgages Limited,Banking and credit cards,14.0,12.0,0.8571,0.1667,0.8333
2025H2,Accord Mortgages Limited,Home finance,936.0,899.0,0.9605,0.2125,0.7675
2025H2,Accredited Insurance (europe) LTD,Insurance & pure protection,4337.0,4046.0,0.9329,0.2405,0.74
2025H2,Acm Ulr Limited,Insurance & pure protection,636.0,669.0,1.0519,0.1958,0.7608
2025H2,Acorn Insurance And Financial Services Limited,Insurance & pure protection,766.0,741.0,0.9674,0.4278,0.5709
2025H2,Acromas Insurance Company Limited,Insurance & pure protection,1840.0,1781.0,0.9679,0.3307,0.6513
2025H2,Admiral Financial Services Limited,Home finance,16.0,14.0,0.875,0.4286,0.5714
2025H2,Adrian Flux Insurance Services Group,Insurance & pure protection,2518.0,2500.0,0.9929,0.94,0.0584
2025H2,Advisory Insurance Brokers Limited,Insurance & pure protection,651.0,671.0,1.0307,0.1684,0.766
2025H2,Ageas Insurance Limited,Insurance & pure protection,4403.0,4463.0,1.0136,0.2911,0.6458
2025H2,Ageas Retail Limited,Insurance & pure protection,909.0,888.0,0.9769,0.4887,0.5079
2025H2,Aioi Nissay Dowa Insurance UK Limited,Insurance & pure protection,1554.0,1497.0,0.9633,0.2692,0.7188
2025H2,Aj Bell Management Limited,Decumulation & pensions,1051.0,1043.0,0.9924,0.3739,0.6242
2025H2,Aj Bell Securities Limited,Banking and credit cards,44.0,44.0,1.0,0.5,0.5
2025H2,Aj Bell Securities Limited,Decumulation & pensions,316.0,303.0,0.9589,0.3432,0.6568
2025H2,Aj Bell Securities Limited,Investments,1140.0,1127.0,0.9886,0.3744,0.6247
2025H2,Aldermore Bank PLC,Banking and credit cards,754.0,706.0,0.9363,0.5085,0.4802
2025H2,Aldermore Bank PLC,Home finance,691.0,656.0,0.9493,0.2607,0.718
2025H2,Allianz Insurance PLC,Insurance & pure protection,2908.0,2889.0,0.9935,0.2288,0.7549
2025H2,American Express Services Europe Limited,Banking and credit cards,14708.0,14248.0,0.9687,0.1829,0.81
2025H2,American Express Services Europe Limited,Insurance & pure protection,106.0,78.0,0.7358,0.0128,0.9359
2025H2,American International Group UK Limited,Insurance & pure protection,955.0,929.0,0.9728,0.1808,0.8105
2025H2,Amtrust Specialty Limited,Insurance & pure protection,1976.0,1994.0,1.0091,0.0863,0.8325
2025H2,Animal Friends Insurance Services Limited,Insurance & pure protection,3482.0,3575.0,1.0267,0.2078,0.791
2025H2,Antares Insurance Company Limited,Insurance & pure protection,650.0,594.0,0.9138,0.2222,0.7677
2025H2,Arag Legal Expenses Insurance Company Limited,Insurance & pure protection,2976.0,2728.0,0.9167,0.2427,0.7115
2025H2,Arthur J. Gallagher Insurance Brokers Limited,Insurance & pure protection,977.0,1004.0,1.0276,0.3317,0.6474
2025H2,Ascent Performance Group Limited,Banking and credit cards,68.0,72.0,1.0588,0.0833,0.9167
2025H2,Ascent Performance Group Limited,Home finance,446.0,471.0,1.0561,0.104,0.896
2025H2,Assurant General Insurance Limited,Insurance & pure protection,6731.0,6825.0,1.014,0.65,0.3408
2025H2,Astrenska Insurance Limited,Insurance & pure protection,2862.0,2483.0,0.8676,0.1599,0.8099
2025H2,Asurion Europe Limited,Insurance & pure protection,1566.0,1571.0,1.0032,0.38,0.62
2025H2,Atlanta Insurance Intermediaries Limited,Insurance & pure protection,8517.0,8470.0,0.9945,0.7627,0.2351
2025H2,Automobile Association Insurance Services Limited,Insurance & pure protection,6657.0,6486.0,0.9743,0.5681,0.3791
2025H2,Avantia Insurance Limited,Insurance & pure protection,1100.0,1089.0,0.99,0.7971,0.202
2025H2,Aviva Health UK Limited,Insurance & pure protection,1236.0,1276.0,1.0324,0.4937,0.4749
2025H2,Aviva Insurance Limited,Insurance & pure protection,49795.0,50156.0,1.0072,0.4349,0.5418
2025H2,Aviva Life Services UK Limited,Decumulation & pensions,17892.0,17930.0,1.0021,0.2642,0.659
2025H2,Aviva Life Services UK Limited,Home finance,730.0,757.0,1.037,0.1572,0.745
2025H2,Aviva Life Services UK Limited,Insurance & pure protection,4523.0,4360.0,0.964,0.2255,0.6693
2025H2,Aviva Life Services UK Limited,Investments,2986.0,2955.0,0.9896,0.2345,0.5834
2025H2,Aviva Protection UK Limited,Insurance & pure protection,760.0,698.0,0.9184,0.1275,0.7264
2025H2,Awp Assistance UK LTD,Insurance & pure protection,3144.0,2981.0,0.9482,0.1546,0.8407
2025H2,Awp P&c S.a.,Insurance & pure protection,2042.0,1919.0,0.9398,0.1073,0.8749
2025H2,Axa Insurance Designated Activity Company,Insurance & pure protection,1817.0,1842.0,1.0138,0.8447,0.1216
2025H2,Axa Insurance UK PLC,Insurance & pure protection,16052.0,16159.0,1.0067,0.3117,0.6344
2025H2,Axa Ppp Healthcare Limited,Insurance & pure protection,19555.0,20666.0,1.0568,0.5099,0.4749
2025H2,Bank Of Ireland (uk) PLC,Banking and credit cards,1734.0,1785.0,1.0294,0.5064,0.4667
2025H2,Bank Of Ireland (uk) PLC,Home finance,881.0,959.0,1.0885,0.2909,0.6382
2025H2,Bank Of Ireland (uk) PLC,Insurance & pure protection,26.0,23.0,0.8846,,0.8696
2025H2,Bank Of Ireland (uk) PLC,Investments,2.0,2.0,1.0,0.5,0.5
2025H2,Bank Of Scotland PLC,Banking and credit cards,67071.0,64931.0,0.9681,0.5744,0.2707
2025H2,Bank Of Scotland PLC,Decumulation & pensions,13.0,10.0,0.7692,0.0,0.6
2025H2,Bank Of Scotland PLC,Home finance,12223.0,11834.0,0.9682,0.3852,0.5777
2025H2,Bank Of Scotland PLC,Insurance & pure protection,171.0,172.0,1.0058,0.2965,0.6686
2025H2,Bank Of Scotland PLC,Investments,30.0,30.0,1.0,0.1,0.6333
2025H2,Barclays Bank PLC,Banking and credit cards,9293.0,10097.0,1.0865,0.6906,0.2216
2025H2,Barclays Bank PLC,Decumulation & pensions,66.0,67.0,1.0152,0.2687,0.6866
2025H2,Barclays Bank PLC,Home finance,1.0,1.0,1.0,,1.0
2025H2,Barclays Bank PLC,Insurance & pure protection,1.0,1.0,1.0,,1.0
2025H2,Barclays Bank PLC,Investments,1055.0,1189.0,1.127,0.2548,0.6468
2025H2,Barclays Bank UK PLC,Banking and credit cards,80470.0,81076.0,1.0075,0.5644,0.4248
2025H2,Barclays Bank UK PLC,Decumulation & pensions,1.0,1.0,1.0,1.0,0.0
2025H2,Barclays Bank UK PLC,Home finance,5356.0,5721.0,1.0681,0.4513,0.5293
2025H2,Barclays Bank UK PLC,Insurance & pure protection,148.0,151.0,1.0203,0.3841,0.5166
2025H2,Barclays Bank UK PLC,Investments,21.0,23.0,1.0952,0.2609,0.5652
2025H2,Bisl Limited,Insurance & pure protection,11577.0,11307.0,0.9767,0.68,0.3137
2025H2,British Gas Services Limited,Insurance & pure protection,49016.0,47157.0,0.9621,0.6879,0.275
2025H2,Bupa Insurance Services Limited,Insurance & pure protection,28091.0,27518.0,0.9796,0.5812,0.4162
2025H2,Cabot Credit Management Group Limited,Home finance,35.0,44.0,1.2571,0.1818,0.7045
2025H2,Caf Bank Limited,Banking and credit cards,1060.0,1049.0,0.9896,0.0744,0.918
2025H2,Call Assist Limited,Insurance & pure protection,724.0,732.0,1.011,0.2459,0.7514
2025H2,Canada Life Limited,Decumulation & pensions,324.0,288.0,0.8889,0.1319,0.8229
2025H2,Canada Life Limited,Insurance & pure protection,183.0,184.0,1.0055,0.2826,0.6196
2025H2,Canada Life Limited,Investments,39.0,42.0,1.0769,0.3095,0.6667
2025H2,Capital One (europe) PLC,Banking and credit cards,30573.0,30522.0,0.9983,0.2137,0.7751
2025H2,Capital One (europe) PLC,Insurance & pure protection,20.0,27.0,1.35,0.0741,0.5926
2025H2,Car Care Plan Limited,Insurance & pure protection,876.0,891.0,1.0171,0.4927,0.5073
2025H2,Carfinance247 Limited,Insurance & pure protection,199.0,208.0,1.0452,0.0913,0.9038
2025H2,Carmoola Limited,Insurance & pure protection,0.0,0.0,,,
2025H2,Carole Nash Insurance Consultants Limited,Insurance & pure protection,2650.0,2669.0,1.0072,0.7497,0.2499
2025H2,Castelan Limited,Insurance & pure protection,742.0,745.0,1.004,0.2631,0.6738
2025H2,Casualty & General Insurance Company (europe) LTD,Insurance & pure protection,1027.0,907.0,0.8832,0.0849,0.7828
2025H2,Charter Court Financial Services Limited,Banking and credit cards,753.0,717.0,0.9522,0.3989,0.5997
2025H2,Charter Court Financial Services Limited,Home finance,1081.0,1191.0,1.1018,0.2527,0.738
2025H2,Chubb European Group Se,Insurance & pure protection,4417.0,4458.0,1.0093,0.1759,0.7815
2025H2,Clearbank Limited,Banking and credit cards,3339.0,3523.0,1.0551,0.4224,0.5768
2025H2,Close Brothers Limited,Banking and credit cards,377.0,381.0,1.0106,0.3071,0.685
2025H2,Close Brothers Limited,Insurance & pure protection,5.0,5.0,1.0,0.8,0.2
2025H2,Clydesdale Bank PLC,Banking and credit cards,31993.0,32307.0,1.0098,0.5082,0.4753
2025H2,Clydesdale Bank PLC,Decumulation & pensions,0.0,0.0,,,
2025H2,Clydesdale Bank PLC,Home finance,2174.0,2186.0,1.0055,0.151,0.796
2025H2,Clydesdale Bank PLC,Insurance & pure protection,15.0,20.0,1.3333,0.3,0.5
2025H2,Clydesdale Bank PLC,Investments,3.0,2.0,0.6667,0.0,1.0
2025H2,Cofunds Limited,Banking and credit cards,0.0,0.0,,,
2025H2,Cofunds Limited,Decumulation & pensions,87.0,72.0,0.8276,0.2639,0.7361
2025H2,Cofunds Limited,Home finance,0.0,0.0,,,
2025H2,Cofunds Limited,Insurance & pure protection,0.0,0.0,,,
2025H2,Cofunds Limited,Investments,685.0,693.0,1.0117,0.1342,0.8543
2025H2,Complete Cover Group LTD,Insurance & pure protection,560.0,594.0,1.0607,0.4815,0.5185
2025H2,Connells Limited,Home finance,478.0,485.0,1.0146,0.0392,0.9464
2025H2,Connells Limited,Insurance & pure protection,130.0,130.0,1.0,0.0615,0.9385
2025H2,Countrywide Assured PLC,Decumulation & pensions,462.0,399.0,0.8636,0.416,0.391
2025H2,Countrywide Assured PLC,Insurance & pure protection,253.0,243.0,0.9605,0.1481,0.6626
2025H2,Countrywide Assured PLC,Investments,72.0,60.0,0.8333,0.05,0.7667
2025H2,Coutts & Company,Banking and credit cards,1603.0,1612.0,1.0056,0.4138,0.5806
2025H2,Coutts & Company,Decumulation & pensions,23.0,20.0,0.8696,0.0,0.75
2025H2,Coutts & Company,Home finance,107.0,103.0,0.9626,0.1553,0.7767
2025H2,Coutts & Company,Insurance & pure protection,13.0,13.0,1.0,0.2308,0.6923
2025H2,Coutts & Company,Investments,99.0,101.0,1.0202,0.1386,0.703
2025H2,Covea Insurance PLC,Insurance & pure protection,2497.0,2545.0,1.0192,0.1792,0.7591
2025H2,Coventry Building Society,Banking and credit cards,3403.0,3485.0,1.0241,0.606,0.3937
2025H2,Coventry Building Society,Home finance,740.0,764.0,1.0324,0.5288,0.4699
2025H2,Coventry Building Society,Insurance & pure protection,1.0,1.0,1.0,0.0,1.0
2025H2,Coventry Building Society,Investments,1.0,1.0,1.0,0.0,1.0
2025H2,Creation Consumer Finance Limited,Banking and credit cards,10537.0,3740.0,0.3549,0.0866,0.8131
2025H2,Cynergy Bank PLC,Banking and credit cards,695.0,568.0,0.8173,0.0229,0.9736
2025H2,Cynergy Bank PLC,Home finance,6.0,6.0,1.0,0.0,0.8333
2025H2,Domestic & General Insurance PLC,Insurance & pure protection,56025.0,55887.0,0.9975,0.7495,0.2392
2025H2,Ebs Pensions Limited,Banking and credit cards,0.0,0.0,,,
2025H2,Ebs Pensions Limited,Decumulation & pensions,1176.0,776.0,0.6599,0.0064,0.4008
2025H2,Ebs Pensions Limited,Home finance,0.0,0.0,,,
2025H2,Ebs Pensions Limited,Insurance & pure protection,0.0,0.0,,,
2025H2,Ebs Pensions Limited,Investments,0.0,0.0,,,
2025H2,Elderbridge Limited,Home finance,758.0,781.0,1.0303,0.0487,0.8079
2025H2,Embark Investment Services Limited,Banking and credit cards,0.0,0.0,,,
2025H2,Embark Investment Services Limited,Decumulation & pensions,419.0,429.0,1.0239,0.4336,0.5408
2025H2,Embark Investment Services Limited,Home finance,0.0,0.0,,,
2025H2,Embark Investment Services Limited,Insurance & pure protection,0.0,0.0,,,
2025H2,Embark Investment Services Limited,Investments,340.0,331.0,0.9735,0.3867,0.5468
2025H2,Embark Services Limited,Banking and credit cards,0.0,0.0,,,
2025H2,Embark Services Limited,Decumulation & pensions,730.0,432.0,0.5918,0.0139,0.3403
2025H2,Embark Services Limited,Home finance,0.0,0.0,,,
2025H2,Embark Services Limited,Insurance & pure protection,0.0,0.0,,,
2025H2,Embark Services Limited,Investments,0.0,0.0,,,
2025H2,Equiniti Financial Services Limited,Decumulation & pensions,11.0,11.0,1.0,0.0,1.0
2025H2,Equiniti Financial Services Limited,Investments,2864.0,2814.0,0.9825,0.3831,0.6155
2025H2,Ergo Travel Insurance Services LTD,Insurance & pure protection,4524.0,4190.0,0.9262,0.1449,0.7821
2025H2,Esure Insurance Limited,Insurance & pure protection,11352.0,11394.0,1.0037,0.4454,0.5062
2025H2,Etoro (uk) Limited,Investments,504.0,514.0,1.0198,0.5856,0.3949
2025H2,Eui Limited,Insurance & pure protection,60221.0,60383.0,1.0027,0.4757,0.4601
2025H2,Eversure Limited,Insurance & pure protection,612.0,662.0,1.0817,0.281,0.7009
2025H2,Evolution Insurance Company Limited,Insurance & pure protection,582.0,579.0,0.9948,0.3869,0.5423
2025H2,Exeter Friendly Society Limited,Insurance & pure protection,1050.0,1050.0,1.0,0.8629,0.1352
2025H2,Experian Limited,Home finance,0.0,0.0,,,
2025H2,Experian Limited,Insurance & pure protection,1.0,1.0,1.0,0.0,1.0
2025H2,Extracover Limited,Insurance & pure protection,1114.0,1104.0,0.991,0.4067,0.5933
2025H2,Family Equity Plan Limited,Banking and credit cards,416.0,429.0,1.0312,0.5338,0.4662
2025H2,Family Equity Plan Limited,Investments,492.0,509.0,1.0346,0.4244,0.5697
2025H2,Fce Bank PLC,Banking and credit cards,154.0,169.0,1.0974,0.497,0.503
2025H2,Fce Bank PLC,Decumulation & pensions,0.0,0.0,,,
2025H2,Fce Bank PLC,Home finance,0.0,0.0,,,
2025H2,Fce Bank PLC,Insurance & pure protection,0.0,0.0,,,
2025H2,Fce Bank PLC,Investments,0.0,0.0,,,
2025H2,Fil Life Insurance Limited,Decumulation & pensions,517.0,492.0,0.9516,0.2154,0.6728
2025H2,Financial Administration Services Limited,Decumulation & pensions,720.0,566.0,0.7861,0.1696,0.6555
2025H2,Financial Administration Services Limited,Investments,1308.0,1032.0,0.789,0.1444,0.7161
2025H2,First Central Insurance Management Limited,Insurance & pure protection,8797.0,8965.0,1.0191,0.555,0.4231
2025H2,Firstrand Bank Limited,Insurance & pure protection,16.0,18.0,1.125,0.1111,0.6111
2025H2,Forester Life Limited,Decumulation & pensions,20.0,21.0,1.05,0.381,0.5714
2025H2,Forester Life Limited,Insurance & pure protection,42.0,36.0,0.8571,0.3611,0.6389
2025H2,Forester Life Limited,Investments,482.0,506.0,1.0498,0.4447,0.5435
2025H2,Fortegra Europe Insurance Company LTD,Insurance & pure protection,3792.0,3119.0,0.8225,0.1943,0.7637
2025H2,Funding Circle LTD,Investments,13.0,13.0,1.0,0.0,0.9231
2025H2,HSBC UK Bank PLC,Banking and credit cards,75064.0,75510.0,1.0059,0.6443,0.3491
2025H2,HSBC UK Bank PLC,Decumulation & pensions,66.0,65.0,0.9848,0.0462,0.5692
2025H2,HSBC UK Bank PLC,Home finance,5047.0,5227.0,1.0357,0.2522,0.6732
2025H2,HSBC UK Bank PLC,Insurance & pure protection,417.0,450.0,1.0791,0.1844,0.7756
2025H2,HSBC UK Bank PLC,Investments,909.0,951.0,1.0462,0.1441,0.8118
2025H2,Halifax Share Dealing Limited,Banking and credit cards,0.0,0.0,,,
2025H2,Halifax Share Dealing Limited,Decumulation & pensions,41.0,46.0,1.122,0.4565,0.5
2025H2,Halifax Share Dealing Limited,Home finance,0.0,0.0,,,
2025H2,Halifax Share Dealing Limited,Insurance & pure protection,0.0,0.0,,,
2025H2,Halifax Share Dealing Limited,Investments,500.0,561.0,1.122,0.6043,0.3476
2025H2,Hargreaves Lansdown Asset Management Limited,Decumulation & pensions,2262.0,2010.0,0.8886,0.201,0.7791
2025H2,Hargreaves Lansdown Asset Management Limited,Investments,4759.0,4789.0,1.0063,0.285,0.682
2025H2,Hastings Insurance Services Limited,Insurance & pure protection,19781.0,19003.0,0.9607,0.285,0.6858
2025H2,Hbos Investment Fund Managers Limited,Banking and credit cards,0.0,0.0,,,
2025H2,Hbos Investment Fund Managers Limited,Decumulation & pensions,0.0,0.0,,,
2025H2,Hbos Investment Fund Managers Limited,Home finance,0.0,0.0,,,
2025H2,Hbos Investment Fund Managers Limited,Insurance & pure protection,0.0,0.0,,,
2025H2,Hbos Investment Fund Managers Limited,Investments,673.0,659.0,0.9792,0.349,0.607
2025H2,Helvetia Global Solutions LTD,Insurance & pure protection,965.0,967.0,1.0021,0.0879,0.8966
2025H2,Highway Insurance Company Limited,Insurance & pure protection,611.0,613.0,1.0033,0.2561,0.571
2025H2,Home Retail Group Card Services Limited,Banking and credit cards,3824.0,3888.0,1.0167,0.3629,0.6314
2025H2,Homeserve Membership Limited,Insurance & pure protection,2358.0,2317.0,0.9826,0.8097,0.1847
2025H2,Hood Travel Limited,Insurance & pure protection,711.0,814.0,1.1449,0.3808,0.6081
2025H2,Howserv Limited,Insurance & pure protection,3281.0,3281.0,1.0,0.3191,0.6742
2025H2,I Go 4 Ltd.,Insurance & pure protection,958.0,946.0,0.9875,0.5412,0.4556
2025H2,Ikano Bank Ab (publ),Banking and credit cards,879.0,926.0,1.0535,0.1933,0.7797
2025H2,Insurance Factory Limited,Insurance & pure protection,1266.0,1292.0,1.0205,0.5155,0.483
2025H2,Intact Insurance UK Limited,Insurance & pure protection,5765.0,6049.0,1.0493,0.3606,0.5561
2025H2,Inter Partner Assistance Sa,Insurance & pure protection,8125.0,7377.0,0.9079,0.2586,0.7176
2025H2,Interactive Brokers (u.k.) Limited,Investments,1116.0,1159.0,1.0385,0.0656,0.8033
2025H2,Interactive Investor Services Limited,Decumulation & pensions,265.0,229.0,0.8642,0.0873,0.8603
2025H2,Interactive Investor Services Limited,Investments,2491.0,2334.0,0.937,0.2716,0.7048
2025H2,J.p. Morgan Europe Limited,Banking and credit cards,8343.0,8472.0,1.0155,0.3415,0.6576
2025H2,J.p. Morgan Personal Investing Limited,Decumulation & pensions,278.0,278.0,1.0,0.1223,0.8669
2025H2,J.p. Morgan Personal Investing Limited,Investments,848.0,848.0,1.0,0.3455,0.6509
2025H2,James Hay Administration Company Limited,Decumulation & pensions,764.0,732.0,0.9581,0.0902,0.8046
2025H2,Kensington Mortgage Company Limited,Home finance,1029.0,1047.0,1.0175,0.2779,0.7173
2025H2,Kroo Bank LTD,Banking and credit cards,820.0,820.0,1.0,0.0,0.9915
2025H2,Leaseplan UK Limited,Insurance & pure protection,23.0,21.0,0.913,0.1429,0.619
2025H2,Leeds Building Society,Banking and credit cards,1735.0,1778.0,1.0248,0.6609,0.3391
2025H2,Leeds Building Society,Home finance,910.0,930.0,1.022,0.471,0.5247
2025H2,Legal And General Assurance Society Limited,Decumulation & pensions,1519.0,1519.0,1.0,0.1488,0.8413
2025H2,Legal And General Assurance Society Limited,Insurance & pure protection,2895.0,2963.0,1.0235,0.4448,0.5285
2025H2,Lexham Insurance Consultants Limited,Insurance & pure protection,583.0,605.0,1.0377,0.1686,0.8182
2025H2,Link Financial Outsourcing Limited,Home finance,10.0,10.0,1.0,,1.0
2025H2,Liverpool Victoria Financial Services Limited,Decumulation & pensions,421.0,426.0,1.0119,0.5258,0.4577
2025H2,Liverpool Victoria Financial Services Limited,Insurance & pure protection,1248.0,1252.0,1.0032,0.5911,0.3954
2025H2,Liverpool Victoria Financial Services Limited,Investments,159.0,172.0,1.0818,0.4535,0.5116
2025H2,Liverpool Victoria Insurance Company Limited,Insurance & pure protection,12025.0,11028.0,0.9171,0.3611,0.4816
2025H2,Lloyds Bank General Insurance Limited,Banking and credit cards,0.0,0.0,,,
2025H2,Lloyds Bank General Insurance Limited,Decumulation & pensions,0.0,0.0,,,
2025H2,Lloyds Bank General Insurance Limited,Home finance,0.0,0.0,,,
2025H2,Lloyds Bank General Insurance Limited,Insurance & pure protection,5683.0,5680.0,0.9995,0.2586,0.6688
2025H2,Lloyds Bank General Insurance Limited,Investments,0.0,0.0,,,
2025H2,Lloyds Bank PLC,Banking and credit cards,87894.0,82768.0,0.9417,0.5493,0.2994
2025H2,Lloyds Bank PLC,Decumulation & pensions,50.0,46.0,0.92,0.0435,0.6739
2025H2,Lloyds Bank PLC,Home finance,2575.0,2509.0,0.9744,0.346,0.6034
2025H2,Lloyds Bank PLC,Insurance & pure protection,293.0,305.0,1.041,0.3049,0.6525
2025H2,Lloyds Bank PLC,Investments,25.0,31.0,1.24,0.2581,0.6774
2025H2,London & Country Mortgages Limited,Home finance,597.0,605.0,1.0134,0.1818,0.8165
2025H2,London & Country Mortgages Limited,Insurance & pure protection,47.0,46.0,0.9787,0.1304,0.8478
2025H2,M & G Securities Limited,Investments,786.0,781.0,0.9936,0.3355,0.6376
2025H2,MBNA Limited,Banking and credit cards,8774.0,8731.0,0.9951,0.6099,0.3366
2025H2,MBNA Limited,Decumulation & pensions,0.0,0.0,,,
2025H2,MBNA Limited,Home finance,0.0,0.0,,,
2025H2,MBNA Limited,Insurance & pure protection,22.0,22.0,1.0,0.0909,0.2273
2025H2,MBNA Limited,Investments,0.0,0.0,,,
2025H2,Manypets LTD,Insurance & pure protection,3134.0,3383.0,1.0795,0.0653,0.9146
2025H2,Marks And Spencer Financial Services PLC,Banking and credit cards,5169.0,5234.0,1.0126,0.8489,0.1496
2025H2,Marks And Spencer Financial Services PLC,Decumulation & pensions,0.0,0.0,,,
2025H2,Marks And Spencer Financial Services PLC,Home finance,0.0,0.0,,,
2025H2,Marks And Spencer Financial Services PLC,Insurance & pure protection,95.0,100.0,1.0526,0.66,0.34
2025H2,Marks And Spencer Financial Services PLC,Investments,0.0,0.0,,,
2025H2,Marshmallow Financial Services LTD,Insurance & pure protection,4208.0,4462.0,1.0604,0.1629,0.7768
2025H2,Metlife Europe D.a.c.,Insurance & pure protection,1126.0,1064.0,0.9449,0.0705,0.765
2025H2,Metro Bank PLC,Banking and credit cards,11111.0,11236.0,1.0113,0.4219,0.5762
2025H2,Metro Bank PLC,Home finance,133.0,145.0,1.0902,0.4207,0.5724
2025H2,Millennium Insurance Company Limited,Insurance & pure protection,542.0,551.0,1.0166,0.265,0.7114
2025H2,Monzo Bank LTD,Banking and credit cards,49247.0,45276.0,0.9194,0.0916,0.847
2025H2,Monzo Bank LTD,Decumulation & pensions,46.0,46.0,1.0,0.0217,0.6304
2025H2,Monzo Bank LTD,Insurance & pure protection,26.0,19.0,0.7308,0.1579,0.7895
2025H2,Monzo Bank LTD,Investments,251.0,211.0,0.8406,0.0616,0.8341
2025H2,Motonovo Finance Limited,Insurance & pure protection,18.0,18.0,1.0,0.0556,0.8333
2025H2,Munich Re Digital Partners Limited,Insurance & pure protection,5012.0,5303.0,1.0581,0.6528,0.3138
2025H2,National House-building Council,Insurance & pure protection,745.0,772.0,1.0362,0.0427,0.9573
2025H2,National Westminster Bank Public Limited Company,Banking and credit cards,90819.0,84602.0,0.9315,0.4633,0.3598
2025H2,National Westminster Bank Public Limited Company,Decumulation & pensions,41.0,45.0,1.0976,0.0222,0.5333
2025H2,National Westminster Bank Public Limited Company,Home finance,6123.0,6063.0,0.9902,0.5956,0.3069
2025H2,National Westminster Bank Public Limited Company,Insurance & pure protection,77.0,81.0,1.0519,0.0988,0.7778
2025H2,National Westminster Bank Public Limited Company,Investments,451.0,394.0,0.8736,0.0152,0.7614
2025H2,Nationwide Building Society,Banking and credit cards,63947.0,65216.0,1.0198,0.5127,0.4841
2025H2,Nationwide Building Society,Decumulation & pensions,2.0,3.0,1.5,0.3333,0.6667
2025H2,Nationwide Building Society,Home finance,5263.0,5410.0,1.0279,0.3124,0.6828
2025H2,Nationwide Building Society,Insurance & pure protection,132.0,140.0,1.0606,0.3429,0.6571
2025H2,Nationwide Building Society,Investments,44.0,49.0,1.1136,0.102,0.8776
2025H2,Newcastle Building Society,Banking and credit cards,485.0,472.0,0.9732,0.5911,0.4089
2025H2,Newcastle Building Society,Decumulation & pensions,0.0,0.0,,,
2025H2,Newcastle Building Society,Home finance,222.0,219.0,0.9865,0.6986,0.3014
2025H2,Newcastle Building Society,Insurance & pure protection,0.0,0.0,,,
2025H2,Newcastle Building Society,Investments,6.0,6.0,1.0,1.0,0.0
2025H2,Northern Bank Limited,Banking and credit cards,1361.0,1369.0,1.0059,0.4018,0.5982
2025H2,Northern Bank Limited,Decumulation & pensions,0.0,0.0,,,
2025H2,Northern Bank Limited,Home finance,85.0,86.0,1.0118,0.1977,0.8023
2025H2,Northern Bank Limited,Insurance & pure protection,0.0,0.0,,,
2025H2,Northern Bank Limited,Investments,0.0,0.0,,,
2025H2,Octopus Money Unit Trust Managers Limited,Decumulation & pensions,241.0,249.0,1.0332,0.1325,0.8675
2025H2,Octopus Money Unit Trust Managers Limited,Investments,381.0,403.0,1.0577,0.1538,0.8437
2025H2,One Call Insurance Services Limited,Insurance & pure protection,2980.0,2960.0,0.9933,0.6757,0.323
2025H2,One Sure Insurance Limited,Insurance & pure protection,770.0,765.0,0.9935,0.8614,0.1386
2025H2,Onesavings Bank PLC,Banking and credit cards,1331.0,1480.0,1.1119,0.2676,0.7027
2025H2,Onesavings Bank PLC,Home finance,961.0,1084.0,1.128,0.1697,0.7703
2025H2,Ovo Home Services LTD,Insurance & pure protection,1953.0,1573.0,0.8054,0.0668,0.9154
2025H2,Paragon Bank PLC,Banking and credit cards,772.0,774.0,1.0026,0.2597,0.7326
2025H2,Paragon Bank PLC,Home finance,230.0,249.0,1.0826,0.2691,0.6787
2025H2,People's Administration Services Limited,Decumulation & pensions,2731.0,2731.0,1.0,0.138,0.8268
2025H2,Pepper (uk) Limited,Home finance,723.0,718.0,0.9931,0.1713,0.8078
2025H2,Phoenix Life Ca Limited,Decumulation & pensions,578.0,531.0,0.9187,0.2015,0.6836
2025H2,Phoenix Life Ca Limited,Insurance & pure protection,269.0,347.0,1.29,0.1066,0.5908
2025H2,Phoenix Life Ca Limited,Investments,45.0,44.0,0.9778,0.2955,0.5455
2025H2,Phoenix Life Limited,Decumulation & pensions,12980.0,12443.0,0.9586,0.3496,0.5647
2025H2,Phoenix Life Limited,Home finance,7.0,7.0,1.0,0.0,1.0
2025H2,Phoenix Life Limited,Insurance & pure protection,3303.0,3322.0,1.0058,0.3317,0.5972
2025H2,Phoenix Life Limited,Investments,796.0,810.0,1.0176,0.2543,0.6185
2025H2,Pinnacle Insurance Limited,Insurance & pure protection,3405.0,3241.0,0.9518,0.681,0.3187
2025H2,Principality Building Society,Banking and credit cards,673.0,693.0,1.0297,0.5527,0.443
2025H2,Principality Building Society,Home finance,384.0,397.0,1.0339,0.4458,0.5416
2025H2,Principality Building Society,Insurance & pure protection,2.0,2.0,1.0,1.0,0.0
2025H2,Principality Building Society,Investments,0.0,0.0,,,
2025H2,Qbe UK Limited,Insurance & pure protection,910.0,847.0,0.9308,0.0472,0.7367
2025H2,Qmetric Group Limited,Insurance & pure protection,3696.0,3413.0,0.9234,0.2699,0.7263
2025H2,Quilter Financial Services Limited,Decumulation & pensions,287.0,355.0,1.2369,0.0,1.0
2025H2,Quilter Financial Services Limited,Home finance,12.0,2.0,0.1667,0.0,1.0
2025H2,Quilter Financial Services Limited,Insurance & pure protection,20.0,9.0,0.45,0.0,1.0
2025H2,Quilter Financial Services Limited,Investments,261.0,273.0,1.046,0.0,1.0
2025H2,Quilter Investment Platform Limited,Investments,516.0,498.0,0.9651,0.006,0.994
2025H2,Quilter Life & Pensions Limited,Decumulation & pensions,853.0,820.0,0.9613,0.011,0.989
2025H2,Quilter Life & Pensions Limited,Investments,223.0,188.0,0.843,0.0106,0.984
2025H2,RBS Collective Investment Funds Limited,Investments,1342.0,1434.0,1.0686,0.4881,0.4916
2025H2,Rac Financial Services Limited,Insurance & pure protection,9491.0,9410.0,0.9915,0.608,0.3894
2025H2,Reassure Life Limited,Decumulation & pensions,166.0,156.0,0.9398,0.2564,0.6731
2025H2,Reassure Life Limited,Insurance & pure protection,315.0,310.0,0.9841,0.3194,0.571
2025H2,Reassure Life Limited,Investments,182.0,159.0,0.8736,0.4088,0.5283
2025H2,Reassure Limited,Decumulation & pensions,3410.0,3256.0,0.9548,0.3553,0.4936
2025H2,Reassure Limited,Insurance & pure protection,557.0,533.0,0.9569,0.3865,0.4522
2025H2,Reassure Limited,Investments,496.0,474.0,0.9556,0.4662,0.4494
2025H2,Reassured Limited,Insurance & pure protection,604.0,608.0,1.0066,0.648,0.3438
2025H2,Rothesay Life PLC,Decumulation & pensions,553.0,569.0,1.0289,0.2004,0.7979
2025H2,"Royal London Mutual Insurance Society, Limited (the)",Decumulation & pensions,5817.0,6081.0,1.0454,0.2541,0.6468
2025H2,"Royal London Mutual Insurance Society, Limited (the)",Insurance & pure protection,2362.0,2400.0,1.0161,0.2958,0.6525
2025H2,"Royal London Mutual Insurance Society, Limited (the)",Investments,235.0,224.0,0.9532,0.308,0.6473
2025H2,Sabre Insurance Company Limited,Insurance & pure protection,644.0,631.0,0.9798,0.5198,0.4802
2025H2,Saga Services Limited,Insurance & pure protection,7519.0,7375.0,0.9808,0.7413,0.2489
2025H2,Sainsbury's Bank PLC,Banking and credit cards,1108.0,1301.0,1.1742,0.3505,0.6303
2025H2,Sainsbury's Bank PLC,Insurance & pure protection,494.0,527.0,1.0668,0.0854,0.907
2025H2,Santander UK PLC,Banking and credit cards,60432.0,62482.0,1.0339,0.5278,0.4374
2025H2,Santander UK PLC,Decumulation & pensions,16.0,21.0,1.3125,0.0476,0.7619
2025H2,Santander UK PLC,Home finance,4106.0,4262.0,1.038,0.519,0.4786
2025H2,Santander UK PLC,Insurance & pure protection,95.0,106.0,1.1158,0.3396,0.566
2025H2,Santander UK PLC,Investments,92.0,92.0,1.0,0.3261,0.6196
2025H2,Scottish Equitable PLC,Banking and credit cards,0.0,0.0,,,
2025H2,Scottish Equitable PLC,Decumulation & pensions,5241.0,6212.0,1.1853,0.1433,0.4955
2025H2,Scottish Equitable PLC,Home finance,0.0,0.0,,,
2025H2,Scottish Equitable PLC,Insurance & pure protection,11.0,15.0,1.3636,0.0,0.4667
2025H2,Scottish Equitable PLC,Investments,168.0,244.0,1.4524,0.0574,0.4303
2025H2,Scottish Friendly Assurance Society Limited,Decumulation & pensions,268.0,326.0,1.2164,0.0491,0.9233
2025H2,Scottish Friendly Assurance Society Limited,Insurance & pure protection,353.0,343.0,0.9717,0.1108,0.7143
2025H2,Scottish Friendly Assurance Society Limited,Investments,364.0,399.0,1.0962,0.1454,0.8471
2025H2,Scottish Widows Limited,Banking and credit cards,0.0,0.0,,,
2025H2,Scottish Widows Limited,Decumulation & pensions,5592.0,5551.0,0.9927,0.2162,0.7152
2025H2,Scottish Widows Limited,Home finance,0.0,0.0,,,
2025H2,Scottish Widows Limited,Insurance & pure protection,1007.0,977.0,0.9702,0.261,0.6878
2025H2,Scottish Widows Limited,Investments,1163.0,1158.0,0.9957,0.2858,0.6399
2025H2,Secure Trust Bank Public Limited Company,Banking and credit cards,315.0,290.0,0.9206,0.0793,0.9103
2025H2,Shawbrook Bank Limited,Banking and credit cards,882.0,945.0,1.0714,0.3958,0.5831
2025H2,Shawbrook Bank Limited,Home finance,398.0,400.0,1.005,0.13,0.83
2025H2,Shop Direct Finance Company Limited,Insurance & pure protection,87.0,100.0,1.1494,0.01,0.98
2025H2,Simplyhealth Access,Insurance & pure protection,2101.0,2116.0,1.0071,0.301,0.698
2025H2,Skipton Building Society,Banking and credit cards,3820.0,3936.0,1.0304,0.5371,0.4573
2025H2,Skipton Building Society,Decumulation & pensions,51.0,52.0,1.0196,0.0769,0.9231
2025H2,Skipton Building Society,Home finance,704.0,670.0,0.9517,0.4627,0.5313
2025H2,Skipton Building Society,Investments,66.0,66.0,1.0,0.1515,0.8485
2025H2,Society Of Lloyd's,Insurance & pure protection,5669.0,5756.0,1.0153,0.2637,0.7088
2025H2,Somerset Bridge Insurance Services Limited,Insurance & pure protection,1472.0,1472.0,1.0,0.6943,0.3057
2025H2,St. James's Place UK PLC,Decumulation & pensions,601.0,571.0,0.9501,0.0175,0.9457
2025H2,St. James's Place UK PLC,Insurance & pure protection,3.0,4.0,1.3333,0.0,0.75
2025H2,St. James's Place UK PLC,Investments,236.0,232.0,0.9831,0.0129,0.9095
2025H2,St. James's Place Wealth Management PLC,Banking and credit cards,0.0,1.0,2.0,0.0,0.0
2025H2,St. James's Place Wealth Management PLC,Decumulation & pensions,2020.0,3663.0,1.8134,0.0085,0.4267
2025H2,St. James's Place Wealth Management PLC,Home finance,13.0,27.0,2.0,0.0,0.2222
2025H2,St. James's Place Wealth Management PLC,Insurance & pure protection,95.0,222.0,2.0,0.0045,0.2568
2025H2,St. James's Place Wealth Management PLC,Investments,1597.0,3030.0,1.8973,0.0033,0.3726
2025H2,Starling Bank Limited,Banking and credit cards,17323.0,17629.0,1.0177,0.199,0.7986
2025H2,Starr International (europe) Limited,Insurance & pure protection,1075.0,1083.0,1.0074,0.2327,0.7636
2025H2,Swift 1st Limited,Home finance,636.0,642.0,1.0094,0.4626,0.5374
2025H2,TSB Bank PLC,Banking and credit cards,32154.0,31877.0,0.9914,0.5922,0.4057
2025H2,TSB Bank PLC,Home finance,1523.0,1524.0,1.0007,0.5807,0.4068
2025H2,TSB Bank PLC,Insurance & pure protection,28.0,29.0,1.0357,0.7241,0.2759
2025H2,Telefonica Seguros Y Reaseguros Compania Aseguradora S.a.u.,Insurance & pure protection,2771.0,2803.0,1.0115,0.2323,0.7631
2025H2,Telefonica UK Limited,Insurance & pure protection,314.0,287.0,0.914,0.4878,0.4948
2025H2,Tesco Personal Finance Limited,Insurance & pure protection,4861.0,4894.0,1.0068,0.4563,0.5435
2025H2,Tesco Underwriting Limited,Insurance & pure protection,2672.0,2664.0,0.997,0.2815,0.5893
2025H2,The Co-operative Bank P.l.c.,Banking and credit cards,8554.0,8443.0,0.987,0.6756,0.3096
2025H2,The Co-operative Bank P.l.c.,Decumulation & pensions,0.0,0.0,,,
2025H2,The Co-operative Bank P.l.c.,Home finance,1067.0,1128.0,1.0572,0.4122,0.5833
2025H2,The Co-operative Bank P.l.c.,Insurance & pure protection,1.0,2.0,2.0,0.0,1.0
2025H2,The Co-operative Bank P.l.c.,Investments,0.0,0.0,,,
2025H2,The Mortgage Works (uk) PLC,Home finance,1481.0,1522.0,1.0277,0.2339,0.7635
2025H2,The National Farmers' Union Mutual Insurance Society Limited,Decumulation & pensions,74.0,76.0,1.027,0.0132,0.9868
2025H2,The National Farmers' Union Mutual Insurance Society Limited,Insurance & pure protection,4939.0,4864.0,0.9848,0.3863,0.5724
2025H2,The National Farmers' Union Mutual Insurance Society Limited,Investments,63.0,60.0,0.9524,0.0,1.0
2025H2,The Prudential Assurance Company Limited,Decumulation & pensions,6508.0,6617.0,1.0167,0.1232,0.7859
2025H2,The Prudential Assurance Company Limited,Home finance,34.0,40.0,1.1765,0.1,0.35
2025H2,The Prudential Assurance Company Limited,Insurance & pure protection,750.0,785.0,1.0467,0.1274,0.7618
2025H2,The Prudential Assurance Company Limited,Investments,2600.0,2721.0,1.0465,0.1959,0.7211
2025H2,The Royal Bank Of Scotland PLC,Banking and credit cards,18544.0,18093.0,0.9757,0.4656,0.3443
2025H2,The Royal Bank Of Scotland PLC,Decumulation & pensions,6.0,5.0,0.8333,0.0,0.0
2025H2,The Royal Bank Of Scotland PLC,Home finance,1206.0,1215.0,1.0075,0.4905,0.3992
2025H2,The Royal Bank Of Scotland PLC,Insurance & pure protection,26.0,27.0,1.0385,0.1111,0.7037
2025H2,The Royal Bank Of Scotland PLC,Investments,102.0,93.0,0.9118,0.0108,0.7097
2025H2,Topaz Finance Limited,Home finance,3173.0,2978.0,0.9385,0.2965,0.679
2025H2,Tradex Insurance Company PLC,Insurance & pure protection,3950.0,3993.0,1.0109,0.4343,0.5284
2025H2,Trading 212 UK Limited,Banking and credit cards,513.0,538.0,1.0487,0.2546,0.7454
2025H2,Trading 212 UK Limited,Investments,1691.0,1680.0,0.9935,0.2554,0.7435
2025H2,True Potential Wealth Management LLP,Decumulation & pensions,917.0,854.0,0.9313,0.0199,0.8747
2025H2,True Potential Wealth Management LLP,Home finance,1.0,1.0,1.0,,1.0
2025H2,True Potential Wealth Management LLP,Insurance & pure protection,3.0,2.0,0.6667,,1.0
2025H2,True Potential Wealth Management LLP,Investments,121.0,124.0,1.0248,0.0081,0.8548
2025H2,U K Insurance Limited,Insurance & pure protection,37282.0,37663.0,1.0102,0.4741,0.491
2025H2,U.s. Bank Europe Dac,Banking and credit cards,1747.0,1816.0,1.0395,0.2296,0.7665
2025H2,UK Mortgage Lending LTD,Home finance,682.0,643.0,0.9428,0.3421,0.6439
2025H2,Ubs Ag,Banking and credit cards,66.0,70.0,1.0606,0.2286,0.7571
2025H2,Ubs Ag,Decumulation & pensions,6.0,6.0,1.0,0.3333,0.6667
2025H2,Ubs Ag,Home finance,14.0,10.0,0.7143,0.1,0.8
2025H2,Ubs Ag,Investments,462.0,475.0,1.0281,0.5684,0.4168
2025H2,Usay Business LTD,Insurance & pure protection,629.0,607.0,0.965,0.0824,0.9094
2025H2,Utility Warehouse Limited,Insurance & pure protection,2188.0,2016.0,0.9214,0.7951,0.0699
2025H2,"Vanguard Asset Management, Ltd.",Decumulation & pensions,569.0,596.0,1.0475,0.0805,0.6946
2025H2,"Vanguard Asset Management, Ltd.",Investments,1075.0,1128.0,1.0493,0.203,0.6578
2025H2,Vanquis Bank Limited,Banking and credit cards,18304.0,19927.0,1.0887,0.3179,0.6602
2025H2,Vitality Corporate Services Limited,Insurance & pure protection,10197.0,10580.0,1.0376,0.4549,0.4954
2025H2,Vodafone Limited,Insurance & pure protection,252.0,253.0,1.004,0.6126,0.3874
2025H2,Volkswagen Financial Services (uk) Limited,Insurance & pure protection,15.0,22.0,1.4667,0.0,0.0455
2025H2,Wesleyan Assurance Society,Decumulation & pensions,440.0,466.0,1.0591,0.2747,0.6845
2025H2,Wesleyan Assurance Society,Insurance & pure protection,87.0,92.0,1.0575,0.337,0.6196
2025H2,Wesleyan Assurance Society,Investments,217.0,219.0,1.0092,0.3425,0.6393
2025H2,West Bay Insurance PLC,Insurance & pure protection,507.0,547.0,1.0789,0.3144,0.5722
2025H2,Xbridge Limited,Insurance & pure protection,1240.0,1319.0,1.0637,0.113,0.8772
2025H2,Yorkshire Building Society,Banking and credit cards,1832.0,1876.0,1.024,0.3678,0.629
2025H2,Yorkshire Building Society,Home finance,532.0,540.0,1.015,0.1889,0.7944
2025H2,Yorkshire Building Society,Insurance & pure protection,9.0,7.0,0.7778,0.5714,0.4286
2025H2,Yorkshire Building Society,Investments,1.0,1.0,1.0,,1.0
2025H2,Zempler Bank Limited,Banking and credit cards,1519.0,1538.0,1.0125,0.2627,0.7373
2025H2,Zopa Bank Limited,Banking and credit cards,6387.0,6533.0,1.0229,0.4032,0.5953
2025H2,Zopa Bank Limited,Investments,4.0,4.0,1.0,0.0,1.0
2025H2,Zurich Assurance LTD,Banking and credit cards,0.0,0.0,,,
2025H2,Zurich Assurance LTD,Decumulation & pensions,764.0,777.0,1.017,0.2625,0.7143
2025H2,Zurich Assurance LTD,Home finance,3.0,3.0,1.0,0.0,1.0
2025H2,Zurich Assurance LTD,Insurance & pure protection,1851.0,1842.0,0.9951,0.2264,0.7622
2025H2,Zurich Assurance LTD,Investments,278.0,293.0,1.054,0.1741,0.8157
2025H2,Zurich Insurance Company LTD,Insurance & pure protection,3407.0,3211.0,0.9425,0.0909,0.7362
