reporting_period,firm_name,product_group,complaints_opened,denominator,complaint_rate_per_1k,denominator_unit
2024H1,AIB Group (uk) PLC,Banking and credit cards,537.0,1.01,531.6832,thousands of relevant accounts/policies (FCA Context - Provision)
2024H1,Accord Mortgages Limited,Banking and credit cards,17.0,2.0,8.5,thousands of relevant accounts/policies (FCA Context - Provision)
2024H1,Accord Mortgages Limited,Home finance,975.0,4.73,206.1311,thousands of relevant accounts/policies (FCA Context - Provision)
2024H1,Accredited Insurance (europe) LTD,Insurance & pure protection,5609.0,2.44,2298.7705,thousands of relevant accounts/policies (FCA Context - Provision)
2024H1,Acm Ulr Limited,Insurance & pure protection,1247.0,15.13,82.419,thousands of relevant accounts/policies (FCA Context - Provision)
2024H1,Acorn Insurance & Financial Services LTD,Insurance & pure protection,633.0,1.51,419.2053,thousands of relevant accounts/policies (FCA Context - Provision)
2024H1,Action 365 LTD,Insurance & pure protection,997.0,20.4,48.8725,thousands of relevant accounts/policies (FCA Context - Provision)
2024H1,Adrian Flux Insurance Services Group,Insurance & pure protection,1271.0,1.44,882.6389,thousands of relevant accounts/policies (FCA Context - Provision)
2024H1,Affinity Insurance Solutions Limited,Insurance & pure protection,1121.0,3.14,357.0064,thousands of relevant accounts/policies (FCA Context - Provision)
2024H1,Ageas Insurance Limited,Insurance & pure protection,6073.0,1.31,4635.8779,thousands of relevant accounts/policies (FCA Context - Provision)
2024H1,Ageas Retail Limited,Insurance & pure protection,1096.0,1.39,788.4892,thousands of relevant accounts/policies (FCA Context - Provision)
2024H1,Aig Life Limited,Insurance & pure protection,633.0,0.49,1291.8367,thousands of relevant accounts/policies (FCA Context - Provision)
2024H1,Aioi Nissay Dowa Insurance UK Limited,Insurance & pure protection,2542.0,6.62,383.9879,thousands of relevant accounts/policies (FCA Context - Provision)
2024H1,Aj Bell Management Limited,Decumulation & pensions,763.0,3.4,224.4118,thousands of relevant accounts/policies (FCA Context - Provision)
2024H1,Aj Bell Securities Limited,Banking and credit cards,23.0,7.26,3.168,thousands of relevant accounts/policies (FCA Context - Provision)
2024H1,Aj Bell Securities Limited,Decumulation & pensions,132.0,1.12,117.8571,thousands of relevant accounts/policies (FCA Context - Provision)
2024H1,Aj Bell Securities Limited,Investments,537.0,1.1,488.1818,thousands of relevant accounts/policies (FCA Context - Provision)
2024H1,Aldermore Bank PLC,Banking and credit cards,872.0,2.07,421.256,thousands of relevant accounts/policies (FCA Context - Provision)
2024H1,Aldermore Bank PLC,Home finance,924.0,20.5,45.0732,thousands of relevant accounts/policies (FCA Context - Provision)
2024H1,Allianz Insurance PLC,Insurance & pure protection,3395.0,0.69,4920.2899,thousands of relevant accounts/policies (FCA Context - Provision)
2024H1,American Express Services Europe Limited (aesel),Banking and credit cards,8716.0,3.0,2905.3333,thousands of relevant accounts/policies (FCA Context - Provision)
2024H1,American Express Services Europe Limited (aesel),Insurance & pure protection,71.0,0.03,2366.6667,thousands of relevant accounts/policies (FCA Context - Provision)
2024H1,American International Group UK Limited,Insurance & pure protection,3167.0,0.86,3682.5581,thousands of relevant accounts/policies (FCA Context - Provision)
2024H1,Amtrust Europe Limited,Insurance & pure protection,2046.0,0.45,4546.6667,thousands of relevant accounts/policies (FCA Context - Provision)
2024H1,Assurant General Insurance Limited,Insurance & pure protection,6202.0,1.45,4277.2414,thousands of relevant accounts/policies (FCA Context - Provision)
2024H1,Astrenska Insurance Limited,Insurance & pure protection,1911.0,0.53,3605.6604,thousands of relevant accounts/policies (FCA Context - Provision)
2024H1,Asurion Europe Limited,Insurance & pure protection,1586.0,2.4,660.8333,thousands of relevant accounts/policies (FCA Context - Provision)
2024H1,Atlanta Insurance Intermediaries Limited,Insurance & pure protection,12140.0,6.2,1958.0645,thousands of relevant accounts/policies (FCA Context - Provision)
2024H1,Avantia Insurance Limited,Insurance & pure protection,1764.0,5.87,300.5111,thousands of relevant accounts/policies (FCA Context - Provision)
2024H1,Aviva Insurance Limited,Insurance & pure protection,48518.0,3.04,15959.8684,thousands of relevant accounts/policies (FCA Context - Provision)
2024H1,Aviva Life Services UK Limited,Decumulation & pensions,16375.0,1.96,8354.5918,thousands of relevant accounts/policies (FCA Context - Provision)
2024H1,Aviva Life Services UK Limited,Home finance,1115.0,11.32,98.4982,thousands of relevant accounts/policies (FCA Context - Provision)
2024H1,Aviva Life Services UK Limited,Insurance & pure protection,3869.0,1.05,3684.7619,thousands of relevant accounts/policies (FCA Context - Provision)
2024H1,Aviva Life Services UK Limited,Investments,3032.0,2.77,1094.5848,thousands of relevant accounts/policies (FCA Context - Provision)
2024H1,Awp Assistance UK LTD,Insurance & pure protection,2493.0,0.39,6392.3077,thousands of relevant accounts/policies (FCA Context - Provision)
2024H1,Awp P&c S.a.,Insurance & pure protection,1698.0,0.27,6288.8889,thousands of relevant accounts/policies (FCA Context - Provision)
2024H1,Axa Insurance Designated Activity Company,Insurance & pure protection,2167.0,8.45,256.4497,thousands of relevant accounts/policies (FCA Context - Provision)
2024H1,Axa Insurance UK PLC,Insurance & pure protection,28525.0,9.45,3018.5185,thousands of relevant accounts/policies (FCA Context - Provision)
2024H1,Axa Ppp Healthcare Limited,Insurance & pure protection,41657.0,36.75,1133.5238,thousands of relevant accounts/policies (FCA Context - Provision)
2024H1,Bank Of Ireland (uk) PLC,Banking and credit cards,3059.0,2.72,1124.6324,thousands of relevant accounts/policies (FCA Context - Provision)
2024H1,Bank Of Ireland (uk) PLC,Home finance,794.0,7.8,101.7949,thousands of relevant accounts/policies (FCA Context - Provision)
2024H1,Bank Of Scotland PLC,Banking and credit cards,63896.0,1.8,35497.7778,thousands of relevant accounts/policies (FCA Context - Provision)
2024H1,Bank Of Scotland PLC,Decumulation & pensions,9.0,0.06,150.0,thousands of relevant accounts/policies (FCA Context - Provision)
2024H1,Bank Of Scotland PLC,Home finance,14104.0,6.59,2140.2124,thousands of relevant accounts/policies (FCA Context - Provision)
2024H1,Bank Of Scotland PLC,Insurance & pure protection,291.0,0.4,727.5,thousands of relevant accounts/policies (FCA Context - Provision)
2024H1,Bank Of Scotland PLC,Investments,57.0,0.37,154.0541,thousands of relevant accounts/policies (FCA Context - Provision)
2024H1,Barclays Bank PLC,Banking and credit cards,9600.0,7.62,1259.8425,thousands of relevant accounts/policies (FCA Context - Provision)
2024H1,Barclays Bank PLC,Investments,1206.0,2.42,498.3471,thousands of relevant accounts/policies (FCA Context - Provision)
2024H1,Barclays Bank UK PLC,Banking and credit cards,71096.0,1.94,36647.4227,thousands of relevant accounts/policies (FCA Context - Provision)
2024H1,Barclays Bank UK PLC,Home finance,8557.0,9.86,867.8499,thousands of relevant accounts/policies (FCA Context - Provision)
2024H1,Barclays Bank UK PLC,Insurance & pure protection,245.0,1.11,220.7207,thousands of relevant accounts/policies (FCA Context - Provision)
2024H1,Bisl Limited,Insurance & pure protection,11260.0,4.5,2502.2222,thousands of relevant accounts/policies (FCA Context - Provision)
2024H1,Brightside Insurance Services Limited,Insurance & pure protection,723.0,3.15,229.5238,thousands of relevant accounts/policies (FCA Context - Provision)
2024H1,British Gas Services Limited,Insurance & pure protection,55282.0,9.94,5561.5694,thousands of relevant accounts/policies (FCA Context - Provision)
2024H1,Bupa Insurance Services Limited,Insurance & pure protection,33137.0,10.08,3287.4008,thousands of relevant accounts/policies (FCA Context - Provision)
2024H1,Capital One (europe) PLC,Banking and credit cards,24807.0,5.01,4951.497,thousands of relevant accounts/policies (FCA Context - Provision)
2024H1,Car Care Plan Limited,Insurance & pure protection,978.0,1.04,940.3846,thousands of relevant accounts/policies (FCA Context - Provision)
2024H1,Carole Nash Insurance Consultants LTD,Insurance & pure protection,4413.0,8.31,531.0469,thousands of relevant accounts/policies (FCA Context - Provision)
2024H1,Charter Court Financial Services Limited,Banking and credit cards,772.0,2.39,323.0126,thousands of relevant accounts/policies (FCA Context - Provision)
2024H1,Charter Court Financial Services Limited,Home finance,1420.0,18.54,76.5912,thousands of relevant accounts/policies (FCA Context - Provision)
2024H1,Chubb European Group Se,Insurance & pure protection,4575.0,0.71,6443.662,thousands of relevant accounts/policies (FCA Context - Provision)
2024H1,Citibank UK Limited,Banking and credit cards,1808.0,55.79,32.4072,thousands of relevant accounts/policies (FCA Context - Provision)
2024H1,Citibank UK Limited,Investments,34.0,4.89,6.953,thousands of relevant accounts/policies (FCA Context - Provision)
2024H1,Clearbank Limited,Banking and credit cards,3239.0,2.41,1343.9834,thousands of relevant accounts/policies (FCA Context - Provision)
2024H1,Clydesdale Bank PLC,Banking and credit cards,32221.0,3.84,8390.8854,thousands of relevant accounts/policies (FCA Context - Provision)
2024H1,Clydesdale Bank PLC,Home finance,2126.0,6.31,336.9255,thousands of relevant accounts/policies (FCA Context - Provision)
2024H1,Clydesdale Bank PLC,Insurance & pure protection,16.0,0.07,228.5714,thousands of relevant accounts/policies (FCA Context - Provision)
2024H1,Cofunds Limited,Decumulation & pensions,109.0,5.08,21.4567,thousands of relevant accounts/policies (FCA Context - Provision)
2024H1,Cofunds Limited,Investments,962.0,1.18,815.2542,thousands of relevant accounts/policies (FCA Context - Provision)
2024H1,Columbia Threadneedle Management Limited,Investments,637.0,5.18,122.973,thousands of relevant accounts/policies (FCA Context - Provision)
2024H1,Complete Cover Group LTD,Insurance & pure protection,900.0,12.04,74.7508,thousands of relevant accounts/policies (FCA Context - Provision)
2024H1,Corgi Homeplan LTD,Insurance & pure protection,1956.0,7.58,258.0475,thousands of relevant accounts/policies (FCA Context - Provision)
2024H1,Coutts & Company,Banking and credit cards,1368.0,4.78,286.1925,thousands of relevant accounts/policies (FCA Context - Provision)
2024H1,Coutts & Company,Decumulation & pensions,13.0,2.47,5.2632,thousands of relevant accounts/policies (FCA Context - Provision)
2024H1,Coutts & Company,Home finance,131.0,11.06,11.8445,thousands of relevant accounts/policies (FCA Context - Provision)
2024H1,Coutts & Company,Insurance & pure protection,11.0,0.74,14.8649,thousands of relevant accounts/policies (FCA Context - Provision)
2024H1,Coutts & Company,Investments,66.0,1.41,46.8085,thousands of relevant accounts/policies (FCA Context - Provision)
2024H1,Covea Insurance PLC,Insurance & pure protection,2243.0,1.53,1466.0131,thousands of relevant accounts/policies (FCA Context - Provision)
2024H1,Coventry Building Society,Banking and credit cards,3224.0,1.22,2642.623,thousands of relevant accounts/policies (FCA Context - Provision)
2024H1,Coventry Building Society,Home finance,738.0,2.09,353.11,thousands of relevant accounts/policies (FCA Context - Provision)
2024H1,Creation Consumer Finance LTD,Banking and credit cards,6333.0,2.63,2407.9848,thousands of relevant accounts/policies (FCA Context - Provision)
2024H1,Creation Financial Services Limited,Banking and credit cards,667.0,9.05,73.7017,thousands of relevant accounts/policies (FCA Context - Provision)
2024H1,Cynergy Bank PLC,Banking and credit cards,701.0,4.08,171.8137,thousands of relevant accounts/policies (FCA Context - Provision)
2024H1,Cynergy Bank PLC,Home finance,3.0,1.83,1.6393,thousands of relevant accounts/policies (FCA Context - Provision)
2024H1,Das Legal Expenses Insurance Company Limited,Insurance & pure protection,1947.0,0.32,6084.375,thousands of relevant accounts/policies (FCA Context - Provision)
2024H1,Domestic & General Insurance PLC,Insurance & pure protection,48821.0,4.47,10921.9239,thousands of relevant accounts/policies (FCA Context - Provision)
2024H1,Elavon Financial Services Designated Activity Company,Banking and credit cards,2221.0,25.34,87.648,thousands of relevant accounts/policies (FCA Context - Provision)
2024H1,Elderbridge Limited,Home finance,974.0,50.08,19.4489,thousands of relevant accounts/policies (FCA Context - Provision)
2024H1,Embark Investment Services Limited,Decumulation & pensions,530.0,5.17,102.5145,thousands of relevant accounts/policies (FCA Context - Provision)
2024H1,Embark Investment Services Limited,Investments,571.0,1.86,306.9892,thousands of relevant accounts/policies (FCA Context - Provision)
2024H1,Equiniti Financial Services Limited,Decumulation & pensions,18.0,40.09,0.449,thousands of relevant accounts/policies (FCA Context - Provision)
2024H1,Equiniti Financial Services Limited,Investments,3237.0,0.51,6347.0588,thousands of relevant accounts/policies (FCA Context - Provision)
2024H1,Ergo Travel Insurance Services LTD,Insurance & pure protection,2921.0,1.46,2000.6849,thousands of relevant accounts/policies (FCA Context - Provision)
2024H1,Esure Insurance Limited,Insurance & pure protection,20386.0,4.82,4229.4606,thousands of relevant accounts/policies (FCA Context - Provision)
2024H1,Eui Limited,Insurance & pure protection,66719.0,4.17,15999.7602,thousands of relevant accounts/policies (FCA Context - Provision)
2024H1,Exeter Friendly Society Limited,Insurance & pure protection,509.0,1.74,292.5287,thousands of relevant accounts/policies (FCA Context - Provision)
2024H1,Extracover Limited,Insurance & pure protection,561.0,0.08,7012.5,thousands of relevant accounts/policies (FCA Context - Provision)
2024H1,Family Equity Plan Limited,Banking and credit cards,480.0,2.13,225.3521,thousands of relevant accounts/policies (FCA Context - Provision)
2024H1,Family Equity Plan Limited,Investments,727.0,0.68,1069.1176,thousands of relevant accounts/policies (FCA Context - Provision)
2024H1,Financial Administration Services Limited,Decumulation & pensions,654.0,3.9,167.6923,thousands of relevant accounts/policies (FCA Context - Provision)
2024H1,Financial Administration Services Limited,Investments,1693.0,1.75,967.4286,thousands of relevant accounts/policies (FCA Context - Provision)
2024H1,First Central Insurance Management Limited,Insurance & pure protection,10584.0,7.42,1426.4151,thousands of relevant accounts/policies (FCA Context - Provision)
2024H1,Forester Life Limited,Decumulation & pensions,39.0,2.67,14.6067,thousands of relevant accounts/policies (FCA Context - Provision)
2024H1,Forester Life Limited,Insurance & pure protection,51.0,1.12,45.5357,thousands of relevant accounts/policies (FCA Context - Provision)
2024H1,Forester Life Limited,Investments,622.0,0.52,1196.1538,thousands of relevant accounts/policies (FCA Context - Provision)
2024H1,Fortegra Europe Insurance Company LTD,Insurance & pure protection,4001.0,0.99,4041.4141,thousands of relevant accounts/policies (FCA Context - Provision)
2024H1,HSBC UK Bank PLC,Banking and credit cards,101003.0,3.69,27372.0867,thousands of relevant accounts/policies (FCA Context - Provision)
2024H1,HSBC UK Bank PLC,Decumulation & pensions,48.0,0.15,320.0,thousands of relevant accounts/policies (FCA Context - Provision)
2024H1,HSBC UK Bank PLC,Home finance,6144.0,6.39,961.5023,thousands of relevant accounts/policies (FCA Context - Provision)
2024H1,HSBC UK Bank PLC,Insurance & pure protection,581.0,0.08,7262.5,thousands of relevant accounts/policies (FCA Context - Provision)
2024H1,HSBC UK Bank PLC,Investments,1402.0,1.29,1086.8217,thousands of relevant accounts/policies (FCA Context - Provision)
2024H1,Halifax Share Dealing Limited,Decumulation & pensions,17.0,3.12,5.4487,thousands of relevant accounts/policies (FCA Context - Provision)
2024H1,Halifax Share Dealing Limited,Investments,689.0,1.04,662.5,thousands of relevant accounts/policies (FCA Context - Provision)
2024H1,Hargreaves Lansdown Asset Management Limited,Decumulation & pensions,1245.0,1.56,798.0769,thousands of relevant accounts/policies (FCA Context - Provision)
2024H1,Hargreaves Lansdown Asset Management Limited,Investments,4100.0,1.31,3129.771,thousands of relevant accounts/policies (FCA Context - Provision)
2024H1,Hbos Investment Fund Managers Limited,Investments,754.0,2.35,320.8511,thousands of relevant accounts/policies (FCA Context - Provision)
2024H1,Helvetia Global Solutions LTD,Insurance & pure protection,1363.0,0.53,2571.6981,thousands of relevant accounts/policies (FCA Context - Provision)
2024H1,Hiscox Insurance Company Limited,Insurance & pure protection,630.0,1.18,533.8983,thousands of relevant accounts/policies (FCA Context - Provision)
2024H1,Home Retail Group Card Services Limited,Banking and credit cards,4398.0,1.46,3012.3288,thousands of relevant accounts/policies (FCA Context - Provision)
2024H1,Hood Travel Limited,Insurance & pure protection,566.0,0.97,583.5052,thousands of relevant accounts/policies (FCA Context - Provision)
2024H1,I Go 4 Ltd.,Insurance & pure protection,1208.0,3.43,352.1866,thousands of relevant accounts/policies (FCA Context - Provision)
2024H1,Ikano Bank Ab (publ),Banking and credit cards,1732.0,4.62,374.8918,thousands of relevant accounts/policies (FCA Context - Provision)
2024H1,Insurance Factory LTD,Insurance & pure protection,3805.0,5.39,705.9369,thousands of relevant accounts/policies (FCA Context - Provision)
2024H1,Integra Insurance Solutions Limited,Insurance & pure protection,535.0,1.3,411.5385,thousands of relevant accounts/policies (FCA Context - Provision)
2024H1,Interactive Brokers (u.k.) Limited,Investments,673.0,2.12,317.4528,thousands of relevant accounts/policies (FCA Context - Provision)
2024H1,Interactive Investor Services Limited,Decumulation & pensions,212.0,2.77,76.5343,thousands of relevant accounts/policies (FCA Context - Provision)
2024H1,Interactive Investor Services Limited,Investments,2378.0,2.92,814.3836,thousands of relevant accounts/policies (FCA Context - Provision)
2024H1,Invesco Fund Managers Limited,Investments,650.0,3.36,193.4524,thousands of relevant accounts/policies (FCA Context - Provision)
2024H1,Investec Bank PLC,Banking and credit cards,467.0,1.97,237.0558,thousands of relevant accounts/policies (FCA Context - Provision)
2024H1,Investec Bank PLC,Home finance,11.0,4.15,2.6506,thousands of relevant accounts/policies (FCA Context - Provision)
2024H1,Investec Bank PLC,Investments,28.0,5.72,4.8951,thousands of relevant accounts/policies (FCA Context - Provision)
2024H1,Investment Funds Direct Limited,Decumulation & pensions,286.0,3.34,85.6287,thousands of relevant accounts/policies (FCA Context - Provision)
2024H1,Investment Funds Direct Limited,Investments,320.0,2.35,136.1702,thousands of relevant accounts/policies (FCA Context - Provision)
2024H1,J.p. Morgan Europe Limited,Banking and credit cards,12121.0,1.82,6659.8901,thousands of relevant accounts/policies (FCA Context - Provision)
2024H1,James Hay Administration Company LTD,Decumulation & pensions,734.0,14.36,51.1142,thousands of relevant accounts/policies (FCA Context - Provision)
2024H1,Kensington Mortgage Company Limited,Home finance,1055.0,15.93,66.2272,thousands of relevant accounts/policies (FCA Context - Provision)
2024H1,Kroo Bank LTD,Banking and credit cards,1083.0,5.97,181.407,thousands of relevant accounts/policies (FCA Context - Provision)
2024H1,Landmark Mortgages Limited,Home finance,782.0,32.92,23.7546,thousands of relevant accounts/policies (FCA Context - Provision)
2024H1,Leeds Building Society,Banking and credit cards,1951.0,2.04,956.3725,thousands of relevant accounts/policies (FCA Context - Provision)
2024H1,Leeds Building Society,Home finance,1334.0,6.87,194.1776,thousands of relevant accounts/policies (FCA Context - Provision)
2024H1,Legal & General (portfolio Management Services) LTD,Decumulation & pensions,565.0,0.24,2354.1667,thousands of relevant accounts/policies (FCA Context - Provision)
2024H1,Legal & General (portfolio Management Services) LTD,Investments,6.0,1.22,4.918,thousands of relevant accounts/policies (FCA Context - Provision)
2024H1,Legal And General Assurance Society Limited,Decumulation & pensions,1742.0,1.62,1075.3086,thousands of relevant accounts/policies (FCA Context - Provision)
2024H1,Legal And General Assurance Society Limited,Insurance & pure protection,3074.0,0.7,4391.4286,thousands of relevant accounts/policies (FCA Context - Provision)
2024H1,Liverpool Victoria Financial Services Limited,Decumulation & pensions,679.0,3.94,172.335,thousands of relevant accounts/policies (FCA Context - Provision)
2024H1,Liverpool Victoria Financial Services Limited,Insurance & pure protection,1283.0,1.32,971.9697,thousands of relevant accounts/policies (FCA Context - Provision)
2024H1,Liverpool Victoria Financial Services Limited,Investments,383.0,7.69,49.8049,thousands of relevant accounts/policies (FCA Context - Provision)
2024H1,Liverpool Victoria Insurance Company Limited,Insurance & pure protection,10678.0,2.37,4505.4852,thousands of relevant accounts/policies (FCA Context - Provision)
2024H1,Lloyds Bank General Insurance Limited,Insurance & pure protection,6428.0,2.62,2453.4351,thousands of relevant accounts/policies (FCA Context - Provision)
2024H1,Lloyds Bank PLC,Banking and credit cards,69299.0,1.99,34823.6181,thousands of relevant accounts/policies (FCA Context - Provision)
2024H1,Lloyds Bank PLC,Decumulation & pensions,57.0,0.28,203.5714,thousands of relevant accounts/policies (FCA Context - Provision)
2024H1,Lloyds Bank PLC,Home finance,2984.0,7.55,395.2318,thousands of relevant accounts/policies (FCA Context - Provision)
2024H1,Lloyds Bank PLC,Insurance & pure protection,556.0,0.68,817.6471,thousands of relevant accounts/policies (FCA Context - Provision)
2024H1,Lloyds Bank PLC,Investments,53.0,0.19,278.9474,thousands of relevant accounts/policies (FCA Context - Provision)
2024H1,MBNA Limited,Banking and credit cards,10614.0,3.5,3032.5714,thousands of relevant accounts/policies (FCA Context - Provision)
2024H1,MBNA Limited,Insurance & pure protection,76.0,2.84,26.7606,thousands of relevant accounts/policies (FCA Context - Provision)
2024H1,Manypets LTD,Insurance & pure protection,6653.0,20.33,327.2504,thousands of relevant accounts/policies (FCA Context - Provision)
2024H1,Marks & Spencer Financial Services PLC,Banking and credit cards,9336.0,3.3,2829.0909,thousands of relevant accounts/policies (FCA Context - Provision)
2024H1,Marks & Spencer Financial Services PLC,Insurance & pure protection,143.0,0.17,841.1765,thousands of relevant accounts/policies (FCA Context - Provision)
2024H1,Metlife Europe D.a.c.,Insurance & pure protection,501.0,1.18,424.5763,thousands of relevant accounts/policies (FCA Context - Provision)
2024H1,Metro Bank PLC,Banking and credit cards,9003.0,3.23,2787.3065,thousands of relevant accounts/policies (FCA Context - Provision)
2024H1,Metro Bank PLC,Home finance,243.0,8.69,27.9632,thousands of relevant accounts/policies (FCA Context - Provision)
2024H1,Monzo Bank LTD,Banking and credit cards,42016.0,3.59,11703.6212,thousands of relevant accounts/policies (FCA Context - Provision)
2024H1,Monzo Bank LTD,Investments,73.0,0.55,132.7273,thousands of relevant accounts/policies (FCA Context - Provision)
2024H1,Moorcroft Debt Recovery Limited,Banking and credit cards,551.0,0.7,787.1429,thousands of relevant accounts/policies (FCA Context - Provision)
2024H1,National Westminster Bank PLC,Banking and credit cards,80269.0,2.75,29188.7273,thousands of relevant accounts/policies (FCA Context - Provision)
2024H1,National Westminster Bank PLC,Decumulation & pensions,37.0,3.31,11.1782,thousands of relevant accounts/policies (FCA Context - Provision)
2024H1,National Westminster Bank PLC,Home finance,7245.0,6.44,1125.0,thousands of relevant accounts/policies (FCA Context - Provision)
2024H1,National Westminster Bank PLC,Insurance & pure protection,115.0,0.71,161.9718,thousands of relevant accounts/policies (FCA Context - Provision)
2024H1,National Westminster Bank PLC,Investments,134.0,0.66,203.0303,thousands of relevant accounts/policies (FCA Context - Provision)
2024H1,Nationwide Building Society,Banking and credit cards,56809.0,1.85,30707.5676,thousands of relevant accounts/policies (FCA Context - Provision)
2024H1,Nationwide Building Society,Home finance,4617.0,2.88,1603.125,thousands of relevant accounts/policies (FCA Context - Provision)
2024H1,Nationwide Building Society,Investments,171.0,0.46,371.7391,thousands of relevant accounts/policies (FCA Context - Provision)
2024H1,Newcastle Building Society,Banking and credit cards,345.0,0.88,392.0455,thousands of relevant accounts/policies (FCA Context - Provision)
2024H1,Newcastle Building Society,Decumulation & pensions,0.0,71.43,0.0,thousands of relevant accounts/policies (FCA Context - Provision)
2024H1,Newcastle Building Society,Home finance,191.0,5.18,36.8726,thousands of relevant accounts/policies (FCA Context - Provision)
2024H1,Northern Bank Limited,Banking and credit cards,1608.0,1.82,883.5165,thousands of relevant accounts/policies (FCA Context - Provision)
2024H1,Northern Bank Limited,Home finance,75.0,2.25,33.3333,thousands of relevant accounts/policies (FCA Context - Provision)
2024H1,Nutmeg Saving And Investment Limited,Decumulation & pensions,185.0,8.6,21.5116,thousands of relevant accounts/policies (FCA Context - Provision)
2024H1,Nutmeg Saving And Investment Limited,Investments,474.0,1.73,273.9884,thousands of relevant accounts/policies (FCA Context - Provision)
2024H1,One Call Insurance Services Limited,Insurance & pure protection,3202.0,1.23,2603.252,thousands of relevant accounts/policies (FCA Context - Provision)
2024H1,Onesavings Bank PLC,Banking and credit cards,1308.0,2.91,449.4845,thousands of relevant accounts/policies (FCA Context - Provision)
2024H1,Onesavings Bank PLC,Home finance,1089.0,17.61,61.8399,thousands of relevant accounts/policies (FCA Context - Provision)
2024H1,Paragon Bank PLC,Banking and credit cards,800.0,1.99,402.0101,thousands of relevant accounts/policies (FCA Context - Provision)
2024H1,Paragon Bank PLC,Home finance,237.0,2.99,79.2642,thousands of relevant accounts/policies (FCA Context - Provision)
2024H1,People's Administration Services Limited,Decumulation & pensions,4246.0,0.52,8165.3846,thousands of relevant accounts/policies (FCA Context - Provision)
2024H1,Pepper (uk) Limited,Home finance,763.0,29.4,25.9524,thousands of relevant accounts/policies (FCA Context - Provision)
2024H1,Phoenix Life Limited,Decumulation & pensions,10333.0,1.7,6078.2353,thousands of relevant accounts/policies (FCA Context - Provision)
2024H1,Phoenix Life Limited,Home finance,7.0,11.59,0.604,thousands of relevant accounts/policies (FCA Context - Provision)
2024H1,Phoenix Life Limited,Insurance & pure protection,2682.0,1.43,1875.5245,thousands of relevant accounts/policies (FCA Context - Provision)
2024H1,Phoenix Life Limited,Investments,952.0,3.63,262.259,thousands of relevant accounts/policies (FCA Context - Provision)
2024H1,Pinnacle Insurance PLC,Insurance & pure protection,2528.0,4.83,523.3954,thousands of relevant accounts/policies (FCA Context - Provision)
2024H1,Principality Building Society,Banking and credit cards,768.0,1.18,650.8475,thousands of relevant accounts/policies (FCA Context - Provision)
2024H1,Principality Building Society,Home finance,466.0,4.9,95.102,thousands of relevant accounts/policies (FCA Context - Provision)
2024H1,Quilter Investment Platform Limited,Investments,610.0,1.8,338.8889,thousands of relevant accounts/policies (FCA Context - Provision)
2024H1,Quilter Life & Pensions Limited,Decumulation & pensions,655.0,2.72,240.8088,thousands of relevant accounts/policies (FCA Context - Provision)
2024H1,Quilter Life & Pensions Limited,Investments,144.0,3.47,41.4986,thousands of relevant accounts/policies (FCA Context - Provision)
2024H1,RBS Collective Investment Funds Limited,Investments,1430.0,2.21,647.0588,thousands of relevant accounts/policies (FCA Context - Provision)
2024H1,Rac Motoring Services,Insurance & pure protection,9218.0,0.77,11971.4286,thousands of relevant accounts/policies (FCA Context - Provision)
2024H1,Reassure Life Limited,Decumulation & pensions,280.0,5.35,52.3364,thousands of relevant accounts/policies (FCA Context - Provision)
2024H1,Reassure Life Limited,Insurance & pure protection,467.0,10.03,46.5603,thousands of relevant accounts/policies (FCA Context - Provision)
2024H1,Reassure Life Limited,Investments,232.0,9.02,25.7206,thousands of relevant accounts/policies (FCA Context - Provision)
2024H1,Reassure Limited,Decumulation & pensions,3505.0,1.96,1788.2653,thousands of relevant accounts/policies (FCA Context - Provision)
2024H1,Reassure Limited,Insurance & pure protection,744.0,3.25,228.9231,thousands of relevant accounts/policies (FCA Context - Provision)
2024H1,Reassure Limited,Investments,757.0,4.52,167.4779,thousands of relevant accounts/policies (FCA Context - Provision)
2024H1,Rock Insurance Services Limited,Insurance & pure protection,818.0,1.3,629.2308,thousands of relevant accounts/policies (FCA Context - Provision)
2024H1,Royal & Sun Alliance Insurance Limited,Insurance & pure protection,15116.0,2.59,5836.2934,thousands of relevant accounts/policies (FCA Context - Provision)
2024H1,Saga Services Limited,Insurance & pure protection,16349.0,10.65,1535.1174,thousands of relevant accounts/policies (FCA Context - Provision)
2024H1,Sainsbury's Bank PLC,Banking and credit cards,3440.0,2.75,1250.9091,thousands of relevant accounts/policies (FCA Context - Provision)
2024H1,Sainsbury's Bank PLC,Home finance,67.0,31.69,2.1142,thousands of relevant accounts/policies (FCA Context - Provision)
2024H1,Sainsbury's Bank PLC,Insurance & pure protection,877.0,3.16,277.5316,thousands of relevant accounts/policies (FCA Context - Provision)
2024H1,Santander UK PLC,Banking and credit cards,60720.0,2.52,24095.2381,thousands of relevant accounts/policies (FCA Context - Provision)
2024H1,Santander UK PLC,Home finance,6932.0,6.15,1127.1545,thousands of relevant accounts/policies (FCA Context - Provision)
2024H1,Santander UK PLC,Insurance & pure protection,105.0,0.28,375.0,thousands of relevant accounts/policies (FCA Context - Provision)
2024H1,Santander UK PLC,Investments,34.0,0.15,226.6667,thousands of relevant accounts/policies (FCA Context - Provision)
2024H1,Scottish Equitable PLC,Decumulation & pensions,4586.0,1.46,3141.0959,thousands of relevant accounts/policies (FCA Context - Provision)
2024H1,Scottish Equitable PLC,Insurance & pure protection,239.0,0.63,379.3651,thousands of relevant accounts/policies (FCA Context - Provision)
2024H1,Scottish Equitable PLC,Investments,74.0,4.52,16.3717,thousands of relevant accounts/policies (FCA Context - Provision)
2024H1,Scottish Friendly Assurance Society Limited,Decumulation & pensions,406.0,4.19,96.8974,thousands of relevant accounts/policies (FCA Context - Provision)
2024H1,Scottish Friendly Assurance Society Limited,Insurance & pure protection,390.0,0.31,1258.0645,thousands of relevant accounts/policies (FCA Context - Provision)
2024H1,Scottish Friendly Assurance Society Limited,Investments,570.0,2.97,191.9192,thousands of relevant accounts/policies (FCA Context - Provision)
2024H1,Scottish Widows Administration Services Limited,Decumulation & pensions,537.0,0.87,617.2414,thousands of relevant accounts/policies (FCA Context - Provision)
2024H1,Scottish Widows Administration Services Limited,Investments,1.0,1.29,0.7752,thousands of relevant accounts/policies (FCA Context - Provision)
2024H1,Scottish Widows Limited,Decumulation & pensions,9160.0,1.75,5234.2857,thousands of relevant accounts/policies (FCA Context - Provision)
2024H1,Scottish Widows Limited,Insurance & pure protection,1472.0,1.39,1058.9928,thousands of relevant accounts/policies (FCA Context - Provision)
2024H1,Scottish Widows Limited,Investments,2102.0,9.77,215.1484,thousands of relevant accounts/policies (FCA Context - Provision)
2024H1,Scottish Widows Unit Trust Managers Limited,Investments,631.0,1.91,330.3665,thousands of relevant accounts/policies (FCA Context - Provision)
2024H1,Shawbrook Bank Limited,Banking and credit cards,1251.0,2.81,445.1957,thousands of relevant accounts/policies (FCA Context - Provision)
2024H1,Shawbrook Bank Limited,Home finance,516.0,12.72,40.566,thousands of relevant accounts/policies (FCA Context - Provision)
2024H1,Simplyhealth Access,Insurance & pure protection,1997.0,0.88,2269.3182,thousands of relevant accounts/policies (FCA Context - Provision)
2024H1,Skipton Building Society,Banking and credit cards,2837.0,1.96,1447.449,thousands of relevant accounts/policies (FCA Context - Provision)
2024H1,Skipton Building Society,Home finance,630.0,3.12,201.9231,thousands of relevant accounts/policies (FCA Context - Provision)
2024H1,Skipton Building Society,Insurance & pure protection,14.0,1.16,12.069,thousands of relevant accounts/policies (FCA Context - Provision)
2024H1,Society Of Lloyd's,Insurance & pure protection,5309.0,0.62,8562.9032,thousands of relevant accounts/policies (FCA Context - Provision)
2024H1,St James's Place Investment Administration Limited,Investments,508.0,0.91,558.2418,thousands of relevant accounts/policies (FCA Context - Provision)
2024H1,St James's Place UK PLC,Decumulation & pensions,1066.0,1.9,561.0526,thousands of relevant accounts/policies (FCA Context - Provision)
2024H1,St James's Place UK PLC,Insurance & pure protection,10.0,0.95,10.5263,thousands of relevant accounts/policies (FCA Context - Provision)
2024H1,St James's Place UK PLC,Investments,270.0,1.39,194.2446,thousands of relevant accounts/policies (FCA Context - Provision)
2024H1,Standard Life Savings Limited,Investments,665.0,1.78,373.5955,thousands of relevant accounts/policies (FCA Context - Provision)
2024H1,Starling Bank Limited,Banking and credit cards,20482.0,5.07,4039.8422,thousands of relevant accounts/policies (FCA Context - Provision)
2024H1,Starr International (europe) Limited,Insurance & pure protection,1681.0,5.15,326.4078,thousands of relevant accounts/policies (FCA Context - Provision)
2024H1,Suffolk Life Pensions Limited,Decumulation & pensions,536.0,11.02,48.6388,thousands of relevant accounts/policies (FCA Context - Provision)
2024H1,Sun Life Assurance Company Of Canada (u.k.) Limited,Decumulation & pensions,714.0,2.12,336.7925,thousands of relevant accounts/policies (FCA Context - Provision)
2024H1,Sun Life Assurance Company Of Canada (u.k.) Limited,Insurance & pure protection,367.0,5.16,71.124,thousands of relevant accounts/policies (FCA Context - Provision)
2024H1,Sun Life Assurance Company Of Canada (u.k.) Limited,Investments,96.0,10.81,8.8807,thousands of relevant accounts/policies (FCA Context - Provision)
2024H1,Swift 1st Limited,Home finance,912.0,124.06,7.3513,thousands of relevant accounts/policies (FCA Context - Provision)
2024H1,TSB Bank PLC,Banking and credit cards,23784.0,2.59,9183.0116,thousands of relevant accounts/policies (FCA Context - Provision)
2024H1,TSB Bank PLC,Home finance,1920.0,7.56,253.9683,thousands of relevant accounts/policies (FCA Context - Provision)
2024H1,Telefonica Seguros Y Reaseguros Compania Aseguradora S.a.u.,Insurance & pure protection,3102.0,3.8,816.3158,thousands of relevant accounts/policies (FCA Context - Provision)
2024H1,Tesco Personal Finance PLC,Banking and credit cards,14290.0,3.82,3740.8377,thousands of relevant accounts/policies (FCA Context - Provision)
2024H1,Tesco Personal Finance PLC,Insurance & pure protection,3659.0,2.46,1487.3984,thousands of relevant accounts/policies (FCA Context - Provision)
2024H1,Tesco Underwriting Limited,Insurance & pure protection,2740.0,1.71,1602.3392,thousands of relevant accounts/policies (FCA Context - Provision)
2024H1,The Co-operative Bank PLC,Banking and credit cards,12595.0,3.67,3431.8801,thousands of relevant accounts/policies (FCA Context - Provision)
2024H1,The Co-operative Bank PLC,Home finance,3548.0,25.78,137.6261,thousands of relevant accounts/policies (FCA Context - Provision)
2024H1,The Mortgage Works (uk) PLC,Home finance,1534.0,5.36,286.194,thousands of relevant accounts/policies (FCA Context - Provision)
2024H1,The National Farmers' Union Mutual Insurance Society Limited,Decumulation & pensions,80.0,0.73,109.589,thousands of relevant accounts/policies (FCA Context - Provision)
2024H1,The National Farmers' Union Mutual Insurance Society Limited,Insurance & pure protection,6635.0,3.56,1863.764,thousands of relevant accounts/policies (FCA Context - Provision)
2024H1,The National Farmers' Union Mutual Insurance Society Limited,Investments,59.0,0.89,66.2921,thousands of relevant accounts/policies (FCA Context - Provision)
2024H1,The Prudential Assurance Company Limited,Decumulation & pensions,6734.0,2.74,2457.6642,thousands of relevant accounts/policies (FCA Context - Provision)
2024H1,The Prudential Assurance Company Limited,Home finance,33.0,4.3,7.6744,thousands of relevant accounts/policies (FCA Context - Provision)
2024H1,The Prudential Assurance Company Limited,Insurance & pure protection,704.0,0.43,1637.2093,thousands of relevant accounts/policies (FCA Context - Provision)
2024H1,The Prudential Assurance Company Limited,Investments,2696.0,4.14,651.2077,thousands of relevant accounts/policies (FCA Context - Provision)
2024H1,The Royal Bank Of Scotland PLC,Banking and credit cards,18625.0,2.81,6628.1139,thousands of relevant accounts/policies (FCA Context - Provision)
2024H1,The Royal Bank Of Scotland PLC,Decumulation & pensions,6.0,1.52,3.9474,thousands of relevant accounts/policies (FCA Context - Provision)
2024H1,The Royal Bank Of Scotland PLC,Home finance,1583.0,11.41,138.7379,thousands of relevant accounts/policies (FCA Context - Provision)
2024H1,The Royal Bank Of Scotland PLC,Insurance & pure protection,35.0,0.88,39.7727,thousands of relevant accounts/policies (FCA Context - Provision)
2024H1,The Royal Bank Of Scotland PLC,Investments,37.0,0.64,57.8125,thousands of relevant accounts/policies (FCA Context - Provision)
2024H1,The Royal London Mutual Insurance Society Limited,Decumulation & pensions,6145.0,1.71,3593.5673,thousands of relevant accounts/policies (FCA Context - Provision)
2024H1,The Royal London Mutual Insurance Society Limited,Insurance & pure protection,2029.0,0.58,3498.2759,thousands of relevant accounts/policies (FCA Context - Provision)
2024H1,The Royal London Mutual Insurance Society Limited,Investments,288.0,0.38,757.8947,thousands of relevant accounts/policies (FCA Context - Provision)
2024H1,Topaz Finance Limited,Home finance,2693.0,24.08,111.8355,thousands of relevant accounts/policies (FCA Context - Provision)
2024H1,Tradex Insurance Company PLC,Insurance & pure protection,1588.0,1.36,1167.6471,thousands of relevant accounts/policies (FCA Context - Provision)
2024H1,Triodos Bank UK Limited,Banking and credit cards,590.0,5.82,101.3746,thousands of relevant accounts/policies (FCA Context - Provision)
2024H1,Triodos Bank UK Limited,Investments,97.0,4.81,20.1663,thousands of relevant accounts/policies (FCA Context - Provision)
2024H1,U K Insurance Limited,Insurance & pure protection,53474.0,5.51,9704.9002,thousands of relevant accounts/policies (FCA Context - Provision)
2024H1,UK Mortgage Lending LTD,Home finance,656.0,13.44,48.8095,thousands of relevant accounts/policies (FCA Context - Provision)
2024H1,Unum LTD,Insurance & pure protection,581.0,19.12,30.387,thousands of relevant accounts/policies (FCA Context - Provision)
2024H1,Utility Warehouse Limited,Insurance & pure protection,609.0,2.54,239.7638,thousands of relevant accounts/policies (FCA Context - Provision)
2024H1,"Vanguard Asset Management, LTD",Decumulation & pensions,805.0,6.08,132.4013,thousands of relevant accounts/policies (FCA Context - Provision)
2024H1,"Vanguard Asset Management, LTD",Investments,1330.0,1.95,682.0513,thousands of relevant accounts/policies (FCA Context - Provision)
2024H1,Vanquis Bank Limited,Banking and credit cards,33775.0,24.08,1402.6163,thousands of relevant accounts/policies (FCA Context - Provision)
2024H1,Vitality Corporate Services Limited,Insurance & pure protection,9239.0,5.27,1753.1309,thousands of relevant accounts/policies (FCA Context - Provision)
2024H1,Vodafone Limited,Insurance & pure protection,377.0,1.05,359.0476,thousands of relevant accounts/policies (FCA Context - Provision)
2024H1,Wesleyan Assurance Society,Decumulation & pensions,352.0,4.23,83.2151,thousands of relevant accounts/policies (FCA Context - Provision)
2024H1,Wesleyan Assurance Society,Insurance & pure protection,138.0,0.18,766.6667,thousands of relevant accounts/policies (FCA Context - Provision)
2024H1,Wesleyan Assurance Society,Investments,395.0,6.59,59.9393,thousands of relevant accounts/policies (FCA Context - Provision)
2024H1,Yorkshire Building Society,Banking and credit cards,2491.0,0.73,3412.3288,thousands of relevant accounts/policies (FCA Context - Provision)
2024H1,Yorkshire Building Society,Home finance,746.0,9.92,75.2016,thousands of relevant accounts/policies (FCA Context - Provision)
2024H1,Yorkshire Building Society,Insurance & pure protection,16.0,0.33,48.4848,thousands of relevant accounts/policies (FCA Context - Provision)
2024H1,Zempler Bank Limited,Banking and credit cards,1769.0,3.2,552.8125,thousands of relevant accounts/policies (FCA Context - Provision)
2024H1,Zopa Bank Limited,Banking and credit cards,3092.0,4.48,690.1786,thousands of relevant accounts/policies (FCA Context - Provision)
2024H1,Zurich Assurance LTD,Decumulation & pensions,1337.0,4.13,323.7288,thousands of relevant accounts/policies (FCA Context - Provision)
2024H1,Zurich Assurance LTD,Insurance & pure protection,2387.0,0.82,2910.9756,thousands of relevant accounts/policies (FCA Context - Provision)
2024H1,Zurich Assurance LTD,Investments,440.0,5.6,78.5714,thousands of relevant accounts/policies (FCA Context - Provision)
2024H1,Zurich Insurance Company LTD,Insurance & pure protection,3455.0,1.5,2303.3333,thousands of relevant accounts/policies (FCA Context - Provision)
2024H2,Accord Mortgages Limited,Banking and credit cards,27.0,3.03,8.9109,thousands of relevant accounts/policies (FCA Context - Provision)
2024H2,Accord Mortgages Limited,Home finance,865.0,4.17,207.4341,thousands of relevant accounts/policies (FCA Context - Provision)
2024H2,Accredited Insurance (europe) LTD,Insurance & pure protection,4219.0,1.42,2971.1268,thousands of relevant accounts/policies (FCA Context - Provision)
2024H2,Acm Ulr Limited,Insurance & pure protection,865.0,11.74,73.6797,thousands of relevant accounts/policies (FCA Context - Provision)
2024H2,Acorn Insurance & Financial Services LTD,Insurance & pure protection,823.0,1.5,548.6667,thousands of relevant accounts/policies (FCA Context - Provision)
2024H2,Action 365 LTD,Insurance & pure protection,966.0,15.0,64.4,thousands of relevant accounts/policies (FCA Context - Provision)
2024H2,Adrian Flux Insurance Services Group,Insurance & pure protection,1665.0,1.87,890.3743,thousands of relevant accounts/policies (FCA Context - Provision)
2024H2,Affinity Insurance Solutions Limited,Insurance & pure protection,806.0,2.29,351.9651,thousands of relevant accounts/policies (FCA Context - Provision)
2024H2,Ageas Insurance Limited,Insurance & pure protection,5058.0,1.14,4436.8421,thousands of relevant accounts/policies (FCA Context - Provision)
2024H2,Ageas Retail Limited,Insurance & pure protection,993.0,1.36,730.1471,thousands of relevant accounts/policies (FCA Context - Provision)
2024H2,Aioi Nissay Dowa Insurance UK Limited,Insurance & pure protection,2193.0,6.39,343.1925,thousands of relevant accounts/policies (FCA Context - Provision)
2024H2,Aj Bell Management Limited,Decumulation & pensions,955.0,4.02,237.5622,thousands of relevant accounts/policies (FCA Context - Provision)
2024H2,Aj Bell Securities Limited,Banking and credit cards,19.0,6.06,3.1353,thousands of relevant accounts/policies (FCA Context - Provision)
2024H2,Aj Bell Securities Limited,Decumulation & pensions,191.0,0.82,232.9268,thousands of relevant accounts/policies (FCA Context - Provision)
2024H2,Aj Bell Securities Limited,Investments,749.0,1.71,438.0117,thousands of relevant accounts/policies (FCA Context - Provision)
2024H2,Aldermore Bank PLC,Banking and credit cards,695.0,1.63,426.3804,thousands of relevant accounts/policies (FCA Context - Provision)
2024H2,Aldermore Bank PLC,Home finance,749.0,16.18,46.2917,thousands of relevant accounts/policies (FCA Context - Provision)
2024H2,Allianz Insurance PLC,Insurance & pure protection,2947.0,0.59,4994.9153,thousands of relevant accounts/policies (FCA Context - Provision)
2024H2,American Express Services Europe Limited,Banking and credit cards,11203.0,3.68,3044.2935,thousands of relevant accounts/policies (FCA Context - Provision)
2024H2,American Express Services Europe Limited,Insurance & pure protection,70.0,0.02,3500.0,thousands of relevant accounts/policies (FCA Context - Provision)
2024H2,American International Group UK Limited,Insurance & pure protection,1109.0,0.32,3465.625,thousands of relevant accounts/policies (FCA Context - Provision)
2024H2,Amtrust Specialty Limited,Insurance & pure protection,2314.0,0.38,6089.4737,thousands of relevant accounts/policies (FCA Context - Provision)
2024H2,Arag Legal Expenses Insurance Company Limited,Insurance & pure protection,1930.0,0.28,6892.8571,thousands of relevant accounts/policies (FCA Context - Provision)
2024H2,Assurant General Insurance Limited,Insurance & pure protection,6996.0,1.49,4695.302,thousands of relevant accounts/policies (FCA Context - Provision)
2024H2,Asurion Europe Limited,Insurance & pure protection,1431.0,2.14,668.6916,thousands of relevant accounts/policies (FCA Context - Provision)
2024H2,Atlanta Insurance Intermediaries Limited,Insurance & pure protection,9798.0,5.24,1869.8473,thousands of relevant accounts/policies (FCA Context - Provision)
2024H2,Avantia Insurance Limited,Insurance & pure protection,1437.0,4.56,315.1316,thousands of relevant accounts/policies (FCA Context - Provision)
2024H2,Aviva Insurance Limited,Insurance & pure protection,49190.0,2.91,16903.7801,thousands of relevant accounts/policies (FCA Context - Provision)
2024H2,Aviva Life Services UK Limited,Decumulation & pensions,16030.0,1.9,8436.8421,thousands of relevant accounts/policies (FCA Context - Provision)
2024H2,Aviva Life Services UK Limited,Home finance,1125.0,11.65,96.5665,thousands of relevant accounts/policies (FCA Context - Provision)
2024H2,Aviva Life Services UK Limited,Insurance & pure protection,3866.0,1.04,3717.3077,thousands of relevant accounts/policies (FCA Context - Provision)
2024H2,Aviva Life Services UK Limited,Investments,2841.0,2.67,1064.0449,thousands of relevant accounts/policies (FCA Context - Provision)
2024H2,Aviva Protection UK Limited,Insurance & pure protection,742.0,0.58,1279.3103,thousands of relevant accounts/policies (FCA Context - Provision)
2024H2,Awp Assistance UK LTD,Insurance & pure protection,2716.0,0.61,4452.459,thousands of relevant accounts/policies (FCA Context - Provision)
2024H2,Awp P&c S.a.,Insurance & pure protection,2225.0,0.48,4635.4167,thousands of relevant accounts/policies (FCA Context - Provision)
2024H2,Axa Insurance Designated Activity Company,Insurance & pure protection,2047.0,8.23,248.7242,thousands of relevant accounts/policies (FCA Context - Provision)
2024H2,Axa Insurance UK PLC,Insurance & pure protection,20381.0,6.99,2915.7368,thousands of relevant accounts/policies (FCA Context - Provision)
2024H2,Axa Ppp Healthcare Limited,Insurance & pure protection,24510.0,15.01,1632.9114,thousands of relevant accounts/policies (FCA Context - Provision)
2024H2,Bank Of Ireland (uk) PLC,Banking and credit cards,2444.0,2.29,1067.2489,thousands of relevant accounts/policies (FCA Context - Provision)
2024H2,Bank Of Ireland (uk) PLC,Home finance,882.0,9.01,97.8912,thousands of relevant accounts/policies (FCA Context - Provision)
2024H2,Bank Of Scotland PLC,Banking and credit cards,61366.0,1.73,35471.6763,thousands of relevant accounts/policies (FCA Context - Provision)
2024H2,Bank Of Scotland PLC,Decumulation & pensions,11.0,0.08,137.5,thousands of relevant accounts/policies (FCA Context - Provision)
2024H2,Bank Of Scotland PLC,Home finance,12741.0,5.98,2130.602,thousands of relevant accounts/policies (FCA Context - Provision)
2024H2,Bank Of Scotland PLC,Insurance & pure protection,241.0,0.35,688.5714,thousands of relevant accounts/policies (FCA Context - Provision)
2024H2,Bank Of Scotland PLC,Investments,45.0,0.3,150.0,thousands of relevant accounts/policies (FCA Context - Provision)
2024H2,Barclays Bank PLC,Banking and credit cards,8336.0,6.63,1257.3152,thousands of relevant accounts/policies (FCA Context - Provision)
2024H2,Barclays Bank PLC,Home finance,3.0,3.5,0.8571,thousands of relevant accounts/policies (FCA Context - Provision)
2024H2,Barclays Bank PLC,Investments,1105.0,2.09,528.7081,thousands of relevant accounts/policies (FCA Context - Provision)
2024H2,Barclays Bank UK PLC,Banking and credit cards,62061.0,1.71,36292.9825,thousands of relevant accounts/policies (FCA Context - Provision)
2024H2,Barclays Bank UK PLC,Home finance,6445.0,7.42,868.5984,thousands of relevant accounts/policies (FCA Context - Provision)
2024H2,Barclays Bank UK PLC,Insurance & pure protection,181.0,0.83,218.0723,thousands of relevant accounts/policies (FCA Context - Provision)
2024H2,Bisl Limited,Insurance & pure protection,13571.0,6.06,2239.4389,thousands of relevant accounts/policies (FCA Context - Provision)
2024H2,British Gas Services Limited,Insurance & pure protection,57808.0,10.5,5505.5238,thousands of relevant accounts/policies (FCA Context - Provision)
2024H2,Bupa Insurance Services Limited,Insurance & pure protection,31626.0,9.37,3375.2401,thousands of relevant accounts/policies (FCA Context - Provision)
2024H2,Call Assist LTD,Insurance & pure protection,644.0,2.85,225.9649,thousands of relevant accounts/policies (FCA Context - Provision)
2024H2,Capital Home Loans Limited,Home finance,515.0,32.2,15.9938,thousands of relevant accounts/policies (FCA Context - Provision)
2024H2,Capital One (europe) PLC,Banking and credit cards,23660.0,4.59,5154.6841,thousands of relevant accounts/policies (FCA Context - Provision)
2024H2,Car Care Plan Limited,Insurance & pure protection,1043.0,1.18,883.8983,thousands of relevant accounts/policies (FCA Context - Provision)
2024H2,Carole Nash Insurance Consultants LTD,Insurance & pure protection,3087.0,5.99,515.3589,thousands of relevant accounts/policies (FCA Context - Provision)
2024H2,Castelan Limited,Insurance & pure protection,541.0,0.41,1319.5122,thousands of relevant accounts/policies (FCA Context - Provision)
2024H2,Charter Court Financial Services Limited,Banking and credit cards,735.0,2.64,278.4091,thousands of relevant accounts/policies (FCA Context - Provision)
2024H2,Charter Court Financial Services Limited,Home finance,1287.0,18.33,70.2128,thousands of relevant accounts/policies (FCA Context - Provision)
2024H2,Chubb European Group Se,Insurance & pure protection,4200.0,0.69,6086.9565,thousands of relevant accounts/policies (FCA Context - Provision)
2024H2,Citibank UK Limited,Banking and credit cards,730.0,99.24,7.3559,thousands of relevant accounts/policies (FCA Context - Provision)
2024H2,Citibank UK Limited,Investments,25.0,13.29,1.8811,thousands of relevant accounts/policies (FCA Context - Provision)
2024H2,Clearbank Limited,Banking and credit cards,3540.0,2.13,1661.9718,thousands of relevant accounts/policies (FCA Context - Provision)
2024H2,Clydesdale Bank PLC,Banking and credit cards,35191.0,4.2,8378.8095,thousands of relevant accounts/policies (FCA Context - Provision)
2024H2,Clydesdale Bank PLC,Home finance,2185.0,6.68,327.0958,thousands of relevant accounts/policies (FCA Context - Provision)
2024H2,Clydesdale Bank PLC,Insurance & pure protection,7.0,0.07,100.0,thousands of relevant accounts/policies (FCA Context - Provision)
2024H2,Cofunds Limited,Decumulation & pensions,106.0,5.04,21.0317,thousands of relevant accounts/policies (FCA Context - Provision)
2024H2,Cofunds Limited,Investments,886.0,1.12,791.0714,thousands of relevant accounts/policies (FCA Context - Provision)
2024H2,Complete Cover Group LTD,Insurance & pure protection,963.0,22.23,43.3198,thousands of relevant accounts/policies (FCA Context - Provision)
2024H2,Corgi Homeplan LTD,Insurance & pure protection,1809.0,6.31,286.6878,thousands of relevant accounts/policies (FCA Context - Provision)
2024H2,Countrywide Assured PLC,Decumulation & pensions,413.0,1.53,269.9346,thousands of relevant accounts/policies (FCA Context - Provision)
2024H2,Countrywide Assured PLC,Insurance & pure protection,184.0,1.46,126.0274,thousands of relevant accounts/policies (FCA Context - Provision)
2024H2,Countrywide Assured PLC,Investments,67.0,0.29,231.0345,thousands of relevant accounts/policies (FCA Context - Provision)
2024H2,Coutts & Company,Banking and credit cards,1570.0,5.43,289.1344,thousands of relevant accounts/policies (FCA Context - Provision)
2024H2,Coutts & Company,Decumulation & pensions,20.0,4.25,4.7059,thousands of relevant accounts/policies (FCA Context - Provision)
2024H2,Coutts & Company,Home finance,92.0,7.92,11.6162,thousands of relevant accounts/policies (FCA Context - Provision)
2024H2,Coutts & Company,Insurance & pure protection,14.0,0.93,15.0538,thousands of relevant accounts/policies (FCA Context - Provision)
2024H2,Coutts & Company,Investments,80.0,1.66,48.1928,thousands of relevant accounts/policies (FCA Context - Provision)
2024H2,Covea Insurance PLC,Insurance & pure protection,2490.0,1.87,1331.5508,thousands of relevant accounts/policies (FCA Context - Provision)
2024H2,Coventry Building Society,Banking and credit cards,3246.0,1.23,2639.0244,thousands of relevant accounts/policies (FCA Context - Provision)
2024H2,Coventry Building Society,Home finance,722.0,2.04,353.9216,thousands of relevant accounts/policies (FCA Context - Provision)
2024H2,Creation Consumer Finance LTD,Banking and credit cards,5621.0,2.27,2476.2115,thousands of relevant accounts/policies (FCA Context - Provision)
2024H2,Creation Financial Services Limited,Banking and credit cards,519.0,6.42,80.8411,thousands of relevant accounts/policies (FCA Context - Provision)
2024H2,Creation Financial Services Limited,Insurance & pure protection,1.0,0.51,1.9608,thousands of relevant accounts/policies (FCA Context - Provision)
2024H2,Cynergy Bank PLC,Banking and credit cards,900.0,4.9,183.6735,thousands of relevant accounts/policies (FCA Context - Provision)
2024H2,Cynergy Bank PLC,Home finance,7.0,2.29,3.0568,thousands of relevant accounts/policies (FCA Context - Provision)
2024H2,Domestic & General Insurance PLC,Insurance & pure protection,44570.0,3.89,11457.5835,thousands of relevant accounts/policies (FCA Context - Provision)
2024H2,Elderbridge Limited,Home finance,917.0,50.82,18.0441,thousands of relevant accounts/policies (FCA Context - Provision)
2024H2,Embark Investment Services Limited,Decumulation & pensions,381.0,3.37,113.0564,thousands of relevant accounts/policies (FCA Context - Provision)
2024H2,Embark Investment Services Limited,Investments,374.0,1.03,363.1068,thousands of relevant accounts/policies (FCA Context - Provision)
2024H2,Equiniti Financial Services Limited,Decumulation & pensions,8.0,18.22,0.4391,thousands of relevant accounts/policies (FCA Context - Provision)
2024H2,Equiniti Financial Services Limited,Investments,2091.0,0.35,5974.2857,thousands of relevant accounts/policies (FCA Context - Provision)
2024H2,Ergo Travel Insurance Services LTD,Insurance & pure protection,3011.0,1.25,2408.8,thousands of relevant accounts/policies (FCA Context - Provision)
2024H2,Esure Insurance Limited,Insurance & pure protection,16080.0,3.9,4123.0769,thousands of relevant accounts/policies (FCA Context - Provision)
2024H2,Eui Limited,Insurance & pure protection,73418.0,4.4,16685.9091,thousands of relevant accounts/policies (FCA Context - Provision)
2024H2,Exeter Friendly Society Limited,Insurance & pure protection,1162.0,7.39,157.2395,thousands of relevant accounts/policies (FCA Context - Provision)
2024H2,Extracover Limited,Insurance & pure protection,519.0,0.08,6487.5,thousands of relevant accounts/policies (FCA Context - Provision)
2024H2,Financial Administration Services Limited,Decumulation & pensions,710.0,3.98,178.392,thousands of relevant accounts/policies (FCA Context - Provision)
2024H2,Financial Administration Services Limited,Investments,1320.0,1.38,956.5217,thousands of relevant accounts/policies (FCA Context - Provision)
2024H2,First Central Insurance Management Limited,Insurance & pure protection,9224.0,6.24,1478.2051,thousands of relevant accounts/policies (FCA Context - Provision)
2024H2,Forester Life Limited,Decumulation & pensions,12.0,0.84,14.2857,thousands of relevant accounts/policies (FCA Context - Provision)
2024H2,Forester Life Limited,Insurance & pure protection,33.0,0.74,44.5946,thousands of relevant accounts/policies (FCA Context - Provision)
2024H2,Forester Life Limited,Investments,457.0,0.4,1142.5,thousands of relevant accounts/policies (FCA Context - Provision)
2024H2,Forsakringsaktiebolaget Agria (publ),Insurance & pure protection,674.0,2.87,234.8432,thousands of relevant accounts/policies (FCA Context - Provision)
2024H2,Fortegra Europe Insurance Company LTD,Insurance & pure protection,3858.0,0.91,4239.5604,thousands of relevant accounts/policies (FCA Context - Provision)
2024H2,HSBC UK Bank PLC,Banking and credit cards,91184.0,3.28,27800.0,thousands of relevant accounts/policies (FCA Context - Provision)
2024H2,HSBC UK Bank PLC,Decumulation & pensions,29.0,0.09,322.2222,thousands of relevant accounts/policies (FCA Context - Provision)
2024H2,HSBC UK Bank PLC,Home finance,5656.0,5.88,961.9048,thousands of relevant accounts/policies (FCA Context - Provision)
2024H2,HSBC UK Bank PLC,Insurance & pure protection,469.0,0.06,7816.6667,thousands of relevant accounts/policies (FCA Context - Provision)
2024H2,HSBC UK Bank PLC,Investments,1083.0,0.99,1093.9394,thousands of relevant accounts/policies (FCA Context - Provision)
2024H2,Halifax Share Dealing Limited,Decumulation & pensions,11.0,2.03,5.4187,thousands of relevant accounts/policies (FCA Context - Provision)
2024H2,Halifax Share Dealing Limited,Investments,551.0,0.83,663.8554,thousands of relevant accounts/policies (FCA Context - Provision)
2024H2,Hargreaves Lansdown Asset Management Limited,Decumulation & pensions,2594.0,3.16,820.8861,thousands of relevant accounts/policies (FCA Context - Provision)
2024H2,Hargreaves Lansdown Asset Management Limited,Investments,3109.0,0.95,3272.6316,thousands of relevant accounts/policies (FCA Context - Provision)
2024H2,Hbos Investment Fund Managers Limited,Investments,710.0,2.31,307.3593,thousands of relevant accounts/policies (FCA Context - Provision)
2024H2,Highway Insurance Company Limited,Insurance & pure protection,505.0,0.66,765.1515,thousands of relevant accounts/policies (FCA Context - Provision)
2024H2,Hiscox Insurance Company Limited,Insurance & pure protection,510.0,0.93,548.3871,thousands of relevant accounts/policies (FCA Context - Provision)
2024H2,Home Retail Group Card Services Limited,Banking and credit cards,3944.0,1.31,3010.687,thousands of relevant accounts/policies (FCA Context - Provision)
2024H2,Hood Travel Limited,Insurance & pure protection,681.0,1.06,642.4528,thousands of relevant accounts/policies (FCA Context - Provision)
2024H2,I Go 4 Ltd.,Insurance & pure protection,890.0,2.66,334.5865,thousands of relevant accounts/policies (FCA Context - Provision)
2024H2,Ikano Bank Ab (publ),Banking and credit cards,1357.0,4.18,324.6411,thousands of relevant accounts/policies (FCA Context - Provision)
2024H2,Insurance Factory LTD,Insurance & pure protection,4565.0,10.68,427.4345,thousands of relevant accounts/policies (FCA Context - Provision)
2024H2,Interactive Brokers (u.k.) Limited,Investments,617.0,1.63,378.5276,thousands of relevant accounts/policies (FCA Context - Provision)
2024H2,Interactive Investor Services Limited,Decumulation & pensions,479.0,5.64,84.9291,thousands of relevant accounts/policies (FCA Context - Provision)
2024H2,Interactive Investor Services Limited,Investments,1614.0,1.93,836.2694,thousands of relevant accounts/policies (FCA Context - Provision)
2024H2,Invesco Fund Managers Limited,Investments,544.0,2.94,185.034,thousands of relevant accounts/policies (FCA Context - Provision)
2024H2,J.p. Morgan Europe Limited,Banking and credit cards,12193.0,1.67,7301.1976,thousands of relevant accounts/policies (FCA Context - Provision)
2024H2,James Hay Administration Company LTD,Decumulation & pensions,1179.0,23.13,50.9728,thousands of relevant accounts/policies (FCA Context - Provision)
2024H2,Kensington Mortgage Company Limited,Home finance,992.0,15.39,64.4574,thousands of relevant accounts/policies (FCA Context - Provision)
2024H2,Kroo Bank LTD,Banking and credit cards,1246.0,6.6,188.7879,thousands of relevant accounts/policies (FCA Context - Provision)
2024H2,Landmark Mortgages Limited,Home finance,751.0,34.61,21.6989,thousands of relevant accounts/policies (FCA Context - Provision)
2024H2,Leeds Building Society,Banking and credit cards,2049.0,2.04,1004.4118,thousands of relevant accounts/policies (FCA Context - Provision)
2024H2,Leeds Building Society,Home finance,1271.0,6.36,199.8428,thousands of relevant accounts/policies (FCA Context - Provision)
2024H2,Legal & General (portfolio Management Services) LTD,Decumulation & pensions,516.0,0.21,2457.1429,thousands of relevant accounts/policies (FCA Context - Provision)
2024H2,Legal & General (portfolio Management Services) LTD,Investments,6.0,1.1,5.4545,thousands of relevant accounts/policies (FCA Context - Provision)
2024H2,Legal And General Assurance Society Limited,Decumulation & pensions,1203.0,1.06,1134.9057,thousands of relevant accounts/policies (FCA Context - Provision)
2024H2,Legal And General Assurance Society Limited,Insurance & pure protection,2920.0,0.67,4358.209,thousands of relevant accounts/policies (FCA Context - Provision)
2024H2,Liverpool Victoria Financial Services Limited,Decumulation & pensions,431.0,2.47,174.4939,thousands of relevant accounts/policies (FCA Context - Provision)
2024H2,Liverpool Victoria Financial Services Limited,Insurance & pure protection,1321.0,1.38,957.2464,thousands of relevant accounts/policies (FCA Context - Provision)
2024H2,Liverpool Victoria Financial Services Limited,Investments,292.0,6.3,46.3492,thousands of relevant accounts/policies (FCA Context - Provision)
2024H2,Liverpool Victoria Insurance Company Limited,Insurance & pure protection,9279.0,2.28,4069.7368,thousands of relevant accounts/policies (FCA Context - Provision)
2024H2,Lloyds Bank General Insurance Limited,Insurance & pure protection,5611.0,2.22,2527.4775,thousands of relevant accounts/policies (FCA Context - Provision)
2024H2,Lloyds Bank PLC,Banking and credit cards,73473.0,2.05,35840.4878,thousands of relevant accounts/policies (FCA Context - Provision)
2024H2,Lloyds Bank PLC,Decumulation & pensions,58.0,0.3,193.3333,thousands of relevant accounts/policies (FCA Context - Provision)
2024H2,Lloyds Bank PLC,Home finance,2821.0,7.53,374.6348,thousands of relevant accounts/policies (FCA Context - Provision)
2024H2,Lloyds Bank PLC,Insurance & pure protection,362.0,0.47,770.2128,thousands of relevant accounts/policies (FCA Context - Provision)
2024H2,Lloyds Bank PLC,Investments,46.0,0.17,270.5882,thousands of relevant accounts/policies (FCA Context - Provision)
2024H2,MBNA Limited,Banking and credit cards,9072.0,3.22,2817.3913,thousands of relevant accounts/policies (FCA Context - Provision)
2024H2,MBNA Limited,Insurance & pure protection,9.0,0.36,25.0,thousands of relevant accounts/policies (FCA Context - Provision)
2024H2,Manypets LTD,Insurance & pure protection,4914.0,16.39,299.817,thousands of relevant accounts/policies (FCA Context - Provision)
2024H2,Marks & Spencer Financial Services PLC,Banking and credit cards,8226.0,2.91,2826.8041,thousands of relevant accounts/policies (FCA Context - Provision)
2024H2,Marks & Spencer Financial Services PLC,Insurance & pure protection,112.0,0.14,800.0,thousands of relevant accounts/policies (FCA Context - Provision)
2024H2,Metlife Europe D.a.c.,Insurance & pure protection,750.0,1.71,438.5965,thousands of relevant accounts/policies (FCA Context - Provision)
2024H2,Metro Bank PLC,Banking and credit cards,8682.0,3.16,2747.4684,thousands of relevant accounts/policies (FCA Context - Provision)
2024H2,Metro Bank PLC,Home finance,234.0,8.4,27.8571,thousands of relevant accounts/policies (FCA Context - Provision)
2024H2,Monzo Bank LTD,Banking and credit cards,50586.0,3.78,13382.5397,thousands of relevant accounts/policies (FCA Context - Provision)
2024H2,Monzo Bank LTD,Decumulation & pensions,1.0,0.35,2.8571,thousands of relevant accounts/policies (FCA Context - Provision)
2024H2,Monzo Bank LTD,Investments,165.0,0.74,222.973,thousands of relevant accounts/policies (FCA Context - Provision)
2024H2,Moorcroft Debt Recovery Limited,Banking and credit cards,578.0,0.71,814.0845,thousands of relevant accounts/policies (FCA Context - Provision)
2024H2,National House-building Council,Insurance & pure protection,570.0,0.39,1461.5385,thousands of relevant accounts/policies (FCA Context - Provision)
2024H2,National Westminster Bank Public Limited Company,Banking and credit cards,81022.0,2.73,29678.3883,thousands of relevant accounts/policies (FCA Context - Provision)
2024H2,National Westminster Bank Public Limited Company,Decumulation & pensions,38.0,4.84,7.8512,thousands of relevant accounts/policies (FCA Context - Provision)
2024H2,National Westminster Bank Public Limited Company,Home finance,7113.0,6.28,1132.6433,thousands of relevant accounts/policies (FCA Context - Provision)
2024H2,National Westminster Bank Public Limited Company,Investments,184.0,0.84,219.0476,thousands of relevant accounts/policies (FCA Context - Provision)
2024H2,Nationwide Building Society,Banking and credit cards,58563.0,1.86,31485.4839,thousands of relevant accounts/policies (FCA Context - Provision)
2024H2,Nationwide Building Society,Home finance,4597.0,2.86,1607.3427,thousands of relevant accounts/policies (FCA Context - Provision)
2024H2,Newcastle Building Society,Banking and credit cards,558.0,1.45,384.8276,thousands of relevant accounts/policies (FCA Context - Provision)
2024H2,Newcastle Building Society,Decumulation & pensions,1.0,71.43,0.014,thousands of relevant accounts/policies (FCA Context - Provision)
2024H2,Newcastle Building Society,Home finance,229.0,5.95,38.4874,thousands of relevant accounts/policies (FCA Context - Provision)
2024H2,Northern Bank Limited,Banking and credit cards,1472.0,1.7,865.8824,thousands of relevant accounts/policies (FCA Context - Provision)
2024H2,Northern Bank Limited,Home finance,63.0,1.86,33.871,thousands of relevant accounts/policies (FCA Context - Provision)
2024H2,Nutmeg Saving And Investment Limited,Decumulation & pensions,167.0,7.14,23.3894,thousands of relevant accounts/policies (FCA Context - Provision)
2024H2,Nutmeg Saving And Investment Limited,Investments,605.0,2.1,288.0952,thousands of relevant accounts/policies (FCA Context - Provision)
2024H2,One Call Insurance Services Limited,Insurance & pure protection,3113.0,1.68,1852.9762,thousands of relevant accounts/policies (FCA Context - Provision)
2024H2,Onesavings Bank PLC,Banking and credit cards,1834.0,4.05,452.8395,thousands of relevant accounts/policies (FCA Context - Provision)
2024H2,Onesavings Bank PLC,Home finance,1143.0,19.46,58.7359,thousands of relevant accounts/policies (FCA Context - Provision)
2024H2,Paragon Bank PLC,Banking and credit cards,826.0,1.87,441.7112,thousands of relevant accounts/policies (FCA Context - Provision)
2024H2,Paragon Bank PLC,Home finance,267.0,3.39,78.7611,thousands of relevant accounts/policies (FCA Context - Provision)
2024H2,People's Administration Services Limited,Decumulation & pensions,3611.0,0.5,7222.0,thousands of relevant accounts/policies (FCA Context - Provision)
2024H2,Pepper (uk) Limited,Home finance,621.0,26.19,23.7113,thousands of relevant accounts/policies (FCA Context - Provision)
2024H2,Phoenix Life Ca Limited,Decumulation & pensions,607.0,1.87,324.5989,thousands of relevant accounts/policies (FCA Context - Provision)
2024H2,Phoenix Life Ca Limited,Insurance & pure protection,322.0,4.67,68.9507,thousands of relevant accounts/policies (FCA Context - Provision)
2024H2,Phoenix Life Ca Limited,Investments,113.0,13.88,8.1412,thousands of relevant accounts/policies (FCA Context - Provision)
2024H2,Phoenix Life Limited,Decumulation & pensions,10178.0,1.69,6022.4852,thousands of relevant accounts/policies (FCA Context - Provision)
2024H2,Phoenix Life Limited,Home finance,6.0,30.93,0.194,thousands of relevant accounts/policies (FCA Context - Provision)
2024H2,Phoenix Life Limited,Insurance & pure protection,3043.0,1.63,1866.8712,thousands of relevant accounts/policies (FCA Context - Provision)
2024H2,Phoenix Life Limited,Investments,803.0,3.23,248.6068,thousands of relevant accounts/policies (FCA Context - Provision)
2024H2,Pinnacle Insurance Limited,Insurance & pure protection,2410.0,4.62,521.645,thousands of relevant accounts/policies (FCA Context - Provision)
2024H2,Post Office Management Services Limited,Insurance & pure protection,617.0,0.63,979.3651,thousands of relevant accounts/policies (FCA Context - Provision)
2024H2,Principality Building Society,Banking and credit cards,879.0,1.24,708.871,thousands of relevant accounts/policies (FCA Context - Provision)
2024H2,Principality Building Society,Home finance,444.0,4.53,98.0132,thousands of relevant accounts/policies (FCA Context - Provision)
2024H2,Quilter Life & Pensions Limited,Decumulation & pensions,546.0,2.16,252.7778,thousands of relevant accounts/policies (FCA Context - Provision)
2024H2,Quilter Life & Pensions Limited,Investments,87.0,1.93,45.0777,thousands of relevant accounts/policies (FCA Context - Provision)
2024H2,Rac Motoring Services,Insurance & pure protection,9193.0,0.77,11938.961,thousands of relevant accounts/policies (FCA Context - Provision)
2024H2,Reassure Life Limited,Decumulation & pensions,203.0,4.06,50.0,thousands of relevant accounts/policies (FCA Context - Provision)
2024H2,Reassure Life Limited,Insurance & pure protection,356.0,7.92,44.9495,thousands of relevant accounts/policies (FCA Context - Provision)
2024H2,Reassure Life Limited,Investments,199.0,8.13,24.4772,thousands of relevant accounts/policies (FCA Context - Provision)
2024H2,Reassure Limited,Decumulation & pensions,3691.0,2.14,1724.7664,thousands of relevant accounts/policies (FCA Context - Provision)
2024H2,Reassure Limited,Insurance & pure protection,557.0,2.55,218.4314,thousands of relevant accounts/policies (FCA Context - Provision)
2024H2,Reassure Limited,Investments,559.0,3.56,157.0225,thousands of relevant accounts/policies (FCA Context - Provision)
2024H2,Rothesay Life PLC,Decumulation & pensions,676.0,1.17,577.7778,thousands of relevant accounts/policies (FCA Context - Provision)
2024H2,Royal & Sun Alliance Insurance Limited,Insurance & pure protection,11992.0,2.75,4360.7273,thousands of relevant accounts/policies (FCA Context - Provision)
2024H2,Saga Services Limited,Insurance & pure protection,15359.0,10.81,1420.8141,thousands of relevant accounts/policies (FCA Context - Provision)
2024H2,Sainsbury's Bank PLC,Banking and credit cards,3199.0,2.76,1159.058,thousands of relevant accounts/policies (FCA Context - Provision)
2024H2,Sainsbury's Bank PLC,Home finance,28.0,13.25,2.1132,thousands of relevant accounts/policies (FCA Context - Provision)
2024H2,Sainsbury's Bank PLC,Insurance & pure protection,786.0,2.83,277.7385,thousands of relevant accounts/policies (FCA Context - Provision)
2024H2,Santander UK PLC,Banking and credit cards,59173.0,2.46,24054.065,thousands of relevant accounts/policies (FCA Context - Provision)
2024H2,Santander UK PLC,Home finance,5270.0,4.91,1073.3198,thousands of relevant accounts/policies (FCA Context - Provision)
2024H2,Santander UK PLC,Insurance & pure protection,116.0,0.31,374.1935,thousands of relevant accounts/policies (FCA Context - Provision)
2024H2,Santander UK PLC,Investments,50.0,0.23,217.3913,thousands of relevant accounts/policies (FCA Context - Provision)
2024H2,Scottish Equitable PLC,Decumulation & pensions,6683.0,2.11,3167.2986,thousands of relevant accounts/policies (FCA Context - Provision)
2024H2,Scottish Equitable PLC,Insurance & pure protection,9.0,2.28,3.9474,thousands of relevant accounts/policies (FCA Context - Provision)
2024H2,Scottish Equitable PLC,Investments,259.0,16.11,16.077,thousands of relevant accounts/policies (FCA Context - Provision)
2024H2,Scottish Friendly Assurance Society Limited,Decumulation & pensions,284.0,3.07,92.5081,thousands of relevant accounts/policies (FCA Context - Provision)
2024H2,Scottish Friendly Assurance Society Limited,Insurance & pure protection,361.0,0.36,1002.7778,thousands of relevant accounts/policies (FCA Context - Provision)
2024H2,Scottish Friendly Assurance Society Limited,Investments,475.0,2.48,191.5323,thousands of relevant accounts/policies (FCA Context - Provision)
2024H2,Scottish Widows Limited,Decumulation & pensions,9046.0,1.68,5384.5238,thousands of relevant accounts/policies (FCA Context - Provision)
2024H2,Scottish Widows Limited,Insurance & pure protection,1452.0,1.34,1083.5821,thousands of relevant accounts/policies (FCA Context - Provision)
2024H2,Scottish Widows Limited,Investments,2488.0,11.84,210.1351,thousands of relevant accounts/policies (FCA Context - Provision)
2024H2,Scottish Widows Unit Trust Managers Limited,Investments,561.0,1.77,316.9492,thousands of relevant accounts/policies (FCA Context - Provision)
2024H2,Shawbrook Bank Limited,Banking and credit cards,877.0,1.98,442.9293,thousands of relevant accounts/policies (FCA Context - Provision)
2024H2,Shawbrook Bank Limited,Home finance,428.0,19.73,21.6929,thousands of relevant accounts/policies (FCA Context - Provision)
2024H2,Simplyhealth Access,Insurance & pure protection,1988.0,0.89,2233.7079,thousands of relevant accounts/policies (FCA Context - Provision)
2024H2,Skipton Building Society,Banking and credit cards,2918.0,1.99,1466.3317,thousands of relevant accounts/policies (FCA Context - Provision)
2024H2,Skipton Building Society,Home finance,505.0,2.46,205.2846,thousands of relevant accounts/policies (FCA Context - Provision)
2024H2,Skipton Building Society,Insurance & pure protection,7.0,0.68,10.2941,thousands of relevant accounts/policies (FCA Context - Provision)
2024H2,Society Of Lloyd's,Insurance & pure protection,4865.0,0.64,7601.5625,thousands of relevant accounts/policies (FCA Context - Provision)
2024H2,St James's Place UK PLC,Decumulation & pensions,528.0,0.9,586.6667,thousands of relevant accounts/policies (FCA Context - Provision)
2024H2,St James's Place UK PLC,Insurance & pure protection,6.0,0.61,9.8361,thousands of relevant accounts/policies (FCA Context - Provision)
2024H2,St James's Place UK PLC,Investments,189.0,0.97,194.8454,thousands of relevant accounts/policies (FCA Context - Provision)
2024H2,Starling Bank Limited,Banking and credit cards,22175.0,5.07,4373.7673,thousands of relevant accounts/policies (FCA Context - Provision)
2024H2,Starr International (europe) Limited,Insurance & pure protection,1448.0,4.78,302.9289,thousands of relevant accounts/policies (FCA Context - Provision)
2024H2,Suffolk Life Pensions Limited,Decumulation & pensions,589.0,12.25,48.0816,thousands of relevant accounts/policies (FCA Context - Provision)
2024H2,Swift 1st Limited,Home finance,843.0,124.23,6.7858,thousands of relevant accounts/policies (FCA Context - Provision)
2024H2,TSB Bank PLC,Banking and credit cards,30108.0,3.29,9151.3678,thousands of relevant accounts/policies (FCA Context - Provision)
2024H2,TSB Bank PLC,Home finance,1753.0,7.06,248.3003,thousands of relevant accounts/policies (FCA Context - Provision)
2024H2,Telefonica Seguros Y Reaseguros Compania Aseguradora S.a.u.,Insurance & pure protection,3845.0,5.02,765.9363,thousands of relevant accounts/policies (FCA Context - Provision)
2024H2,Tesco Personal Finance Limited,Banking and credit cards,15374.0,4.07,3777.3956,thousands of relevant accounts/policies (FCA Context - Provision)
2024H2,Tesco Personal Finance Limited,Insurance & pure protection,4254.0,2.62,1623.6641,thousands of relevant accounts/policies (FCA Context - Provision)
2024H2,Tesco Underwriting Limited,Insurance & pure protection,2415.0,1.43,1688.8112,thousands of relevant accounts/policies (FCA Context - Provision)
2024H2,The Co-operative Bank PLC,Banking and credit cards,10290.0,3.0,3430.0,thousands of relevant accounts/policies (FCA Context - Provision)
2024H2,The Co-operative Bank PLC,Home finance,2402.0,17.03,141.0452,thousands of relevant accounts/policies (FCA Context - Provision)
2024H2,The Mortgage Works (uk) PLC,Home finance,1576.0,5.47,288.117,thousands of relevant accounts/policies (FCA Context - Provision)
2024H2,The National Farmers' Union Mutual Insurance Society Limited,Decumulation & pensions,80.0,0.74,108.1081,thousands of relevant accounts/policies (FCA Context - Provision)
2024H2,The National Farmers' Union Mutual Insurance Society Limited,Insurance & pure protection,5787.0,3.14,1842.9936,thousands of relevant accounts/policies (FCA Context - Provision)
2024H2,The National Farmers' Union Mutual Insurance Society Limited,Investments,43.0,0.65,66.1538,thousands of relevant accounts/policies (FCA Context - Provision)
2024H2,The Prudential Assurance Company Limited,Decumulation & pensions,7658.0,3.22,2378.2609,thousands of relevant accounts/policies (FCA Context - Provision)
2024H2,The Prudential Assurance Company Limited,Home finance,36.0,4.89,7.362,thousands of relevant accounts/policies (FCA Context - Provision)
2024H2,The Prudential Assurance Company Limited,Insurance & pure protection,712.0,0.44,1618.1818,thousands of relevant accounts/policies (FCA Context - Provision)
2024H2,The Prudential Assurance Company Limited,Investments,2889.0,4.53,637.7483,thousands of relevant accounts/policies (FCA Context - Provision)
2024H2,The Royal Bank Of Scotland PLC,Banking and credit cards,18053.0,2.74,6588.6861,thousands of relevant accounts/policies (FCA Context - Provision)
2024H2,The Royal Bank Of Scotland PLC,Decumulation & pensions,8.0,4.56,1.7544,thousands of relevant accounts/policies (FCA Context - Provision)
2024H2,The Royal Bank Of Scotland PLC,Home finance,1465.0,11.29,129.7609,thousands of relevant accounts/policies (FCA Context - Provision)
2024H2,The Royal Bank Of Scotland PLC,Investments,40.0,0.66,60.6061,thousands of relevant accounts/policies (FCA Context - Provision)
2024H2,The Royal London Mutual Insurance Society Limited,Decumulation & pensions,4924.0,1.35,3647.4074,thousands of relevant accounts/policies (FCA Context - Provision)
2024H2,The Royal London Mutual Insurance Society Limited,Insurance & pure protection,1724.0,0.45,3831.1111,thousands of relevant accounts/policies (FCA Context - Provision)
2024H2,The Royal London Mutual Insurance Society Limited,Investments,221.0,0.31,712.9032,thousands of relevant accounts/policies (FCA Context - Provision)
2024H2,Topaz Finance Limited,Home finance,2336.0,22.78,102.5461,thousands of relevant accounts/policies (FCA Context - Provision)
2024H2,Tradex Insurance Company PLC,Insurance & pure protection,2485.0,1.46,1702.0548,thousands of relevant accounts/policies (FCA Context - Provision)
2024H2,Trading 212 UK Limited,Banking and credit cards,256.0,0.72,355.5556,thousands of relevant accounts/policies (FCA Context - Provision)
2024H2,Trading 212 UK Limited,Investments,595.0,0.29,2051.7241,thousands of relevant accounts/policies (FCA Context - Provision)
2024H2,Triodos Bank UK Limited,Banking and credit cards,595.0,5.48,108.5766,thousands of relevant accounts/policies (FCA Context - Provision)
2024H2,Triodos Bank UK Limited,Investments,36.0,1.58,22.7848,thousands of relevant accounts/policies (FCA Context - Provision)
2024H2,U K Insurance Limited,Insurance & pure protection,51800.0,5.97,8676.7169,thousands of relevant accounts/policies (FCA Context - Provision)
2024H2,U.s. Bank Europe Dac,Banking and credit cards,1859.0,20.83,89.2463,thousands of relevant accounts/policies (FCA Context - Provision)
2024H2,UK Mortgage Lending LTD,Home finance,652.0,13.44,48.5119,thousands of relevant accounts/policies (FCA Context - Provision)
2024H2,Utility Warehouse Limited,Insurance & pure protection,2693.0,11.7,230.1709,thousands of relevant accounts/policies (FCA Context - Provision)
2024H2,"Vanguard Asset Management, LTD",Decumulation & pensions,601.0,4.09,146.9438,thousands of relevant accounts/policies (FCA Context - Provision)
2024H2,"Vanguard Asset Management, LTD",Investments,1140.0,1.48,770.2703,thousands of relevant accounts/policies (FCA Context - Provision)
2024H2,Vanquis Bank Limited,Banking and credit cards,26951.0,20.04,1344.8603,thousands of relevant accounts/policies (FCA Context - Provision)
2024H2,Virgin Money Unit Trust Managers LTD,Decumulation & pensions,713.0,25.43,28.0378,thousands of relevant accounts/policies (FCA Context - Provision)
2024H2,Virgin Money Unit Trust Managers LTD,Investments,1153.0,13.47,85.5976,thousands of relevant accounts/policies (FCA Context - Provision)
2024H2,Vodafone Limited,Insurance & pure protection,290.0,0.83,349.3976,thousands of relevant accounts/policies (FCA Context - Provision)
2024H2,Wesleyan Assurance Society,Decumulation & pensions,340.0,4.12,82.5243,thousands of relevant accounts/policies (FCA Context - Provision)
2024H2,Wesleyan Assurance Society,Insurance & pure protection,143.0,0.19,752.6316,thousands of relevant accounts/policies (FCA Context - Provision)
2024H2,Wesleyan Assurance Society,Investments,248.0,4.17,59.4724,thousands of relevant accounts/policies (FCA Context - Provision)
2024H2,Yorkshire Building Society,Banking and credit cards,1776.0,0.51,3482.3529,thousands of relevant accounts/policies (FCA Context - Provision)
2024H2,Yorkshire Building Society,Home finance,602.0,8.44,71.327,thousands of relevant accounts/policies (FCA Context - Provision)
2024H2,Yorkshire Building Society,Insurance & pure protection,8.0,0.17,47.0588,thousands of relevant accounts/policies (FCA Context - Provision)
2024H2,Zempler Bank Limited,Banking and credit cards,1805.0,3.34,540.4192,thousands of relevant accounts/policies (FCA Context - Provision)
2024H2,Zopa Bank Limited,Banking and credit cards,3286.0,3.42,960.8187,thousands of relevant accounts/policies (FCA Context - Provision)
2024H2,Zurich Assurance LTD,Decumulation & pensions,1085.0,3.54,306.4972,thousands of relevant accounts/policies (FCA Context - Provision)
2024H2,Zurich Assurance LTD,Insurance & pure protection,2249.0,0.76,2959.2105,thousands of relevant accounts/policies (FCA Context - Provision)
2024H2,Zurich Assurance LTD,Investments,364.0,4.89,74.4376,thousands of relevant accounts/policies (FCA Context - Provision)
2024H2,Zurich Insurance Company LTD,Insurance & pure protection,3112.0,1.13,2753.9823,thousands of relevant accounts/policies (FCA Context - Provision)
2025H1,Accord Mortgages Limited,Banking and credit cards,22.0,2.36,9.322,thousands of relevant accounts/policies (FCA Context - Provision)
2025H1,Accord Mortgages Limited,Home finance,896.0,4.25,210.8235,thousands of relevant accounts/policies (FCA Context - Provision)
2025H1,Accredited Insurance (europe) LTD,Insurance & pure protection,4649.0,1.23,3779.6748,thousands of relevant accounts/policies (FCA Context - Provision)
2025H1,Acm Ulr Limited,Insurance & pure protection,723.0,9.15,79.0164,thousands of relevant accounts/policies (FCA Context - Provision)
2025H1,Acorn Insurance & Financial Services LTD,Insurance & pure protection,805.0,1.39,579.1367,thousands of relevant accounts/policies (FCA Context - Provision)
2025H1,Acromas Insurance Company Limited,Insurance & pure protection,2446.0,0.98,2495.9184,thousands of relevant accounts/policies (FCA Context - Provision)
2025H1,Action 365 LTD,Insurance & pure protection,789.0,10.29,76.6764,thousands of relevant accounts/policies (FCA Context - Provision)
2025H1,Adrian Flux Insurance Services Group,Insurance & pure protection,1554.0,1.72,903.4884,thousands of relevant accounts/policies (FCA Context - Provision)
2025H1,Affinity Insurance Solutions Limited,Insurance & pure protection,663.0,1.98,334.8485,thousands of relevant accounts/policies (FCA Context - Provision)
2025H1,Ageas Insurance Limited,Insurance & pure protection,5090.0,1.2,4241.6667,thousands of relevant accounts/policies (FCA Context - Provision)
2025H1,Ageas Retail Limited,Insurance & pure protection,912.0,1.3,701.5385,thousands of relevant accounts/policies (FCA Context - Provision)
2025H1,Aioi Nissay Dowa Insurance UK Limited,Insurance & pure protection,1585.0,5.26,301.3308,thousands of relevant accounts/policies (FCA Context - Provision)
2025H1,Aj Bell Management Limited,Decumulation & pensions,1350.0,5.23,258.1262,thousands of relevant accounts/policies (FCA Context - Provision)
2025H1,Aj Bell Securities Limited,Banking and credit cards,51.0,18.29,2.7884,thousands of relevant accounts/policies (FCA Context - Provision)
2025H1,Aj Bell Securities Limited,Decumulation & pensions,216.0,0.84,257.1429,thousands of relevant accounts/policies (FCA Context - Provision)
2025H1,Aj Bell Securities Limited,Investments,966.0,1.91,505.7592,thousands of relevant accounts/policies (FCA Context - Provision)
2025H1,Aldermore Bank PLC,Banking and credit cards,962.0,2.19,439.2694,thousands of relevant accounts/policies (FCA Context - Provision)
2025H1,Aldermore Bank PLC,Home finance,671.0,13.52,49.6302,thousands of relevant accounts/policies (FCA Context - Provision)
2025H1,Allianz Insurance PLC,Insurance & pure protection,2758.0,0.55,5014.5455,thousands of relevant accounts/policies (FCA Context - Provision)
2025H1,American Express Services Europe Limited,Banking and credit cards,13170.0,4.07,3235.8722,thousands of relevant accounts/policies (FCA Context - Provision)
2025H1,American Express Services Europe Limited,Insurance & pure protection,183.0,0.05,3660.0,thousands of relevant accounts/policies (FCA Context - Provision)
2025H1,American International Group UK Limited,Insurance & pure protection,925.0,0.21,4404.7619,thousands of relevant accounts/policies (FCA Context - Provision)
2025H1,Amtrust Specialty Limited,Insurance & pure protection,2170.0,0.38,5710.5263,thousands of relevant accounts/policies (FCA Context - Provision)
2025H1,Arag Legal Expenses Insurance Company Limited,Insurance & pure protection,2041.0,0.28,7289.2857,thousands of relevant accounts/policies (FCA Context - Provision)
2025H1,Assurant General Insurance Limited,Insurance & pure protection,5778.0,1.1,5252.7273,thousands of relevant accounts/policies (FCA Context - Provision)
2025H1,Astrenska Insurance Limited,Insurance & pure protection,2026.0,0.35,5788.5714,thousands of relevant accounts/policies (FCA Context - Provision)
2025H1,Asurion Europe Limited,Insurance & pure protection,1548.0,2.27,681.9383,thousands of relevant accounts/policies (FCA Context - Provision)
2025H1,Atlanta Insurance Intermediaries Limited,Insurance & pure protection,9569.0,4.77,2006.0797,thousands of relevant accounts/policies (FCA Context - Provision)
2025H1,Avantia Insurance Limited,Insurance & pure protection,1122.0,3.36,333.9286,thousands of relevant accounts/policies (FCA Context - Provision)
2025H1,Aviva Insurance Limited,Insurance & pure protection,48979.0,2.75,17810.5455,thousands of relevant accounts/policies (FCA Context - Provision)
2025H1,Aviva Life Services UK Limited,Decumulation & pensions,17246.0,2.04,8453.9216,thousands of relevant accounts/policies (FCA Context - Provision)
2025H1,Aviva Life Services UK Limited,Home finance,797.0,8.4,94.881,thousands of relevant accounts/policies (FCA Context - Provision)
2025H1,Aviva Life Services UK Limited,Insurance & pure protection,3995.0,1.07,3733.6449,thousands of relevant accounts/policies (FCA Context - Provision)
2025H1,Aviva Life Services UK Limited,Investments,3048.0,2.91,1047.4227,thousands of relevant accounts/policies (FCA Context - Provision)
2025H1,Aviva Protection UK Limited,Insurance & pure protection,642.0,0.51,1258.8235,thousands of relevant accounts/policies (FCA Context - Provision)
2025H1,Awp Assistance UK LTD,Insurance & pure protection,2911.0,0.59,4933.8983,thousands of relevant accounts/policies (FCA Context - Provision)
2025H1,Awp P&c S.a.,Insurance & pure protection,1771.0,0.36,4919.4444,thousands of relevant accounts/policies (FCA Context - Provision)
2025H1,Axa Insurance Designated Activity Company,Insurance & pure protection,2085.0,8.42,247.6247,thousands of relevant accounts/policies (FCA Context - Provision)
2025H1,Axa Insurance UK PLC,Insurance & pure protection,16910.0,5.56,3041.3669,thousands of relevant accounts/policies (FCA Context - Provision)
2025H1,Axa Ppp Healthcare Limited,Insurance & pure protection,21855.0,13.62,1604.6256,thousands of relevant accounts/policies (FCA Context - Provision)
2025H1,Bank Of Ireland (uk) PLC,Banking and credit cards,2208.0,2.3,960.0,thousands of relevant accounts/policies (FCA Context - Provision)
2025H1,Bank Of Ireland (uk) PLC,Home finance,972.0,10.48,92.7481,thousands of relevant accounts/policies (FCA Context - Provision)
2025H1,Bank Of Scotland PLC,Banking and credit cards,65337.0,1.83,35703.2787,thousands of relevant accounts/policies (FCA Context - Provision)
2025H1,Bank Of Scotland PLC,Decumulation & pensions,5.0,0.04,125.0,thousands of relevant accounts/policies (FCA Context - Provision)
2025H1,Bank Of Scotland PLC,Home finance,12120.0,5.73,2115.1832,thousands of relevant accounts/policies (FCA Context - Provision)
2025H1,Bank Of Scotland PLC,Insurance & pure protection,211.0,0.33,639.3939,thousands of relevant accounts/policies (FCA Context - Provision)
2025H1,Bank Of Scotland PLC,Investments,41.0,0.33,124.2424,thousands of relevant accounts/policies (FCA Context - Provision)
2025H1,Barclays Bank PLC,Banking and credit cards,9513.0,7.76,1225.9021,thousands of relevant accounts/policies (FCA Context - Provision)
2025H1,Barclays Bank PLC,Home finance,2.0,2.3,0.8696,thousands of relevant accounts/policies (FCA Context - Provision)
2025H1,Barclays Bank PLC,Investments,1418.0,2.97,477.4411,thousands of relevant accounts/policies (FCA Context - Provision)
2025H1,Barclays Bank UK PLC,Banking and credit cards,147524.0,3.7,39871.3514,thousands of relevant accounts/policies (FCA Context - Provision)
2025H1,Barclays Bank UK PLC,Home finance,6544.0,7.47,876.0375,thousands of relevant accounts/policies (FCA Context - Provision)
2025H1,Barclays Bank UK PLC,Insurance & pure protection,162.0,0.74,218.9189,thousands of relevant accounts/policies (FCA Context - Provision)
2025H1,Bisl Limited,Insurance & pure protection,12473.0,5.46,2284.4322,thousands of relevant accounts/policies (FCA Context - Provision)
2025H1,British Gas Services Limited,Insurance & pure protection,51725.0,9.56,5410.5649,thousands of relevant accounts/policies (FCA Context - Provision)
2025H1,Bupa Insurance Services Limited,Insurance & pure protection,31133.0,9.1,3421.2088,thousands of relevant accounts/policies (FCA Context - Provision)
2025H1,Call Assist Limited,Insurance & pure protection,711.0,3.29,216.1094,thousands of relevant accounts/policies (FCA Context - Provision)
2025H1,Canada Life Limited,Decumulation & pensions,329.0,0.74,444.5946,thousands of relevant accounts/policies (FCA Context - Provision)
2025H1,Canada Life Limited,Insurance & pure protection,200.0,0.07,2857.1429,thousands of relevant accounts/policies (FCA Context - Provision)
2025H1,Canada Life Limited,Investments,39.0,2.67,14.6067,thousands of relevant accounts/policies (FCA Context - Provision)
2025H1,Capital One (europe) PLC,Banking and credit cards,24847.0,4.55,5460.8791,thousands of relevant accounts/policies (FCA Context - Provision)
2025H1,Car Care Plan Limited,Insurance & pure protection,886.0,1.1,805.4545,thousands of relevant accounts/policies (FCA Context - Provision)
2025H1,Carole Nash Insurance Consultants Limited,Insurance & pure protection,3049.0,5.82,523.8832,thousands of relevant accounts/policies (FCA Context - Provision)
2025H1,Castelan Limited,Insurance & pure protection,552.0,0.44,1254.5455,thousands of relevant accounts/policies (FCA Context - Provision)
2025H1,Casualty & General Insurance Company (europe) LTD,Insurance & pure protection,1114.0,5.04,221.0317,thousands of relevant accounts/policies (FCA Context - Provision)
2025H1,Charter Court Financial Services Limited,Banking and credit cards,741.0,2.57,288.3268,thousands of relevant accounts/policies (FCA Context - Provision)
2025H1,Charter Court Financial Services Limited,Home finance,1133.0,16.9,67.0414,thousands of relevant accounts/policies (FCA Context - Provision)
2025H1,Chubb European Group Se,Insurance & pure protection,4134.0,0.65,6360.0,thousands of relevant accounts/policies (FCA Context - Provision)
2025H1,Clearbank Limited,Banking and credit cards,3961.0,1.44,2750.6944,thousands of relevant accounts/policies (FCA Context - Provision)
2025H1,Clydesdale Bank PLC,Banking and credit cards,29819.0,3.55,8399.7183,thousands of relevant accounts/policies (FCA Context - Provision)
2025H1,Clydesdale Bank PLC,Home finance,1840.0,5.65,325.6637,thousands of relevant accounts/policies (FCA Context - Provision)
2025H1,Clydesdale Bank PLC,Insurance & pure protection,9.0,0.1,90.0,thousands of relevant accounts/policies (FCA Context - Provision)
2025H1,Cofunds Limited,Decumulation & pensions,76.0,3.69,20.5962,thousands of relevant accounts/policies (FCA Context - Provision)
2025H1,Cofunds Limited,Investments,950.0,1.25,760.0,thousands of relevant accounts/policies (FCA Context - Provision)
2025H1,Complete Cover Group LTD,Insurance & pure protection,905.0,24.15,37.4741,thousands of relevant accounts/policies (FCA Context - Provision)
2025H1,Countrywide Assured PLC,Decumulation & pensions,332.0,1.24,267.7419,thousands of relevant accounts/policies (FCA Context - Provision)
2025H1,Countrywide Assured PLC,Insurance & pure protection,263.0,2.16,121.7593,thousands of relevant accounts/policies (FCA Context - Provision)
2025H1,Countrywide Assured PLC,Investments,81.0,0.35,231.4286,thousands of relevant accounts/policies (FCA Context - Provision)
2025H1,Coutts & Company,Banking and credit cards,1459.0,5.01,291.2176,thousands of relevant accounts/policies (FCA Context - Provision)
2025H1,Coutts & Company,Decumulation & pensions,14.0,2.83,4.947,thousands of relevant accounts/policies (FCA Context - Provision)
2025H1,Coutts & Company,Home finance,84.0,7.32,11.4754,thousands of relevant accounts/policies (FCA Context - Provision)
2025H1,Coutts & Company,Insurance & pure protection,13.0,1.01,12.8713,thousands of relevant accounts/policies (FCA Context - Provision)
2025H1,Coutts & Company,Investments,107.0,2.15,49.7674,thousands of relevant accounts/policies (FCA Context - Provision)
2025H1,Covea Insurance PLC,Insurance & pure protection,2528.0,1.8,1404.4444,thousands of relevant accounts/policies (FCA Context - Provision)
2025H1,Coventry Building Society,Banking and credit cards,3806.0,1.41,2699.2908,thousands of relevant accounts/policies (FCA Context - Provision)
2025H1,Coventry Building Society,Home finance,658.0,1.86,353.7634,thousands of relevant accounts/policies (FCA Context - Provision)
2025H1,Creation Consumer Finance LTD,Banking and credit cards,9886.0,4.0,2471.5,thousands of relevant accounts/policies (FCA Context - Provision)
2025H1,Cynergy Bank PLC,Banking and credit cards,1047.0,5.34,196.0674,thousands of relevant accounts/policies (FCA Context - Provision)
2025H1,Cynergy Bank PLC,Home finance,2.0,1.31,1.5267,thousands of relevant accounts/policies (FCA Context - Provision)
2025H1,Digital Moneybox Limited,Banking and credit cards,535.0,0.36,1486.1111,thousands of relevant accounts/policies (FCA Context - Provision)
2025H1,Digital Moneybox Limited,Decumulation & pensions,19.0,0.2,95.0,thousands of relevant accounts/policies (FCA Context - Provision)
2025H1,Digital Moneybox Limited,Investments,101.0,0.1,1010.0,thousands of relevant accounts/policies (FCA Context - Provision)
2025H1,Domestic & General Insurance PLC,Insurance & pure protection,60444.0,5.1,11851.7647,thousands of relevant accounts/policies (FCA Context - Provision)
2025H1,Elderbridge Limited,Home finance,756.0,45.42,16.6446,thousands of relevant accounts/policies (FCA Context - Provision)
2025H1,Embark Investment Services Limited,Decumulation & pensions,305.0,2.35,129.7872,thousands of relevant accounts/policies (FCA Context - Provision)
2025H1,Embark Investment Services Limited,Investments,323.0,0.86,375.5814,thousands of relevant accounts/policies (FCA Context - Provision)
2025H1,Embark Services Limited,Decumulation & pensions,515.0,10.62,48.4934,thousands of relevant accounts/policies (FCA Context - Provision)
2025H1,Equiniti Financial Services Limited,Decumulation & pensions,26.0,58.43,0.445,thousands of relevant accounts/policies (FCA Context - Provision)
2025H1,Equiniti Financial Services Limited,Investments,2333.0,0.39,5982.0513,thousands of relevant accounts/policies (FCA Context - Provision)
2025H1,Ergo Travel Insurance Services LTD,Insurance & pure protection,2738.0,1.31,2090.0763,thousands of relevant accounts/policies (FCA Context - Provision)
2025H1,Esure Insurance Limited,Insurance & pure protection,14395.0,3.35,4297.0149,thousands of relevant accounts/policies (FCA Context - Provision)
2025H1,Eui Limited,Insurance & pure protection,70326.0,4.14,16986.9565,thousands of relevant accounts/policies (FCA Context - Provision)
2025H1,Evolution Insurance Company Limited,Insurance & pure protection,540.0,0.77,701.2987,thousands of relevant accounts/policies (FCA Context - Provision)
2025H1,Exeter Friendly Society Limited,Insurance & pure protection,1294.0,8.94,144.7427,thousands of relevant accounts/policies (FCA Context - Provision)
2025H1,Financial Administration Services Limited,Decumulation & pensions,630.0,3.27,192.6606,thousands of relevant accounts/policies (FCA Context - Provision)
2025H1,Financial Administration Services Limited,Investments,1224.0,1.28,956.25,thousands of relevant accounts/policies (FCA Context - Provision)
2025H1,First Central Insurance Management Limited,Insurance & pure protection,8149.0,5.73,1422.164,thousands of relevant accounts/policies (FCA Context - Provision)
2025H1,Forester Life Limited,Decumulation & pensions,31.0,2.2,14.0909,thousands of relevant accounts/policies (FCA Context - Provision)
2025H1,Forester Life Limited,Insurance & pure protection,29.0,0.65,44.6154,thousands of relevant accounts/policies (FCA Context - Provision)
2025H1,Forester Life Limited,Investments,552.0,0.52,1061.5385,thousands of relevant accounts/policies (FCA Context - Provision)
2025H1,Fortegra Europe Insurance Company LTD,Insurance & pure protection,3743.0,1.0,3743.0,thousands of relevant accounts/policies (FCA Context - Provision)
2025H1,HSBC Bank PLC,Banking and credit cards,465.0,0.29,1603.4483,thousands of relevant accounts/policies (FCA Context - Provision)
2025H1,HSBC Bank PLC,Insurance & pure protection,2.0,0.15,13.3333,thousands of relevant accounts/policies (FCA Context - Provision)
2025H1,HSBC Bank PLC,Investments,47.0,3.15,14.9206,thousands of relevant accounts/policies (FCA Context - Provision)
2025H1,HSBC UK Bank PLC,Banking and credit cards,84351.0,2.95,28593.5593,thousands of relevant accounts/policies (FCA Context - Provision)
2025H1,HSBC UK Bank PLC,Decumulation & pensions,66.0,0.21,314.2857,thousands of relevant accounts/policies (FCA Context - Provision)
2025H1,HSBC UK Bank PLC,Home finance,5264.0,5.42,971.2177,thousands of relevant accounts/policies (FCA Context - Provision)
2025H1,HSBC UK Bank PLC,Insurance & pure protection,548.0,0.06,9133.3333,thousands of relevant accounts/policies (FCA Context - Provision)
2025H1,HSBC UK Bank PLC,Investments,1160.0,1.03,1126.2136,thousands of relevant accounts/policies (FCA Context - Provision)
2025H1,Halifax Share Dealing Limited,Decumulation & pensions,35.0,4.82,7.2614,thousands of relevant accounts/policies (FCA Context - Provision)
2025H1,Halifax Share Dealing Limited,Investments,651.0,0.96,678.125,thousands of relevant accounts/policies (FCA Context - Provision)
2025H1,Hargreaves Lansdown Asset Management Limited,Decumulation & pensions,1938.0,2.26,857.5221,thousands of relevant accounts/policies (FCA Context - Provision)
2025H1,Hargreaves Lansdown Asset Management Limited,Investments,4701.0,1.38,3406.5217,thousands of relevant accounts/policies (FCA Context - Provision)
2025H1,Hbos Investment Fund Managers Limited,Investments,734.0,2.53,290.1186,thousands of relevant accounts/policies (FCA Context - Provision)
2025H1,Helvetia Global Solutions LTD,Insurance & pure protection,914.0,0.46,1986.9565,thousands of relevant accounts/policies (FCA Context - Provision)
2025H1,Highway Insurance Company Limited,Insurance & pure protection,744.0,1.06,701.8868,thousands of relevant accounts/policies (FCA Context - Provision)
2025H1,Hiscox Insurance Company Limited,Insurance & pure protection,510.0,0.92,554.3478,thousands of relevant accounts/policies (FCA Context - Provision)
2025H1,Home Retail Group Card Services Limited,Banking and credit cards,4438.0,1.49,2978.5235,thousands of relevant accounts/policies (FCA Context - Provision)
2025H1,Hood Travel Limited,Insurance & pure protection,740.0,4.49,164.8107,thousands of relevant accounts/policies (FCA Context - Provision)
2025H1,Howserv Limited,Insurance & pure protection,2358.0,1.7,1387.0588,thousands of relevant accounts/policies (FCA Context - Provision)
2025H1,I Go 4 Ltd.,Insurance & pure protection,940.0,1.27,740.1575,thousands of relevant accounts/policies (FCA Context - Provision)
2025H1,Ikano Bank Ab (publ),Banking and credit cards,1191.0,4.33,275.0577,thousands of relevant accounts/policies (FCA Context - Provision)
2025H1,Inshur UK LTD,Insurance & pure protection,614.0,8.21,74.7868,thousands of relevant accounts/policies (FCA Context - Provision)
2025H1,Insurance Factory Limited,Insurance & pure protection,2708.0,7.58,357.2559,thousands of relevant accounts/policies (FCA Context - Provision)
2025H1,Intact Insurance UK Limited,Insurance & pure protection,8694.0,3.08,2822.7273,thousands of relevant accounts/policies (FCA Context - Provision)
2025H1,Interactive Brokers (u.k.) Limited,Investments,927.0,2.23,415.6951,thousands of relevant accounts/policies (FCA Context - Provision)
2025H1,Interactive Investor Services Limited,Decumulation & pensions,280.0,2.87,97.561,thousands of relevant accounts/policies (FCA Context - Provision)
2025H1,Interactive Investor Services Limited,Investments,2225.0,2.59,859.0734,thousands of relevant accounts/policies (FCA Context - Provision)
2025H1,J.p. Morgan Europe Limited,Banking and credit cards,10803.0,1.37,7885.4015,thousands of relevant accounts/policies (FCA Context - Provision)
2025H1,James Hay Administration Company Limited,Decumulation & pensions,950.0,18.74,50.6937,thousands of relevant accounts/policies (FCA Context - Provision)
2025H1,Janus Henderson Fund Management UK Limited,Investments,569.0,2.68,212.3134,thousands of relevant accounts/policies (FCA Context - Provision)
2025H1,Kensington Mortgage Company Limited,Home finance,919.0,14.57,63.0748,thousands of relevant accounts/policies (FCA Context - Provision)
2025H1,Landmark Mortgages Limited,Home finance,604.0,37.71,16.017,thousands of relevant accounts/policies (FCA Context - Provision)
2025H1,Leeds Building Society,Banking and credit cards,2336.0,2.26,1033.6283,thousands of relevant accounts/policies (FCA Context - Provision)
2025H1,Leeds Building Society,Home finance,1076.0,5.25,204.9524,thousands of relevant accounts/policies (FCA Context - Provision)
2025H1,Legal And General Assurance Society Limited,Decumulation & pensions,1386.0,1.18,1174.5763,thousands of relevant accounts/policies (FCA Context - Provision)
2025H1,Legal And General Assurance Society Limited,Insurance & pure protection,3051.0,0.7,4358.5714,thousands of relevant accounts/policies (FCA Context - Provision)
2025H1,Lenvi Servicing Limited,Home finance,756.0,3.7,204.3243,thousands of relevant accounts/policies (FCA Context - Provision)
2025H1,Liverpool Victoria Financial Services Limited,Decumulation & pensions,384.0,2.55,150.5882,thousands of relevant accounts/policies (FCA Context - Provision)
2025H1,Liverpool Victoria Financial Services Limited,Insurance & pure protection,1349.0,1.42,950.0,thousands of relevant accounts/policies (FCA Context - Provision)
2025H1,Liverpool Victoria Financial Services Limited,Investments,274.0,4.46,61.435,thousands of relevant accounts/policies (FCA Context - Provision)
2025H1,Liverpool Victoria Insurance Company Limited,Insurance & pure protection,10359.0,2.52,4110.7143,thousands of relevant accounts/policies (FCA Context - Provision)
2025H1,Lloyds Bank General Insurance Limited,Insurance & pure protection,5782.0,2.27,2547.1366,thousands of relevant accounts/policies (FCA Context - Provision)
2025H1,Lloyds Bank PLC,Banking and credit cards,78119.0,2.13,36675.5869,thousands of relevant accounts/policies (FCA Context - Provision)
2025H1,Lloyds Bank PLC,Decumulation & pensions,43.0,0.24,179.1667,thousands of relevant accounts/policies (FCA Context - Provision)
2025H1,Lloyds Bank PLC,Home finance,2845.0,7.97,356.9636,thousands of relevant accounts/policies (FCA Context - Provision)
2025H1,Lloyds Bank PLC,Insurance & pure protection,350.0,0.52,673.0769,thousands of relevant accounts/policies (FCA Context - Provision)
2025H1,Lloyds Bank PLC,Investments,46.0,0.17,270.5882,thousands of relevant accounts/policies (FCA Context - Provision)
2025H1,MBNA Limited,Banking and credit cards,9487.0,3.47,2734.0058,thousands of relevant accounts/policies (FCA Context - Provision)
2025H1,MBNA Limited,Insurance & pure protection,8.0,0.35,22.8571,thousands of relevant accounts/policies (FCA Context - Provision)
2025H1,Manypets LTD,Insurance & pure protection,3709.0,12.78,290.2191,thousands of relevant accounts/policies (FCA Context - Provision)
2025H1,Marks & Spencer Financial Services PLC,Banking and credit cards,7097.0,2.77,2562.0939,thousands of relevant accounts/policies (FCA Context - Provision)
2025H1,Marks & Spencer Financial Services PLC,Insurance & pure protection,100.0,0.13,769.2308,thousands of relevant accounts/policies (FCA Context - Provision)
2025H1,Marshmallow Financial Services LTD,Insurance & pure protection,5700.0,21.16,269.3762,thousands of relevant accounts/policies (FCA Context - Provision)
2025H1,Metlife Europe D.a.c.,Insurance & pure protection,808.0,1.78,453.9326,thousands of relevant accounts/policies (FCA Context - Provision)
2025H1,Metro Bank PLC,Banking and credit cards,9473.0,3.45,2745.7971,thousands of relevant accounts/policies (FCA Context - Provision)
2025H1,Metro Bank PLC,Home finance,201.0,10.77,18.663,thousands of relevant accounts/policies (FCA Context - Provision)
2025H1,Millennium Insurance Company Limited,Insurance & pure protection,759.0,0.91,834.0659,thousands of relevant accounts/policies (FCA Context - Provision)
2025H1,Monzo Bank LTD,Banking and credit cards,34946.0,2.31,15128.1385,thousands of relevant accounts/policies (FCA Context - Provision)
2025H1,Monzo Bank LTD,Decumulation & pensions,30.0,1.34,22.3881,thousands of relevant accounts/policies (FCA Context - Provision)
2025H1,Monzo Bank LTD,Investments,116.0,0.24,483.3333,thousands of relevant accounts/policies (FCA Context - Provision)
2025H1,National House-building Council,Insurance & pure protection,698.0,0.48,1454.1667,thousands of relevant accounts/policies (FCA Context - Provision)
2025H1,National Westminster Bank Public Limited Company,Banking and credit cards,87171.0,2.81,31021.7082,thousands of relevant accounts/policies (FCA Context - Provision)
2025H1,National Westminster Bank Public Limited Company,Decumulation & pensions,41.0,3.14,13.0573,thousands of relevant accounts/policies (FCA Context - Provision)
2025H1,National Westminster Bank Public Limited Company,Home finance,6580.0,5.7,1154.386,thousands of relevant accounts/policies (FCA Context - Provision)
2025H1,National Westminster Bank Public Limited Company,Investments,245.0,1.07,228.972,thousands of relevant accounts/policies (FCA Context - Provision)
2025H1,Nationwide Building Society,Banking and credit cards,61048.0,1.92,31795.8333,thousands of relevant accounts/policies (FCA Context - Provision)
2025H1,Nationwide Building Society,Home finance,4514.0,2.78,1623.741,thousands of relevant accounts/policies (FCA Context - Provision)
2025H1,Newcastle Building Society,Banking and credit cards,498.0,1.27,392.126,thousands of relevant accounts/policies (FCA Context - Provision)
2025H1,Newcastle Building Society,Home finance,204.0,5.25,38.8571,thousands of relevant accounts/policies (FCA Context - Provision)
2025H1,Northern Bank Limited,Banking and credit cards,1379.0,1.51,913.245,thousands of relevant accounts/policies (FCA Context - Provision)
2025H1,Northern Bank Limited,Home finance,79.0,2.18,36.2385,thousands of relevant accounts/policies (FCA Context - Provision)
2025H1,Nutmeg Saving And Investment Limited,Decumulation & pensions,256.0,10.22,25.0489,thousands of relevant accounts/policies (FCA Context - Provision)
2025H1,Nutmeg Saving And Investment Limited,Investments,863.0,2.94,293.5374,thousands of relevant accounts/policies (FCA Context - Provision)
2025H1,One Call Insurance Services Limited,Insurance & pure protection,3098.0,2.18,1421.1009,thousands of relevant accounts/policies (FCA Context - Provision)
2025H1,Onesavings Bank PLC,Banking and credit cards,1778.0,3.69,481.8428,thousands of relevant accounts/policies (FCA Context - Provision)
2025H1,Onesavings Bank PLC,Home finance,959.0,15.79,60.7346,thousands of relevant accounts/policies (FCA Context - Provision)
2025H1,Ovo Home Services LTD,Insurance & pure protection,2067.0,8.5,243.1765,thousands of relevant accounts/policies (FCA Context - Provision)
2025H1,Paragon Bank PLC,Banking and credit cards,640.0,1.45,441.3793,thousands of relevant accounts/policies (FCA Context - Provision)
2025H1,Paragon Bank PLC,Home finance,238.0,3.04,78.2895,thousands of relevant accounts/policies (FCA Context - Provision)
2025H1,People's Administration Services Limited,Decumulation & pensions,6548.0,0.88,7440.9091,thousands of relevant accounts/policies (FCA Context - Provision)
2025H1,Pepper (uk) Limited,Home finance,680.0,31.25,21.76,thousands of relevant accounts/policies (FCA Context - Provision)
2025H1,Phoenix Life Ca Limited,Decumulation & pensions,623.0,1.99,313.0653,thousands of relevant accounts/policies (FCA Context - Provision)
2025H1,Phoenix Life Ca Limited,Insurance & pure protection,396.0,5.94,66.6667,thousands of relevant accounts/policies (FCA Context - Provision)
2025H1,Phoenix Life Ca Limited,Investments,75.0,9.95,7.5377,thousands of relevant accounts/policies (FCA Context - Provision)
2025H1,Phoenix Life Limited,Decumulation & pensions,11963.0,2.0,5981.5,thousands of relevant accounts/policies (FCA Context - Provision)
2025H1,Phoenix Life Limited,Home finance,6.0,39.22,0.153,thousands of relevant accounts/policies (FCA Context - Provision)
2025H1,Phoenix Life Limited,Insurance & pure protection,3321.0,1.79,1855.3073,thousands of relevant accounts/policies (FCA Context - Provision)
2025H1,Phoenix Life Limited,Investments,885.0,4.11,215.3285,thousands of relevant accounts/policies (FCA Context - Provision)
2025H1,Pinnacle Insurance Limited,Insurance & pure protection,2817.0,3.85,731.6883,thousands of relevant accounts/policies (FCA Context - Provision)
2025H1,Principality Building Society,Banking and credit cards,807.0,1.1,733.6364,thousands of relevant accounts/policies (FCA Context - Provision)
2025H1,Principality Building Society,Home finance,383.0,3.84,99.7396,thousands of relevant accounts/policies (FCA Context - Provision)
2025H1,Qbe UK Limited,Insurance & pure protection,976.0,4.93,197.9716,thousands of relevant accounts/policies (FCA Context - Provision)
2025H1,Quilter Life & Pensions Limited,Decumulation & pensions,575.0,2.18,263.7615,thousands of relevant accounts/policies (FCA Context - Provision)
2025H1,Quilter Life & Pensions Limited,Investments,134.0,2.7,49.6296,thousands of relevant accounts/policies (FCA Context - Provision)
2025H1,RBS Collective Investment Funds Limited,Investments,2028.0,3.48,582.7586,thousands of relevant accounts/policies (FCA Context - Provision)
2025H1,Rac Financial Services Limited,Insurance & pure protection,8793.0,0.75,11724.0,thousands of relevant accounts/policies (FCA Context - Provision)
2025H1,Reassure Life Limited,Decumulation & pensions,195.0,4.06,48.0296,thousands of relevant accounts/policies (FCA Context - Provision)
2025H1,Reassure Life Limited,Insurance & pure protection,335.0,7.71,43.4501,thousands of relevant accounts/policies (FCA Context - Provision)
2025H1,Reassure Life Limited,Investments,139.0,5.95,23.3613,thousands of relevant accounts/policies (FCA Context - Provision)
2025H1,Reassure Limited,Decumulation & pensions,3646.0,2.18,1672.4771,thousands of relevant accounts/policies (FCA Context - Provision)
2025H1,Reassure Limited,Home finance,1.0,3.97,0.2519,thousands of relevant accounts/policies (FCA Context - Provision)
2025H1,Reassure Limited,Insurance & pure protection,597.0,2.87,208.0139,thousands of relevant accounts/policies (FCA Context - Provision)
2025H1,Reassure Limited,Investments,503.0,3.4,147.9412,thousands of relevant accounts/policies (FCA Context - Provision)
2025H1,Rothesay Life PLC,Decumulation & pensions,725.0,1.38,525.3623,thousands of relevant accounts/policies (FCA Context - Provision)
2025H1,Sabre Insurance Company Limited,Insurance & pure protection,590.0,2.38,247.8992,thousands of relevant accounts/policies (FCA Context - Provision)
2025H1,Saga Services Limited,Insurance & pure protection,8353.0,6.37,1311.303,thousands of relevant accounts/policies (FCA Context - Provision)
2025H1,Sainsbury's Bank PLC,Banking and credit cards,2808.0,2.81,999.2883,thousands of relevant accounts/policies (FCA Context - Provision)
2025H1,Sainsbury's Bank PLC,Insurance & pure protection,860.0,3.09,278.3172,thousands of relevant accounts/policies (FCA Context - Provision)
2025H1,Santander UK PLC,Banking and credit cards,57110.0,2.34,24405.9829,thousands of relevant accounts/policies (FCA Context - Provision)
2025H1,Santander UK PLC,Home finance,5040.0,4.77,1056.6038,thousands of relevant accounts/policies (FCA Context - Provision)
2025H1,Santander UK PLC,Insurance & pure protection,131.0,0.35,374.2857,thousands of relevant accounts/policies (FCA Context - Provision)
2025H1,Santander UK PLC,Investments,78.0,0.36,216.6667,thousands of relevant accounts/policies (FCA Context - Provision)
2025H1,Scottish Equitable PLC,Decumulation & pensions,7562.0,2.38,3177.3109,thousands of relevant accounts/policies (FCA Context - Provision)
2025H1,Scottish Equitable PLC,Insurance & pure protection,10.0,2.58,3.876,thousands of relevant accounts/policies (FCA Context - Provision)
2025H1,Scottish Equitable PLC,Investments,329.0,20.98,15.6816,thousands of relevant accounts/policies (FCA Context - Provision)
2025H1,Scottish Friendly Assurance Society Limited,Decumulation & pensions,445.0,4.99,89.1784,thousands of relevant accounts/policies (FCA Context - Provision)
2025H1,Scottish Friendly Assurance Society Limited,Insurance & pure protection,407.0,0.4,1017.5,thousands of relevant accounts/policies (FCA Context - Provision)
2025H1,Scottish Friendly Assurance Society Limited,Investments,813.0,4.21,193.1116,thousands of relevant accounts/policies (FCA Context - Provision)
2025H1,Scottish Widows Limited,Decumulation & pensions,7493.0,1.43,5239.8601,thousands of relevant accounts/policies (FCA Context - Provision)
2025H1,Scottish Widows Limited,Insurance & pure protection,1413.0,1.24,1139.5161,thousands of relevant accounts/policies (FCA Context - Provision)
2025H1,Scottish Widows Limited,Investments,1940.0,10.63,182.5024,thousands of relevant accounts/policies (FCA Context - Provision)
2025H1,Scottish Widows Unit Trust Managers Limited,Investments,536.0,1.76,304.5455,thousands of relevant accounts/policies (FCA Context - Provision)
2025H1,Shawbrook Bank Limited,Banking and credit cards,1063.0,2.44,435.6557,thousands of relevant accounts/policies (FCA Context - Provision)
2025H1,Shawbrook Bank Limited,Home finance,479.0,22.03,21.7431,thousands of relevant accounts/policies (FCA Context - Provision)
2025H1,Simplyhealth Access,Insurance & pure protection,2222.0,0.99,2244.4444,thousands of relevant accounts/policies (FCA Context - Provision)
2025H1,Skipton Building Society,Banking and credit cards,4282.0,2.81,1523.8434,thousands of relevant accounts/policies (FCA Context - Provision)
2025H1,Skipton Building Society,Home finance,593.0,2.84,208.8028,thousands of relevant accounts/policies (FCA Context - Provision)
2025H1,Society Of Lloyd's,Insurance & pure protection,4972.0,0.61,8150.8197,thousands of relevant accounts/policies (FCA Context - Provision)
2025H1,St. James's Place UK PLC,Decumulation & pensions,562.0,0.92,610.8696,thousands of relevant accounts/policies (FCA Context - Provision)
2025H1,St. James's Place UK PLC,Insurance & pure protection,5.0,0.55,9.0909,thousands of relevant accounts/policies (FCA Context - Provision)
2025H1,St. James's Place UK PLC,Investments,200.0,1.01,198.0198,thousands of relevant accounts/policies (FCA Context - Provision)
2025H1,Starling Bank Limited,Banking and credit cards,20833.0,4.52,4609.0708,thousands of relevant accounts/policies (FCA Context - Provision)
2025H1,Starr International (europe) Limited,Insurance & pure protection,1326.0,4.31,307.6566,thousands of relevant accounts/policies (FCA Context - Provision)
2025H1,Swift 1st Limited,Home finance,867.0,137.27,6.316,thousands of relevant accounts/policies (FCA Context - Provision)
2025H1,TSB Bank PLC,Banking and credit cards,28085.0,3.07,9148.2085,thousands of relevant accounts/policies (FCA Context - Provision)
2025H1,TSB Bank PLC,Home finance,1614.0,6.6,244.5455,thousands of relevant accounts/policies (FCA Context - Provision)
2025H1,Telefonica Seguros Y Reaseguros Compania Aseguradora S.a.u.,Insurance & pure protection,3103.0,4.27,726.6979,thousands of relevant accounts/policies (FCA Context - Provision)
2025H1,Tesco Personal Finance Limited,Insurance & pure protection,4180.0,2.36,1771.1864,thousands of relevant accounts/policies (FCA Context - Provision)
2025H1,Tesco Underwriting Limited,Insurance & pure protection,2550.0,1.42,1795.7746,thousands of relevant accounts/policies (FCA Context - Provision)
2025H1,The Co-operative Bank PLC,Banking and credit cards,9034.0,2.62,3448.0916,thousands of relevant accounts/policies (FCA Context - Provision)
2025H1,The Co-operative Bank PLC,Home finance,1507.0,11.13,135.3998,thousands of relevant accounts/policies (FCA Context - Provision)
2025H1,The Mortgage Works (uk) PLC,Home finance,1463.0,5.07,288.5602,thousands of relevant accounts/policies (FCA Context - Provision)
2025H1,The National Farmers' Union Mutual Insurance Society Limited,Decumulation & pensions,104.0,0.98,106.1224,thousands of relevant accounts/policies (FCA Context - Provision)
2025H1,The National Farmers' Union Mutual Insurance Society Limited,Insurance & pure protection,5252.0,2.93,1792.4915,thousands of relevant accounts/policies (FCA Context - Provision)
2025H1,The National Farmers' Union Mutual Insurance Society Limited,Investments,56.0,0.86,65.1163,thousands of relevant accounts/policies (FCA Context - Provision)
2025H1,The Prudential Assurance Company Limited,Decumulation & pensions,6193.0,2.66,2328.1955,thousands of relevant accounts/policies (FCA Context - Provision)
2025H1,The Prudential Assurance Company Limited,Home finance,38.0,5.38,7.0632,thousands of relevant accounts/policies (FCA Context - Provision)
2025H1,The Prudential Assurance Company Limited,Insurance & pure protection,718.0,0.46,1560.8696,thousands of relevant accounts/policies (FCA Context - Provision)
2025H1,The Prudential Assurance Company Limited,Investments,2525.0,4.1,615.8537,thousands of relevant accounts/policies (FCA Context - Provision)
2025H1,The Royal Bank Of Scotland PLC,Banking and credit cards,18642.0,2.84,6564.0845,thousands of relevant accounts/policies (FCA Context - Provision)
2025H1,The Royal Bank Of Scotland PLC,Decumulation & pensions,8.0,1.96,4.0816,thousands of relevant accounts/policies (FCA Context - Provision)
2025H1,The Royal Bank Of Scotland PLC,Home finance,1287.0,10.57,121.7597,thousands of relevant accounts/policies (FCA Context - Provision)
2025H1,The Royal Bank Of Scotland PLC,Investments,61.0,0.99,61.6162,thousands of relevant accounts/policies (FCA Context - Provision)
2025H1,The Royal London Mutual Insurance Society Limited,Decumulation & pensions,6087.0,1.66,3666.8675,thousands of relevant accounts/policies (FCA Context - Provision)
2025H1,The Royal London Mutual Insurance Society Limited,Insurance & pure protection,2152.0,0.58,3710.3448,thousands of relevant accounts/policies (FCA Context - Provision)
2025H1,The Royal London Mutual Insurance Society Limited,Investments,198.0,0.29,682.7586,thousands of relevant accounts/policies (FCA Context - Provision)
2025H1,Topaz Finance Limited,Home finance,2301.0,19.83,116.0363,thousands of relevant accounts/policies (FCA Context - Provision)
2025H1,Tradex Insurance Company PLC,Insurance & pure protection,3465.0,1.53,2264.7059,thousands of relevant accounts/policies (FCA Context - Provision)
2025H1,Trading 212 UK Limited,Banking and credit cards,610.0,0.84,726.1905,thousands of relevant accounts/policies (FCA Context - Provision)
2025H1,Trading 212 UK Limited,Investments,1014.0,0.39,2600.0,thousands of relevant accounts/policies (FCA Context - Provision)
2025H1,U K Insurance Limited,Insurance & pure protection,42802.0,5.12,8359.7656,thousands of relevant accounts/policies (FCA Context - Provision)
2025H1,U.s. Bank Europe Dac,Banking and credit cards,1732.0,20.32,85.2362,thousands of relevant accounts/policies (FCA Context - Provision)
2025H1,UK Mortgage Lending LTD,Home finance,705.0,13.21,53.3687,thousands of relevant accounts/policies (FCA Context - Provision)
2025H1,Utility Warehouse Limited,Insurance & pure protection,3996.0,19.88,201.006,thousands of relevant accounts/policies (FCA Context - Provision)
2025H1,"Vanguard Asset Management, Ltd.",Decumulation & pensions,686.0,4.26,161.0329,thousands of relevant accounts/policies (FCA Context - Provision)
2025H1,"Vanguard Asset Management, Ltd.",Investments,1766.0,2.16,817.5926,thousands of relevant accounts/policies (FCA Context - Provision)
2025H1,Vanquis Bank Limited,Banking and credit cards,22086.0,16.32,1353.3088,thousands of relevant accounts/policies (FCA Context - Provision)
2025H1,Virgin Money Unit Trust Managers LTD,Decumulation & pensions,381.0,5.64,67.5532,thousands of relevant accounts/policies (FCA Context - Provision)
2025H1,Virgin Money Unit Trust Managers LTD,Investments,529.0,6.15,86.0163,thousands of relevant accounts/policies (FCA Context - Provision)
2025H1,Vodafone Limited,Insurance & pure protection,225.0,0.66,340.9091,thousands of relevant accounts/policies (FCA Context - Provision)
2025H1,Wesleyan Assurance Society,Decumulation & pensions,392.0,4.75,82.5263,thousands of relevant accounts/policies (FCA Context - Provision)
2025H1,Wesleyan Assurance Society,Insurance & pure protection,122.0,0.16,762.5,thousands of relevant accounts/policies (FCA Context - Provision)
2025H1,Wesleyan Assurance Society,Investments,261.0,4.39,59.4533,thousands of relevant accounts/policies (FCA Context - Provision)
2025H1,West Bay Insurance PLC,Insurance & pure protection,751.0,39526.32,0.019,thousands of relevant accounts/policies (FCA Context - Provision)
2025H1,Yorkshire Building Society,Banking and credit cards,2271.0,0.65,3493.8462,thousands of relevant accounts/policies (FCA Context - Provision)
2025H1,Yorkshire Building Society,Home finance,578.0,8.51,67.9201,thousands of relevant accounts/policies (FCA Context - Provision)
2025H1,Yorkshire Building Society,Insurance & pure protection,19.0,0.72,26.3889,thousands of relevant accounts/policies (FCA Context - Provision)
2025H1,Zempler Bank Limited,Banking and credit cards,1507.0,2.92,516.0959,thousands of relevant accounts/policies (FCA Context - Provision)
2025H1,Zopa Bank Limited,Banking and credit cards,4637.0,4.06,1142.1182,thousands of relevant accounts/policies (FCA Context - Provision)
2025H1,Zurich Assurance LTD,Decumulation & pensions,949.0,3.25,292.0,thousands of relevant accounts/policies (FCA Context - Provision)
2025H1,Zurich Assurance LTD,Insurance & pure protection,2230.0,0.73,3054.7945,thousands of relevant accounts/policies (FCA Context - Provision)
2025H1,Zurich Assurance LTD,Investments,371.0,5.26,70.5323,thousands of relevant accounts/policies (FCA Context - Provision)
2025H2,Accord Mortgages Limited,Banking and credit cards,14.0,1.44,9.7222,thousands of relevant accounts/policies (FCA Context - Provision)
2025H2,Accord Mortgages Limited,Home finance,936.0,4.39,213.2118,thousands of relevant accounts/policies (FCA Context - Provision)
2025H2,Accredited Insurance (europe) LTD,Insurance & pure protection,4337.0,1.57,2762.4204,thousands of relevant accounts/policies (FCA Context - Provision)
2025H2,Acm Ulr Limited,Insurance & pure protection,636.0,13.04,48.773,thousands of relevant accounts/policies (FCA Context - Provision)
2025H2,Acorn Insurance And Financial Services Limited,Insurance & pure protection,766.0,1.15,666.087,thousands of relevant accounts/policies (FCA Context - Provision)
2025H2,Acromas Insurance Company Limited,Insurance & pure protection,1840.0,0.69,2666.6667,thousands of relevant accounts/policies (FCA Context - Provision)
2025H2,Adrian Flux Insurance Services Group,Insurance & pure protection,2518.0,2.71,929.1513,thousands of relevant accounts/policies (FCA Context - Provision)
2025H2,Ageas Insurance Limited,Insurance & pure protection,4403.0,1.03,4274.7573,thousands of relevant accounts/policies (FCA Context - Provision)
2025H2,Ageas Retail Limited,Insurance & pure protection,909.0,1.34,678.3582,thousands of relevant accounts/policies (FCA Context - Provision)
2025H2,Aioi Nissay Dowa Insurance UK Limited,Insurance & pure protection,1554.0,5.07,306.5089,thousands of relevant accounts/policies (FCA Context - Provision)
2025H2,Aj Bell Management Limited,Decumulation & pensions,1051.0,3.81,275.853,thousands of relevant accounts/policies (FCA Context - Provision)
2025H2,Aj Bell Securities Limited,Banking and credit cards,44.0,16.5,2.6667,thousands of relevant accounts/policies (FCA Context - Provision)
2025H2,Aj Bell Securities Limited,Decumulation & pensions,316.0,1.14,277.193,thousands of relevant accounts/policies (FCA Context - Provision)
2025H2,Aj Bell Securities Limited,Investments,1140.0,2.09,545.4545,thousands of relevant accounts/policies (FCA Context - Provision)
2025H2,Aldermore Bank PLC,Banking and credit cards,754.0,1.69,446.1538,thousands of relevant accounts/policies (FCA Context - Provision)
2025H2,Aldermore Bank PLC,Home finance,691.0,13.31,51.9159,thousands of relevant accounts/policies (FCA Context - Provision)
2025H2,Allianz Insurance PLC,Insurance & pure protection,2908.0,0.56,5192.8571,thousands of relevant accounts/policies (FCA Context - Provision)
2025H2,American Express Services Europe Limited,Banking and credit cards,14708.0,4.29,3428.4382,thousands of relevant accounts/policies (FCA Context - Provision)
2025H2,American Express Services Europe Limited,Insurance & pure protection,106.0,0.03,3533.3333,thousands of relevant accounts/policies (FCA Context - Provision)
2025H2,American International Group UK Limited,Insurance & pure protection,955.0,0.2,4775.0,thousands of relevant accounts/policies (FCA Context - Provision)
2025H2,Amtrust Specialty Limited,Insurance & pure protection,1976.0,0.36,5488.8889,thousands of relevant accounts/policies (FCA Context - Provision)
2025H2,Antares Insurance Company Limited,Insurance & pure protection,650.0,3.29,197.5684,thousands of relevant accounts/policies (FCA Context - Provision)
2025H2,Arag Legal Expenses Insurance Company Limited,Insurance & pure protection,2976.0,0.31,9600.0,thousands of relevant accounts/policies (FCA Context - Provision)
2025H2,Ascent Performance Group Limited,Banking and credit cards,68.0,10.1,6.7327,thousands of relevant accounts/policies (FCA Context - Provision)
2025H2,Ascent Performance Group Limited,Home finance,446.0,38.9,11.4653,thousands of relevant accounts/policies (FCA Context - Provision)
2025H2,Assurant General Insurance Limited,Insurance & pure protection,6731.0,1.18,5704.2373,thousands of relevant accounts/policies (FCA Context - Provision)
2025H2,Astrenska Insurance Limited,Insurance & pure protection,2862.0,0.52,5503.8462,thousands of relevant accounts/policies (FCA Context - Provision)
2025H2,Asurion Europe Limited,Insurance & pure protection,1566.0,2.24,699.1071,thousands of relevant accounts/policies (FCA Context - Provision)
2025H2,Atlanta Insurance Intermediaries Limited,Insurance & pure protection,8517.0,4.22,2018.2464,thousands of relevant accounts/policies (FCA Context - Provision)
2025H2,Avantia Insurance Limited,Insurance & pure protection,1100.0,3.17,347.0032,thousands of relevant accounts/policies (FCA Context - Provision)
2025H2,Aviva Insurance Limited,Insurance & pure protection,49795.0,2.72,18306.9853,thousands of relevant accounts/policies (FCA Context - Provision)
2025H2,Aviva Life Services UK Limited,Decumulation & pensions,17892.0,2.11,8479.6209,thousands of relevant accounts/policies (FCA Context - Provision)
2025H2,Aviva Life Services UK Limited,Home finance,730.0,7.84,93.1122,thousands of relevant accounts/policies (FCA Context - Provision)
2025H2,Aviva Life Services UK Limited,Insurance & pure protection,4523.0,1.22,3707.377,thousands of relevant accounts/policies (FCA Context - Provision)
2025H2,Aviva Life Services UK Limited,Investments,2986.0,2.88,1036.8056,thousands of relevant accounts/policies (FCA Context - Provision)
2025H2,Aviva Protection UK Limited,Insurance & pure protection,760.0,0.62,1225.8065,thousands of relevant accounts/policies (FCA Context - Provision)
2025H2,Awp Assistance UK LTD,Insurance & pure protection,3144.0,0.63,4990.4762,thousands of relevant accounts/policies (FCA Context - Provision)
2025H2,Awp P&c S.a.,Insurance & pure protection,2042.0,0.41,4980.4878,thousands of relevant accounts/policies (FCA Context - Provision)
2025H2,Axa Insurance Designated Activity Company,Insurance & pure protection,1817.0,7.52,241.6223,thousands of relevant accounts/policies (FCA Context - Provision)
2025H2,Axa Insurance UK PLC,Insurance & pure protection,16052.0,4.77,3365.1992,thousands of relevant accounts/policies (FCA Context - Provision)
2025H2,Axa Ppp Healthcare Limited,Insurance & pure protection,19555.0,12.25,1596.3265,thousands of relevant accounts/policies (FCA Context - Provision)
2025H2,Bank Of Ireland (uk) PLC,Banking and credit cards,1734.0,1.85,937.2973,thousands of relevant accounts/policies (FCA Context - Provision)
2025H2,Bank Of Ireland (uk) PLC,Home finance,881.0,9.88,89.17,thousands of relevant accounts/policies (FCA Context - Provision)
2025H2,Bank Of Scotland PLC,Banking and credit cards,67071.0,1.91,35115.7068,thousands of relevant accounts/policies (FCA Context - Provision)
2025H2,Bank Of Scotland PLC,Decumulation & pensions,13.0,0.1,130.0,thousands of relevant accounts/policies (FCA Context - Provision)
2025H2,Bank Of Scotland PLC,Home finance,12223.0,5.96,2050.8389,thousands of relevant accounts/policies (FCA Context - Provision)
2025H2,Bank Of Scotland PLC,Insurance & pure protection,171.0,0.27,633.3333,thousands of relevant accounts/policies (FCA Context - Provision)
2025H2,Bank Of Scotland PLC,Investments,30.0,0.25,120.0,thousands of relevant accounts/policies (FCA Context - Provision)
2025H2,Barclays Bank PLC,Banking and credit cards,9293.0,7.92,1173.3586,thousands of relevant accounts/policies (FCA Context - Provision)
2025H2,Barclays Bank PLC,Home finance,1.0,1.15,0.8696,thousands of relevant accounts/policies (FCA Context - Provision)
2025H2,Barclays Bank PLC,Investments,1055.0,2.11,500.0,thousands of relevant accounts/policies (FCA Context - Provision)
2025H2,Barclays Bank UK PLC,Banking and credit cards,80470.0,2.01,40034.8259,thousands of relevant accounts/policies (FCA Context - Provision)
2025H2,Barclays Bank UK PLC,Home finance,5356.0,6.01,891.1814,thousands of relevant accounts/policies (FCA Context - Provision)
2025H2,Barclays Bank UK PLC,Insurance & pure protection,148.0,0.68,217.6471,thousands of relevant accounts/policies (FCA Context - Provision)
2025H2,Bisl Limited,Insurance & pure protection,11577.0,5.23,2213.5755,thousands of relevant accounts/policies (FCA Context - Provision)
2025H2,British Gas Services Limited,Insurance & pure protection,49016.0,9.18,5339.4336,thousands of relevant accounts/policies (FCA Context - Provision)
2025H2,Bupa Insurance Services Limited,Insurance & pure protection,28091.0,8.17,3438.3109,thousands of relevant accounts/policies (FCA Context - Provision)
2025H2,Caf Bank Limited,Banking and credit cards,1060.0,40.86,25.9422,thousands of relevant accounts/policies (FCA Context - Provision)
2025H2,Canada Life Limited,Decumulation & pensions,324.0,0.72,450.0,thousands of relevant accounts/policies (FCA Context - Provision)
2025H2,Canada Life Limited,Insurance & pure protection,183.0,0.07,2614.2857,thousands of relevant accounts/policies (FCA Context - Provision)
2025H2,Canada Life Limited,Investments,39.0,2.8,13.9286,thousands of relevant accounts/policies (FCA Context - Provision)
2025H2,Capital One (europe) PLC,Banking and credit cards,30573.0,5.34,5725.2809,thousands of relevant accounts/policies (FCA Context - Provision)
2025H2,Capital One (europe) PLC,Insurance & pure protection,20.0,0.01,2000.0,thousands of relevant accounts/policies (FCA Context - Provision)
2025H2,Car Care Plan Limited,Insurance & pure protection,876.0,1.16,755.1724,thousands of relevant accounts/policies (FCA Context - Provision)
2025H2,Carole Nash Insurance Consultants Limited,Insurance & pure protection,2650.0,5.38,492.5651,thousands of relevant accounts/policies (FCA Context - Provision)
2025H2,Castelan Limited,Insurance & pure protection,742.0,0.36,2061.1111,thousands of relevant accounts/policies (FCA Context - Provision)
2025H2,Casualty & General Insurance Company (europe) LTD,Insurance & pure protection,1027.0,7.22,142.2438,thousands of relevant accounts/policies (FCA Context - Provision)
2025H2,Charter Court Financial Services Limited,Banking and credit cards,753.0,2.69,279.9257,thousands of relevant accounts/policies (FCA Context - Provision)
2025H2,Charter Court Financial Services Limited,Home finance,1081.0,17.79,60.7645,thousands of relevant accounts/policies (FCA Context - Provision)
2025H2,Clearbank Limited,Banking and credit cards,3339.0,0.98,3407.1429,thousands of relevant accounts/policies (FCA Context - Provision)
2025H2,Clydesdale Bank PLC,Banking and credit cards,31993.0,3.77,8486.2069,thousands of relevant accounts/policies (FCA Context - Provision)
2025H2,Clydesdale Bank PLC,Home finance,2174.0,6.82,318.7683,thousands of relevant accounts/policies (FCA Context - Provision)
2025H2,Clydesdale Bank PLC,Insurance & pure protection,15.0,0.19,78.9474,thousands of relevant accounts/policies (FCA Context - Provision)
2025H2,Cofunds Limited,Decumulation & pensions,87.0,4.28,20.3271,thousands of relevant accounts/policies (FCA Context - Provision)
2025H2,Cofunds Limited,Investments,685.0,0.92,744.5652,thousands of relevant accounts/policies (FCA Context - Provision)
2025H2,Complete Cover Group LTD,Insurance & pure protection,560.0,17.64,31.746,thousands of relevant accounts/policies (FCA Context - Provision)
2025H2,Countrywide Assured PLC,Decumulation & pensions,462.0,4.22,109.4787,thousands of relevant accounts/policies (FCA Context - Provision)
2025H2,Countrywide Assured PLC,Insurance & pure protection,253.0,2.39,105.8577,thousands of relevant accounts/policies (FCA Context - Provision)
2025H2,Countrywide Assured PLC,Investments,72.0,4.85,14.8454,thousands of relevant accounts/policies (FCA Context - Provision)
2025H2,Coutts & Company,Banking and credit cards,1603.0,5.45,294.1284,thousands of relevant accounts/policies (FCA Context - Provision)
2025H2,Coutts & Company,Decumulation & pensions,23.0,4.84,4.7521,thousands of relevant accounts/policies (FCA Context - Provision)
2025H2,Coutts & Company,Home finance,107.0,9.46,11.3108,thousands of relevant accounts/policies (FCA Context - Provision)
2025H2,Coutts & Company,Insurance & pure protection,13.0,0.84,15.4762,thousands of relevant accounts/policies (FCA Context - Provision)
2025H2,Coutts & Company,Investments,99.0,1.93,51.2953,thousands of relevant accounts/policies (FCA Context - Provision)
2025H2,Covea Insurance PLC,Insurance & pure protection,2497.0,1.79,1394.9721,thousands of relevant accounts/policies (FCA Context - Provision)
2025H2,Coventry Building Society,Banking and credit cards,3403.0,1.28,2658.5938,thousands of relevant accounts/policies (FCA Context - Provision)
2025H2,Coventry Building Society,Home finance,740.0,2.1,352.381,thousands of relevant accounts/policies (FCA Context - Provision)
2025H2,Creation Consumer Finance Limited,Banking and credit cards,10537.0,4.04,2608.1683,thousands of relevant accounts/policies (FCA Context - Provision)
2025H2,Cynergy Bank PLC,Banking and credit cards,695.0,3.47,200.2882,thousands of relevant accounts/policies (FCA Context - Provision)
2025H2,Cynergy Bank PLC,Home finance,6.0,5.24,1.145,thousands of relevant accounts/policies (FCA Context - Provision)
2025H2,Domestic & General Insurance PLC,Insurance & pure protection,56025.0,4.57,12259.2998,thousands of relevant accounts/policies (FCA Context - Provision)
2025H2,Ebs Pensions Limited,Decumulation & pensions,1176.0,34.21,34.3759,thousands of relevant accounts/policies (FCA Context - Provision)
2025H2,Elderbridge Limited,Home finance,758.0,49.51,15.31,thousands of relevant accounts/policies (FCA Context - Provision)
2025H2,Embark Investment Services Limited,Decumulation & pensions,419.0,3.35,125.0746,thousands of relevant accounts/policies (FCA Context - Provision)
2025H2,Embark Investment Services Limited,Investments,340.0,1.36,250.0,thousands of relevant accounts/policies (FCA Context - Provision)
2025H2,Embark Services Limited,Decumulation & pensions,730.0,14.23,51.3001,thousands of relevant accounts/policies (FCA Context - Provision)
2025H2,Equiniti Financial Services Limited,Decumulation & pensions,11.0,24.83,0.443,thousands of relevant accounts/policies (FCA Context - Provision)
2025H2,Equiniti Financial Services Limited,Investments,2864.0,0.48,5966.6667,thousands of relevant accounts/policies (FCA Context - Provision)
2025H2,Ergo Travel Insurance Services LTD,Insurance & pure protection,4524.0,4.01,1128.1796,thousands of relevant accounts/policies (FCA Context - Provision)
2025H2,Esure Insurance Limited,Insurance & pure protection,11352.0,2.62,4332.8244,thousands of relevant accounts/policies (FCA Context - Provision)
2025H2,Etoro (uk) Limited,Investments,504.0,1.72,293.0233,thousands of relevant accounts/policies (FCA Context - Provision)
2025H2,Eui Limited,Insurance & pure protection,60221.0,3.47,17354.755,thousands of relevant accounts/policies (FCA Context - Provision)
2025H2,Eversure Limited,Insurance & pure protection,612.0,1.31,467.1756,thousands of relevant accounts/policies (FCA Context - Provision)
2025H2,Evolution Insurance Company Limited,Insurance & pure protection,582.0,0.81,718.5185,thousands of relevant accounts/policies (FCA Context - Provision)
2025H2,Exeter Friendly Society Limited,Insurance & pure protection,1050.0,6.93,151.5152,thousands of relevant accounts/policies (FCA Context - Provision)
2025H2,Extracover Limited,Insurance & pure protection,1114.0,0.16,6962.5,thousands of relevant accounts/policies (FCA Context - Provision)
2025H2,Fil Life Insurance Limited,Decumulation & pensions,517.0,1.28,403.9062,thousands of relevant accounts/policies (FCA Context - Provision)
2025H2,Financial Administration Services Limited,Decumulation & pensions,720.0,3.5,205.7143,thousands of relevant accounts/policies (FCA Context - Provision)
2025H2,Financial Administration Services Limited,Investments,1308.0,1.37,954.7445,thousands of relevant accounts/policies (FCA Context - Provision)
2025H2,First Central Insurance Management Limited,Insurance & pure protection,8797.0,6.26,1405.2716,thousands of relevant accounts/policies (FCA Context - Provision)
2025H2,Forester Life Limited,Decumulation & pensions,20.0,1.4,14.2857,thousands of relevant accounts/policies (FCA Context - Provision)
2025H2,Forester Life Limited,Insurance & pure protection,42.0,0.98,42.8571,thousands of relevant accounts/policies (FCA Context - Provision)
2025H2,Forester Life Limited,Investments,482.0,0.49,983.6735,thousands of relevant accounts/policies (FCA Context - Provision)
2025H2,Fortegra Europe Insurance Company LTD,Insurance & pure protection,3792.0,1.1,3447.2727,thousands of relevant accounts/policies (FCA Context - Provision)
2025H2,HSBC UK Bank PLC,Banking and credit cards,75064.0,2.57,29207.7821,thousands of relevant accounts/policies (FCA Context - Provision)
2025H2,HSBC UK Bank PLC,Decumulation & pensions,66.0,0.2,330.0,thousands of relevant accounts/policies (FCA Context - Provision)
2025H2,HSBC UK Bank PLC,Home finance,5047.0,5.14,981.9066,thousands of relevant accounts/policies (FCA Context - Provision)
2025H2,HSBC UK Bank PLC,Insurance & pure protection,417.0,0.05,8340.0,thousands of relevant accounts/policies (FCA Context - Provision)
2025H2,HSBC UK Bank PLC,Investments,909.0,0.76,1196.0526,thousands of relevant accounts/policies (FCA Context - Provision)
2025H2,Halifax Share Dealing Limited,Decumulation & pensions,41.0,6.53,6.2787,thousands of relevant accounts/policies (FCA Context - Provision)
2025H2,Halifax Share Dealing Limited,Investments,500.0,0.73,684.9315,thousands of relevant accounts/policies (FCA Context - Provision)
2025H2,Hargreaves Lansdown Asset Management Limited,Decumulation & pensions,2262.0,2.51,901.1952,thousands of relevant accounts/policies (FCA Context - Provision)
2025H2,Hargreaves Lansdown Asset Management Limited,Investments,4759.0,1.33,3578.1955,thousands of relevant accounts/policies (FCA Context - Provision)
2025H2,Hbos Investment Fund Managers Limited,Investments,673.0,2.48,271.371,thousands of relevant accounts/policies (FCA Context - Provision)
2025H2,Helvetia Global Solutions LTD,Insurance & pure protection,965.0,0.45,2144.4444,thousands of relevant accounts/policies (FCA Context - Provision)
2025H2,Highway Insurance Company Limited,Insurance & pure protection,611.0,0.86,710.4651,thousands of relevant accounts/policies (FCA Context - Provision)
2025H2,Home Retail Group Card Services Limited,Banking and credit cards,3824.0,1.27,3011.0236,thousands of relevant accounts/policies (FCA Context - Provision)
2025H2,Hood Travel Limited,Insurance & pure protection,711.0,1.81,392.8177,thousands of relevant accounts/policies (FCA Context - Provision)
2025H2,Howserv Limited,Insurance & pure protection,3281.0,4.27,768.3841,thousands of relevant accounts/policies (FCA Context - Provision)
2025H2,I Go 4 Ltd.,Insurance & pure protection,958.0,2.78,344.6043,thousands of relevant accounts/policies (FCA Context - Provision)
2025H2,Ikano Bank Ab (publ),Banking and credit cards,879.0,3.53,249.0085,thousands of relevant accounts/policies (FCA Context - Provision)
2025H2,Insurance Factory Limited,Insurance & pure protection,1266.0,3.98,318.0905,thousands of relevant accounts/policies (FCA Context - Provision)
2025H2,Intact Insurance UK Limited,Insurance & pure protection,5765.0,2.01,2868.1592,thousands of relevant accounts/policies (FCA Context - Provision)
2025H2,Inter Partner Assistance Sa,Insurance & pure protection,8125.0,1.45,5603.4483,thousands of relevant accounts/policies (FCA Context - Provision)
2025H2,Interactive Brokers (u.k.) Limited,Investments,1116.0,2.32,481.0345,thousands of relevant accounts/policies (FCA Context - Provision)
2025H2,Interactive Investor Services Limited,Decumulation & pensions,265.0,2.38,111.3445,thousands of relevant accounts/policies (FCA Context - Provision)
2025H2,Interactive Investor Services Limited,Investments,2491.0,2.7,922.5926,thousands of relevant accounts/policies (FCA Context - Provision)
2025H2,J.p. Morgan Europe Limited,Banking and credit cards,8343.0,0.97,8601.0309,thousands of relevant accounts/policies (FCA Context - Provision)
2025H2,J.p. Morgan Personal Investing Limited,Decumulation & pensions,278.0,10.76,25.8364,thousands of relevant accounts/policies (FCA Context - Provision)
2025H2,J.p. Morgan Personal Investing Limited,Investments,848.0,2.75,308.3636,thousands of relevant accounts/policies (FCA Context - Provision)
2025H2,James Hay Administration Company Limited,Decumulation & pensions,764.0,15.17,50.3626,thousands of relevant accounts/policies (FCA Context - Provision)
2025H2,Kensington Mortgage Company Limited,Home finance,1029.0,16.75,61.4328,thousands of relevant accounts/policies (FCA Context - Provision)
2025H2,Leeds Building Society,Banking and credit cards,1735.0,1.69,1026.6272,thousands of relevant accounts/policies (FCA Context - Provision)
2025H2,Leeds Building Society,Home finance,910.0,4.42,205.8824,thousands of relevant accounts/policies (FCA Context - Provision)
2025H2,Legal And General Assurance Society Limited,Decumulation & pensions,1519.0,1.3,1168.4615,thousands of relevant accounts/policies (FCA Context - Provision)
2025H2,Legal And General Assurance Society Limited,Insurance & pure protection,2895.0,0.66,4386.3636,thousands of relevant accounts/policies (FCA Context - Provision)
2025H2,Lexham Insurance Consultants Limited,Insurance & pure protection,583.0,6.01,97.005,thousands of relevant accounts/policies (FCA Context - Provision)
2025H2,Liverpool Victoria Financial Services Limited,Decumulation & pensions,421.0,2.55,165.098,thousands of relevant accounts/policies (FCA Context - Provision)
2025H2,Liverpool Victoria Financial Services Limited,Insurance & pure protection,1248.0,1.31,952.6718,thousands of relevant accounts/policies (FCA Context - Provision)
2025H2,Liverpool Victoria Financial Services Limited,Investments,159.0,3.86,41.1917,thousands of relevant accounts/policies (FCA Context - Provision)
2025H2,Liverpool Victoria Insurance Company Limited,Insurance & pure protection,12025.0,2.87,4189.8955,thousands of relevant accounts/policies (FCA Context - Provision)
2025H2,Lloyds Bank General Insurance Limited,Insurance & pure protection,5683.0,2.17,2618.894,thousands of relevant accounts/policies (FCA Context - Provision)
2025H2,Lloyds Bank PLC,Banking and credit cards,87894.0,2.37,37086.0759,thousands of relevant accounts/policies (FCA Context - Provision)
2025H2,Lloyds Bank PLC,Decumulation & pensions,50.0,0.29,172.4138,thousands of relevant accounts/policies (FCA Context - Provision)
2025H2,Lloyds Bank PLC,Home finance,2575.0,7.48,344.2513,thousands of relevant accounts/policies (FCA Context - Provision)
2025H2,Lloyds Bank PLC,Insurance & pure protection,293.0,0.45,651.1111,thousands of relevant accounts/policies (FCA Context - Provision)
2025H2,Lloyds Bank PLC,Investments,25.0,0.09,277.7778,thousands of relevant accounts/policies (FCA Context - Provision)
2025H2,MBNA Limited,Banking and credit cards,8774.0,3.21,2733.3333,thousands of relevant accounts/policies (FCA Context - Provision)
2025H2,Manypets LTD,Insurance & pure protection,3134.0,8.36,374.8804,thousands of relevant accounts/policies (FCA Context - Provision)
2025H2,Marks And Spencer Financial Services PLC,Banking and credit cards,5169.0,2.01,2571.6418,thousands of relevant accounts/policies (FCA Context - Provision)
2025H2,Marks And Spencer Financial Services PLC,Insurance & pure protection,95.0,0.13,730.7692,thousands of relevant accounts/policies (FCA Context - Provision)
2025H2,Marshmallow Financial Services LTD,Insurance & pure protection,4208.0,17.51,240.3198,thousands of relevant accounts/policies (FCA Context - Provision)
2025H2,Metlife Europe D.a.c.,Insurance & pure protection,1126.0,2.38,473.1092,thousands of relevant accounts/policies (FCA Context - Provision)
2025H2,Metro Bank PLC,Banking and credit cards,11111.0,3.99,2784.7118,thousands of relevant accounts/policies (FCA Context - Provision)
2025H2,Metro Bank PLC,Home finance,133.0,7.38,18.0217,thousands of relevant accounts/policies (FCA Context - Provision)
2025H2,Millennium Insurance Company Limited,Insurance & pure protection,542.0,0.98,553.0612,thousands of relevant accounts/policies (FCA Context - Provision)
2025H2,Monzo Bank LTD,Banking and credit cards,49247.0,2.07,23790.8213,thousands of relevant accounts/policies (FCA Context - Provision)
2025H2,Monzo Bank LTD,Decumulation & pensions,46.0,0.98,46.9388,thousands of relevant accounts/policies (FCA Context - Provision)
2025H2,Monzo Bank LTD,Investments,251.0,0.37,678.3784,thousands of relevant accounts/policies (FCA Context - Provision)
2025H2,Munich Re Digital Partners Limited,Insurance & pure protection,5012.0,53.54,93.6123,thousands of relevant accounts/policies (FCA Context - Provision)
2025H2,National House-building Council,Insurance & pure protection,745.0,0.51,1460.7843,thousands of relevant accounts/policies (FCA Context - Provision)
2025H2,National Westminster Bank Public Limited Company,Banking and credit cards,90819.0,2.9,31316.8966,thousands of relevant accounts/policies (FCA Context - Provision)
2025H2,National Westminster Bank Public Limited Company,Decumulation & pensions,41.0,2.96,13.8514,thousands of relevant accounts/policies (FCA Context - Provision)
2025H2,National Westminster Bank Public Limited Company,Home finance,6123.0,5.3,1155.283,thousands of relevant accounts/policies (FCA Context - Provision)
2025H2,National Westminster Bank Public Limited Company,Investments,451.0,1.85,243.7838,thousands of relevant accounts/policies (FCA Context - Provision)
2025H2,Nationwide Building Society,Banking and credit cards,63947.0,1.94,32962.3711,thousands of relevant accounts/policies (FCA Context - Provision)
2025H2,Nationwide Building Society,Home finance,5263.0,3.24,1624.3827,thousands of relevant accounts/policies (FCA Context - Provision)
2025H2,Newcastle Building Society,Banking and credit cards,485.0,1.22,397.541,thousands of relevant accounts/policies (FCA Context - Provision)
2025H2,Newcastle Building Society,Home finance,222.0,5.6,39.6429,thousands of relevant accounts/policies (FCA Context - Provision)
2025H2,Northern Bank Limited,Banking and credit cards,1361.0,1.4,972.1429,thousands of relevant accounts/policies (FCA Context - Provision)
2025H2,Northern Bank Limited,Home finance,85.0,2.29,37.1179,thousands of relevant accounts/policies (FCA Context - Provision)
2025H2,Octopus Money Unit Trust Managers Limited,Decumulation & pensions,241.0,3.69,65.3117,thousands of relevant accounts/policies (FCA Context - Provision)
2025H2,Octopus Money Unit Trust Managers Limited,Investments,381.0,4.64,82.1121,thousands of relevant accounts/policies (FCA Context - Provision)
2025H2,One Call Insurance Services Limited,Insurance & pure protection,2980.0,1.7,1752.9412,thousands of relevant accounts/policies (FCA Context - Provision)
2025H2,One Sure Insurance Limited,Insurance & pure protection,770.0,9.11,84.5225,thousands of relevant accounts/policies (FCA Context - Provision)
2025H2,Onesavings Bank PLC,Banking and credit cards,1331.0,2.8,475.3571,thousands of relevant accounts/policies (FCA Context - Provision)
2025H2,Onesavings Bank PLC,Home finance,961.0,16.39,58.6333,thousands of relevant accounts/policies (FCA Context - Provision)
2025H2,Ovo Home Services LTD,Insurance & pure protection,1953.0,8.3,235.3012,thousands of relevant accounts/policies (FCA Context - Provision)
2025H2,Paragon Bank PLC,Banking and credit cards,772.0,1.75,441.1429,thousands of relevant accounts/policies (FCA Context - Provision)
2025H2,Paragon Bank PLC,Home finance,230.0,2.97,77.4411,thousands of relevant accounts/policies (FCA Context - Provision)
2025H2,People's Administration Services Limited,Decumulation & pensions,2731.0,0.36,7586.1111,thousands of relevant accounts/policies (FCA Context - Provision)
2025H2,Pepper (uk) Limited,Home finance,723.0,32.71,22.1033,thousands of relevant accounts/policies (FCA Context - Provision)
2025H2,Phoenix Life Ca Limited,Decumulation & pensions,578.0,1.91,302.6178,thousands of relevant accounts/policies (FCA Context - Provision)
2025H2,Phoenix Life Ca Limited,Insurance & pure protection,269.0,4.98,54.0161,thousands of relevant accounts/policies (FCA Context - Provision)
2025H2,Phoenix Life Ca Limited,Investments,45.0,6.79,6.6274,thousands of relevant accounts/policies (FCA Context - Provision)
2025H2,Phoenix Life Limited,Decumulation & pensions,12980.0,2.18,5954.1284,thousands of relevant accounts/policies (FCA Context - Provision)
2025H2,Phoenix Life Limited,Home finance,7.0,51.09,0.137,thousands of relevant accounts/policies (FCA Context - Provision)
2025H2,Phoenix Life Limited,Insurance & pure protection,3303.0,1.81,1824.8619,thousands of relevant accounts/policies (FCA Context - Provision)
2025H2,Phoenix Life Limited,Investments,796.0,3.93,202.5445,thousands of relevant accounts/policies (FCA Context - Provision)
2025H2,Pinnacle Insurance Limited,Insurance & pure protection,3405.0,3.44,989.8256,thousands of relevant accounts/policies (FCA Context - Provision)
2025H2,Principality Building Society,Banking and credit cards,673.0,0.9,747.7778,thousands of relevant accounts/policies (FCA Context - Provision)
2025H2,Principality Building Society,Home finance,384.0,3.87,99.2248,thousands of relevant accounts/policies (FCA Context - Provision)
2025H2,Qbe UK Limited,Insurance & pure protection,910.0,4.73,192.389,thousands of relevant accounts/policies (FCA Context - Provision)
2025H2,Quilter Investment Platform Limited,Investments,516.0,1.38,373.913,thousands of relevant accounts/policies (FCA Context - Provision)
2025H2,Quilter Life & Pensions Limited,Decumulation & pensions,853.0,3.09,276.0518,thousands of relevant accounts/policies (FCA Context - Provision)
2025H2,Quilter Life & Pensions Limited,Investments,223.0,4.04,55.198,thousands of relevant accounts/policies (FCA Context - Provision)
2025H2,RBS Collective Investment Funds Limited,Investments,1342.0,2.56,524.2188,thousands of relevant accounts/policies (FCA Context - Provision)
2025H2,Rac Financial Services Limited,Insurance & pure protection,9491.0,0.77,12325.974,thousands of relevant accounts/policies (FCA Context - Provision)
2025H2,Reassure Life Limited,Decumulation & pensions,166.0,3.64,45.6044,thousands of relevant accounts/policies (FCA Context - Provision)
2025H2,Reassure Life Limited,Insurance & pure protection,315.0,7.49,42.0561,thousands of relevant accounts/policies (FCA Context - Provision)
2025H2,Reassure Life Limited,Investments,182.0,8.13,22.3862,thousands of relevant accounts/policies (FCA Context - Provision)
2025H2,Reassure Limited,Decumulation & pensions,3410.0,2.1,1623.8095,thousands of relevant accounts/policies (FCA Context - Provision)
2025H2,Reassure Limited,Insurance & pure protection,557.0,2.8,198.9286,thousands of relevant accounts/policies (FCA Context - Provision)
2025H2,Reassure Limited,Investments,496.0,3.53,140.5099,thousands of relevant accounts/policies (FCA Context - Provision)
2025H2,Rothesay Life PLC,Decumulation & pensions,553.0,1.07,516.8224,thousands of relevant accounts/policies (FCA Context - Provision)
2025H2,"Royal London Mutual Insurance Society, Limited (the)",Decumulation & pensions,5817.0,1.57,3705.0955,thousands of relevant accounts/policies (FCA Context - Provision)
2025H2,"Royal London Mutual Insurance Society, Limited (the)",Insurance & pure protection,2362.0,0.65,3633.8462,thousands of relevant accounts/policies (FCA Context - Provision)
2025H2,"Royal London Mutual Insurance Society, Limited (the)",Investments,235.0,0.36,652.7778,thousands of relevant accounts/policies (FCA Context - Provision)
2025H2,Sabre Insurance Company Limited,Insurance & pure protection,644.0,2.59,248.6486,thousands of relevant accounts/policies (FCA Context - Provision)
2025H2,Saga Services Limited,Insurance & pure protection,7519.0,5.85,1285.2991,thousands of relevant accounts/policies (FCA Context - Provision)
2025H2,Sainsbury's Bank PLC,Banking and credit cards,1108.0,1.11,998.1982,thousands of relevant accounts/policies (FCA Context - Provision)
2025H2,Sainsbury's Bank PLC,Insurance & pure protection,494.0,1.78,277.5281,thousands of relevant accounts/policies (FCA Context - Provision)
2025H2,Santander UK PLC,Banking and credit cards,60432.0,2.45,24666.1224,thousands of relevant accounts/policies (FCA Context - Provision)
2025H2,Santander UK PLC,Home finance,4106.0,4.2,977.619,thousands of relevant accounts/policies (FCA Context - Provision)
2025H2,Santander UK PLC,Insurance & pure protection,95.0,0.27,351.8519,thousands of relevant accounts/policies (FCA Context - Provision)
2025H2,Santander UK PLC,Investments,92.0,0.42,219.0476,thousands of relevant accounts/policies (FCA Context - Provision)
2025H2,Scottish Equitable PLC,Decumulation & pensions,5241.0,1.65,3176.3636,thousands of relevant accounts/policies (FCA Context - Provision)
2025H2,Scottish Equitable PLC,Insurance & pure protection,11.0,2.88,3.8194,thousands of relevant accounts/policies (FCA Context - Provision)
2025H2,Scottish Equitable PLC,Investments,168.0,10.82,15.5268,thousands of relevant accounts/policies (FCA Context - Provision)
2025H2,Scottish Friendly Assurance Society Limited,Decumulation & pensions,268.0,3.14,85.3503,thousands of relevant accounts/policies (FCA Context - Provision)
2025H2,Scottish Friendly Assurance Society Limited,Insurance & pure protection,353.0,0.35,1008.5714,thousands of relevant accounts/policies (FCA Context - Provision)
2025H2,Scottish Friendly Assurance Society Limited,Investments,364.0,1.86,195.6989,thousands of relevant accounts/policies (FCA Context - Provision)
2025H2,Scottish Widows Limited,Decumulation & pensions,5592.0,1.06,5275.4717,thousands of relevant accounts/policies (FCA Context - Provision)
2025H2,Scottish Widows Limited,Insurance & pure protection,1007.0,0.87,1157.4713,thousands of relevant accounts/policies (FCA Context - Provision)
2025H2,Scottish Widows Limited,Investments,1163.0,6.62,175.6798,thousands of relevant accounts/policies (FCA Context - Provision)
2025H2,Shawbrook Bank Limited,Banking and credit cards,882.0,2.04,432.3529,thousands of relevant accounts/policies (FCA Context - Provision)
2025H2,Shawbrook Bank Limited,Home finance,398.0,18.03,22.0743,thousands of relevant accounts/policies (FCA Context - Provision)
2025H2,Simplyhealth Access,Insurance & pure protection,2101.0,0.96,2188.5417,thousands of relevant accounts/policies (FCA Context - Provision)
2025H2,Skipton Building Society,Banking and credit cards,3820.0,2.45,1559.1837,thousands of relevant accounts/policies (FCA Context - Provision)
2025H2,Skipton Building Society,Home finance,704.0,3.32,212.0482,thousands of relevant accounts/policies (FCA Context - Provision)
2025H2,Society Of Lloyd's,Insurance & pure protection,5669.0,0.65,8721.5385,thousands of relevant accounts/policies (FCA Context - Provision)
2025H2,St. James's Place UK PLC,Decumulation & pensions,601.0,0.94,639.3617,thousands of relevant accounts/policies (FCA Context - Provision)
2025H2,St. James's Place UK PLC,Insurance & pure protection,3.0,0.35,8.5714,thousands of relevant accounts/policies (FCA Context - Provision)
2025H2,St. James's Place UK PLC,Investments,236.0,1.27,185.8268,thousands of relevant accounts/policies (FCA Context - Provision)
2025H2,Starling Bank Limited,Banking and credit cards,17323.0,3.62,4785.3591,thousands of relevant accounts/policies (FCA Context - Provision)
2025H2,Starr International (europe) Limited,Insurance & pure protection,1075.0,3.38,318.0473,thousands of relevant accounts/policies (FCA Context - Provision)
2025H2,Swift 1st Limited,Home finance,636.0,108.48,5.8628,thousands of relevant accounts/policies (FCA Context - Provision)
2025H2,TSB Bank PLC,Banking and credit cards,32154.0,3.48,9239.6552,thousands of relevant accounts/policies (FCA Context - Provision)
2025H2,TSB Bank PLC,Home finance,1523.0,6.36,239.4654,thousands of relevant accounts/policies (FCA Context - Provision)
2025H2,Telefonica Seguros Y Reaseguros Compania Aseguradora S.a.u.,Insurance & pure protection,2771.0,4.14,669.3237,thousands of relevant accounts/policies (FCA Context - Provision)
2025H2,Tesco Personal Finance Limited,Insurance & pure protection,4861.0,2.88,1687.8472,thousands of relevant accounts/policies (FCA Context - Provision)
2025H2,Tesco Underwriting Limited,Insurance & pure protection,2672.0,1.43,1868.5315,thousands of relevant accounts/policies (FCA Context - Provision)
2025H2,The Co-operative Bank P.l.c.,Banking and credit cards,8554.0,2.48,3449.1935,thousands of relevant accounts/policies (FCA Context - Provision)
2025H2,The Co-operative Bank P.l.c.,Home finance,1067.0,7.99,133.5419,thousands of relevant accounts/policies (FCA Context - Provision)
2025H2,The Mortgage Works (uk) PLC,Home finance,1481.0,5.18,285.9073,thousands of relevant accounts/policies (FCA Context - Provision)
2025H2,The National Farmers' Union Mutual Insurance Society Limited,Decumulation & pensions,74.0,0.71,104.2254,thousands of relevant accounts/policies (FCA Context - Provision)
2025H2,The National Farmers' Union Mutual Insurance Society Limited,Insurance & pure protection,4939.0,2.9,1703.1034,thousands of relevant accounts/policies (FCA Context - Provision)
2025H2,The National Farmers' Union Mutual Insurance Society Limited,Investments,63.0,0.98,64.2857,thousands of relevant accounts/policies (FCA Context - Provision)
2025H2,The Prudential Assurance Company Limited,Decumulation & pensions,6508.0,2.84,2291.5493,thousands of relevant accounts/policies (FCA Context - Provision)
2025H2,The Prudential Assurance Company Limited,Home finance,34.0,5.01,6.7864,thousands of relevant accounts/policies (FCA Context - Provision)
2025H2,The Prudential Assurance Company Limited,Insurance & pure protection,750.0,0.49,1530.6122,thousands of relevant accounts/policies (FCA Context - Provision)
2025H2,The Prudential Assurance Company Limited,Investments,2600.0,4.27,608.8993,thousands of relevant accounts/policies (FCA Context - Provision)
2025H2,The Royal Bank Of Scotland PLC,Banking and credit cards,18544.0,2.83,6552.6502,thousands of relevant accounts/policies (FCA Context - Provision)
2025H2,The Royal Bank Of Scotland PLC,Decumulation & pensions,6.0,1.49,4.0268,thousands of relevant accounts/policies (FCA Context - Provision)
2025H2,The Royal Bank Of Scotland PLC,Home finance,1206.0,10.62,113.5593,thousands of relevant accounts/policies (FCA Context - Provision)
2025H2,The Royal Bank Of Scotland PLC,Investments,102.0,1.62,62.963,thousands of relevant accounts/policies (FCA Context - Provision)
2025H2,Topaz Finance Limited,Home finance,3173.0,24.13,131.4961,thousands of relevant accounts/policies (FCA Context - Provision)
2025H2,Tradex Insurance Company PLC,Insurance & pure protection,3950.0,1.99,1984.9246,thousands of relevant accounts/policies (FCA Context - Provision)
2025H2,Trading 212 UK Limited,Banking and credit cards,513.0,0.57,900.0,thousands of relevant accounts/policies (FCA Context - Provision)
2025H2,Trading 212 UK Limited,Investments,1691.0,0.53,3190.566,thousands of relevant accounts/policies (FCA Context - Provision)
2025H2,U K Insurance Limited,Insurance & pure protection,37282.0,4.54,8211.8943,thousands of relevant accounts/policies (FCA Context - Provision)
2025H2,U.s. Bank Europe Dac,Banking and credit cards,1747.0,22.25,78.5169,thousands of relevant accounts/policies (FCA Context - Provision)
2025H2,UK Mortgage Lending LTD,Home finance,682.0,12.16,56.0855,thousands of relevant accounts/policies (FCA Context - Provision)
2025H2,Ubs Ag,Banking and credit cards,66.0,4.54,14.5374,thousands of relevant accounts/policies (FCA Context - Provision)
2025H2,Ubs Ag,Home finance,14.0,30.11,0.465,thousands of relevant accounts/policies (FCA Context - Provision)
2025H2,Ubs Ag,Investments,462.0,7.34,62.9428,thousands of relevant accounts/policies (FCA Context - Provision)
2025H2,Utility Warehouse Limited,Insurance & pure protection,2188.0,11.93,183.4032,thousands of relevant accounts/policies (FCA Context - Provision)
2025H2,"Vanguard Asset Management, Ltd.",Decumulation & pensions,569.0,3.23,176.161,thousands of relevant accounts/policies (FCA Context - Provision)
2025H2,"Vanguard Asset Management, Ltd.",Investments,1075.0,1.25,860.0,thousands of relevant accounts/policies (FCA Context - Provision)
2025H2,Vanquis Bank Limited,Banking and credit cards,18304.0,12.95,1413.4363,thousands of relevant accounts/policies (FCA Context - Provision)
2025H2,Vodafone Limited,Insurance & pure protection,252.0,0.75,336.0,thousands of relevant accounts/policies (FCA Context - Provision)
2025H2,Wesleyan Assurance Society,Decumulation & pensions,440.0,5.49,80.1457,thousands of relevant accounts/policies (FCA Context - Provision)
2025H2,Wesleyan Assurance Society,Insurance & pure protection,87.0,0.12,725.0,thousands of relevant accounts/policies (FCA Context - Provision)
2025H2,Wesleyan Assurance Society,Investments,217.0,3.67,59.1281,thousands of relevant accounts/policies (FCA Context - Provision)
2025H2,Yorkshire Building Society,Banking and credit cards,1832.0,0.52,3523.0769,thousands of relevant accounts/policies (FCA Context - Provision)
2025H2,Yorkshire Building Society,Home finance,532.0,8.21,64.799,thousands of relevant accounts/policies (FCA Context - Provision)
2025H2,Yorkshire Building Society,Insurance & pure protection,9.0,0.25,36.0,thousands of relevant accounts/policies (FCA Context - Provision)
2025H2,Zempler Bank Limited,Banking and credit cards,1519.0,3.05,498.0328,thousands of relevant accounts/policies (FCA Context - Provision)
2025H2,Zopa Bank Limited,Banking and credit cards,6387.0,4.51,1416.1863,thousands of relevant accounts/policies (FCA Context - Provision)
2025H2,Zopa Bank Limited,Investments,4.0,1.94,2.0619,thousands of relevant accounts/policies (FCA Context - Provision)
2025H2,Zurich Assurance LTD,Decumulation & pensions,764.0,2.76,276.8116,thousands of relevant accounts/policies (FCA Context - Provision)
2025H2,Zurich Assurance LTD,Insurance & pure protection,1851.0,0.6,3085.0,thousands of relevant accounts/policies (FCA Context - Provision)
2025H2,Zurich Assurance LTD,Investments,278.0,4.14,67.1498,thousands of relevant accounts/policies (FCA Context - Provision)
2025H2,Zurich Insurance Company LTD,Insurance & pure protection,3407.0,0.88,3871.5909,thousands of relevant accounts/policies (FCA Context - Provision)
